path,class_name,valid,width,height,mode,sha256
C:\Users\koush\OneDrive\Documents\archive (4)\Dataset\Extrovert\EX_1.jpg,Extrovert,True,2397,827,RGB,603c3d65056c38838b9ebc6a82771356f3bb55511c3ae44d29e6690f73b927b1
C:\Users\koush\OneDrive\Documents\archive (4)\Dataset\Extrovert\EX_10.jpg,Extrovert,True,1075,280,RGB,6a85ccc4336e83b535a46283180f2b31e1f43c9ac292ebdcaef627a52d1a7f8e
C:\Users\koush\OneDrive\Documents\archive (4)\Dataset\Extrovert\EX_100.jpg,Extrovert,True,2397,398,RGB,cfccff98029c7f965725b909504983c2c65e6920fc60f0c2bfca5916adf3773b
C:\Users\koush\OneDrive\Documents\archive (4)\Dataset\Extrovert\EX_101.jpg,Extrovert,True,2708,738,RGB,87b3f34e233e4823a409e78cd12e9a3bbf415a6ff57e08cdb0b7ccf0422d020d
C:\Users\koush\OneDrive\Documents\archive (4)\Dataset\Extrovert\EX_102.jpg,Extrovert,True,1504,715,RGB,fad5b9257d5d4f939eb1fdd0c7048123a7c1d55111a746b2042213cab8381255
C:\Users\koush\OneDrive\Documents\archive (4)\Dataset\Extrovert\EX_103.jpg,Extrovert,True,1676,381,RGB,c626eacbdc20607f1240d411ce3cf5044a633b462e1f315c8de6b4d5e1f40425
C:\Users\koush\OneDrive\Documents\archive (4)\Dataset\Extrovert\EX_104.jpg,Extrovert,True,1838,544,RGB,87a1511b53de3fb8cab7b174efaccdfc5f3609f4ce774c975cb62e3d4e3dd853
C:\Users\koush\OneDrive\Documents\archive (4)\Dataset\Extrovert\EX_105.jpg,Extrovert,True,1155,555,RGB,aa9292eda64da5b52f53bc5d98feaa7449d2b1b33ba5edd4fecf59bd383dbdd9
C:\Users\koush\OneDrive\Documents\archive (4)\Dataset\Extrovert\EX_106.jpg,Extrovert,True,1904,488,RGB,d5242ca5f2d6b7699abe0399b5ab5afee06c920126b563dd7014ebfab8439ed9
C:\Users\koush\OneDrive\Documents\archive (4)\Dataset\Extrovert\EX_107.jpg,Extrovert,True,1611,464,RGB,d5742def1681d7c44ed92e2bcffa963c487a0df5d13f51a13ea2466fd322218e
C:\Users\koush\OneDrive\Documents\archive (4)\Dataset\Extrovert\EX_108.jpg,Extrovert,True,1387,737,RGB,480c652292cd279b50d44b070b783dc497cb5a8d236085af9030c5f26a8d406a
C:\Users\koush\OneDrive\Documents\archive (4)\Dataset\Extrovert\EX_109.jpg,Extrovert,True,2201,459,RGB,ac7d72d144d3c00c647ca855685b73c6af5025e20bfc3470d91d6292662cfa02
C:\Users\koush\OneDrive\Documents\archive (4)\Dataset\Extrovert\EX_11.jpg,Extrovert,True,1237,509,RGB,73d821cc8d735b379261bba78dddd246039ea169812fd7ec189d563ce746b604
C:\Users\koush\OneDrive\Documents\archive (4)\Dataset\Extrovert\EX_110.jpg,Extrovert,True,1601,464,RGB,b57967da2337aa94f2561eccaa7f6b91c73926922c48b58aa8681219b0fa7d2d
C:\Users\koush\OneDrive\Documents\archive (4)\Dataset\Extrovert\EX_111.jpg,Extrovert,True,1352,715,RGB,e610b5898a4794b0f28e9df44717f9bda5d6f33da6772310bc391c0cb127b7f1
C:\Users\koush\OneDrive\Documents\archive (4)\Dataset\Extrovert\EX_112.jpg,Extrovert,True,2883,705,RGB,0c30619377c4c7527a65966547b25c35b412de5a07ed3f132c125fcb18878b1b
C:\Users\koush\OneDrive\Documents\archive (4)\Dataset\Extrovert\EX_113.jpg,Extrovert,True,1710,487,RGB,4c1d51f16a25c083186382376807def3d434e132ad824ac963b50f7e12cde127
C:\Users\koush\OneDrive\Documents\archive (4)\Dataset\Extrovert\EX_114.jpg,Extrovert,True,1334,669,RGB,a5bcd4aacf33dccf573a4f38d221a026f27a8e9df593691b7068d1272b9af0c1
C:\Users\koush\OneDrive\Documents\archive (4)\Dataset\Extrovert\EX_115.jpg,Extrovert,True,1728,325,RGB,61c632ac703c058dfe0609609f36e449056fccdf8e919a6619b6de3320fb0311
C:\Users\koush\OneDrive\Documents\archive (4)\Dataset\Extrovert\EX_116.jpg,Extrovert,True,1669,426,RGB,180d3baa9abd97f4fe515c758c07d5671926506b5971bfa6d7540a259e713c92
C:\Users\koush\OneDrive\Documents\archive (4)\Dataset\Extrovert\EX_117.jpg,Extrovert,True,1258,622,RGB,25bc2a75eba465fe92e2747b97f032256810a51cc7a9c43a145d090ec86d5a4f
C:\Users\koush\OneDrive\Documents\archive (4)\Dataset\Extrovert\EX_118.jpg,Extrovert,True,1456,343,RGB,b50fe95791cb11c539a1e9ef4bc7087541ad7de0dc92d1666e45c6a31a511dd7
C:\Users\koush\OneDrive\Documents\archive (4)\Dataset\Extrovert\EX_119.jpg,Extrovert,True,1448,422,RGB,13c0023df0dfd4566068fb1a792beaf0e578ed984f64335e153a9add4cf24112
C:\Users\koush\OneDrive\Documents\archive (4)\Dataset\Extrovert\EX_12.jpg,Extrovert,True,745,534,RGB,4464fd80d72a8176c9d06547c6c9ee1fc4f540c2daaa6ec105e8206a0a6cd55e
C:\Users\koush\OneDrive\Documents\archive (4)\Dataset\Extrovert\EX_120.jpg,Extrovert,True,1115,582,RGB,33c6ebe9534bf1977ff0aba3537c0594191d069825d0cb67ef9ff71ada10da59
C:\Users\koush\OneDrive\Documents\archive (4)\Dataset\Extrovert\EX_121.jpg,Extrovert,True,2313,449,RGB,38d9fe46b73ae17845122ed51cd36d8ebf1fb9dce42750a7f348a2857d6f9941
C:\Users\koush\OneDrive\Documents\archive (4)\Dataset\Extrovert\EX_122.jpg,Extrovert,True,1939,525,RGB,93c4cacdc0414ec2468ac98ecf2050ce83fe373a5c7edadb0de0906b1d442bfb
C:\Users\koush\OneDrive\Documents\archive (4)\Dataset\Extrovert\EX_123.jpg,Extrovert,True,1665,655,RGB,504f2fe365a8546a2fcdb73e08e3d8b98348167d406326bc645e908e4a33faa2
C:\Users\koush\OneDrive\Documents\archive (4)\Dataset\Extrovert\EX_124.jpg,Extrovert,True,2348,479,RGB,319252a18d54dd02a2f6def18c89796be030e7dbd43d6b696095a10f57c42763
C:\Users\koush\OneDrive\Documents\archive (4)\Dataset\Extrovert\EX_125.jpg,Extrovert,True,2036,530,RGB,a486e51dcaf0d313da6ae027f5bde316695c64a207631810afc3d72f1c7afa24
C:\Users\koush\OneDrive\Documents\archive (4)\Dataset\Extrovert\EX_126.jpg,Extrovert,True,1771,625,RGB,1730ba30421b2689b88adbdf555f5661e8238929f383da388a622763402aa4cd
C:\Users\koush\OneDrive\Documents\archive (4)\Dataset\Extrovert\EX_127.jpg,Extrovert,True,2217,390,RGB,75146bda912d4c1662c0ad40b5a76334925ebf649101ef404b65d8f97655a341
C:\Users\koush\OneDrive\Documents\archive (4)\Dataset\Extrovert\EX_128.jpg,Extrovert,True,1876,544,RGB,1fef81e5ceb3fbdd8aca5b5a9059bdae165c3c265f855d49f71c7f0885e53dee
C:\Users\koush\OneDrive\Documents\archive (4)\Dataset\Extrovert\EX_129.jpg,Extrovert,True,1374,549,RGB,d503ace6b376cbfc42cde39b0f9b8583dd151bd6565c91ed2b14d1007245e886
C:\Users\koush\OneDrive\Documents\archive (4)\Dataset\Extrovert\EX_13.jpg,Extrovert,True,1341,454,RGB,c3a55bd0531c23014fd4b67cc6fddb1c13cf6f38af9bd0f2a0644fcc2ddb7b1e
C:\Users\koush\OneDrive\Documents\archive (4)\Dataset\Extrovert\EX_130.jpg,Extrovert,True,2004,336,RGB,ca3a8329009784c0aca6516f0abcda68bf569d9ca39f3cff2cf7f3e1207f5f8d
C:\Users\koush\OneDrive\Documents\archive (4)\Dataset\Extrovert\EX_131.jpg,Extrovert,True,1973,528,RGB,dba86787c25fd4a42afcd89b7ad3381600c46d390abb420db9a3773386a71aba
C:\Users\koush\OneDrive\Documents\archive (4)\Dataset\Extrovert\EX_132.jpg,Extrovert,True,1293,591,RGB,cd3b2db47e2cd8304911db5adbb435b9ee21ccc7989bba74fa4bd36c4c8e181b
C:\Users\koush\OneDrive\Documents\archive (4)\Dataset\Extrovert\EX_133.jpg,Extrovert,True,1975,387,RGB,327dffd2f4e7c00d57fde4f118567a985198320900aab983dfce3abdd655b123
C:\Users\koush\OneDrive\Documents\archive (4)\Dataset\Extrovert\EX_134.jpg,Extrovert,True,1647,466,RGB,d0f0b21db119a9ce98295589e3d26e71fe83f0128143acbaedb089ae28de3b45
C:\Users\koush\OneDrive\Documents\archive (4)\Dataset\Extrovert\EX_135.jpg,Extrovert,True,1209,583,RGB,4ce6a5dc74cff78940ca8747fb54e58d94f35bdf7599c789be5b648cc1b7c87d
C:\Users\koush\OneDrive\Documents\archive (4)\Dataset\Extrovert\EX_136.jpg,Extrovert,True,1390,387,RGB,c10e2a170348732631d97a6fe818c835e99b7cde9402344d0a83ede21bb6b417
C:\Users\koush\OneDrive\Documents\archive (4)\Dataset\Extrovert\EX_137.jpg,Extrovert,True,1525,441,RGB,bda250caf07def1a52517d32ba78afb2de650d791cabea68870a93e6623fbbb0
C:\Users\koush\OneDrive\Documents\archive (4)\Dataset\Extrovert\EX_138.jpg,Extrovert,True,1082,659,RGB,1f75cc597f120a2c0c47310f12fcd3adc88e192cb2d9744d6869836b46abb68b
C:\Users\koush\OneDrive\Documents\archive (4)\Dataset\Extrovert\EX_139.jpg,Extrovert,True,1951,465,RGB,2a45837b8b8c400b570982a4b30656cfc0d166a35e547a20f6bd8a10c50592a2
C:\Users\koush\OneDrive\Documents\archive (4)\Dataset\Extrovert\EX_14.jpg,Extrovert,True,1148,456,RGB,f40b4edd6ae727c669ef72fa41d7b12dcf7d75ee50fdcd184ba5f4553d2348c9
C:\Users\koush\OneDrive\Documents\archive (4)\Dataset\Extrovert\EX_140.jpg,Extrovert,True,1840,557,RGB,63d0871ee31beac0d3c2e67545da3d472267a7afcb14087bfcbf644b24d87cda
C:\Users\koush\OneDrive\Documents\archive (4)\Dataset\Extrovert\EX_141.jpg,Extrovert,True,1329,684,RGB,432f35f4bb13395344146d4310b6d749aeeba9d326eba0e50d1a7b1f849777d1
C:\Users\koush\OneDrive\Documents\archive (4)\Dataset\Extrovert\EX_142.jpg,Extrovert,True,1855,400,RGB,d6a0ffa635235dc843b7330b434cfcc44e44c4819ed8cb24481f8fd9a704b48b
C:\Users\koush\OneDrive\Documents\archive (4)\Dataset\Extrovert\EX_143.jpg,Extrovert,True,1794,558,RGB,11c6da956532fdbb05e8688d6ccfb5ad6acd332411a8d9af8020b2913ec79c70
C:\Users\koush\OneDrive\Documents\archive (4)\Dataset\Extrovert\EX_144.jpg,Extrovert,True,1266,671,RGB,900878b3b4c14c42771862c1374dfd23113a3d3483db6102d369c8af26977ddd
C:\Users\koush\OneDrive\Documents\archive (4)\Dataset\Extrovert\EX_145.jpg,Extrovert,True,2001,392,RGB,2e1b0c898cf3dfc217511155b87460b09575930d598cd76d91761fbf1511e429
C:\Users\koush\OneDrive\Documents\archive (4)\Dataset\Extrovert\EX_146.jpg,Extrovert,True,1860,505,RGB,858d3dccc4b4406ed2145376bd8e4eacdbbbddf0a29e92d65f149d3ca69cf006
C:\Users\koush\OneDrive\Documents\archive (4)\Dataset\Extrovert\EX_147.jpg,Extrovert,True,1307,589,RGB,770df2116a974be40785e510a7e03cc34f72c23d9404b30a0affd96052f55a5f
C:\Users\koush\OneDrive\Documents\archive (4)\Dataset\Extrovert\EX_148.jpg,Extrovert,True,1953,361,RGB,c7000620538d58196497995f44302e8c95cd2d0d7aeb00a9d836e979d87e2240
C:\Users\koush\OneDrive\Documents\archive (4)\Dataset\Extrovert\EX_149.jpg,Extrovert,True,1396,377,RGB,01e93631333eaf02830274eebf393719e8216b7d603bec3e92d1fffdd4789284
C:\Users\koush\OneDrive\Documents\archive (4)\Dataset\Extrovert\EX_15.jpg,Extrovert,True,851,545,RGB,1d1fb35c8f5c0f58d347e8b47d3349c85463cd53117cc57efe820c483f1e9191
C:\Users\koush\OneDrive\Documents\archive (4)\Dataset\Extrovert\EX_150.jpg,Extrovert,True,1331,603,RGB,1c6dbd46b5547a9843e7e7f106158f42a472cbd8eb024cea681d5b2a9ff015bd
C:\Users\koush\OneDrive\Documents\archive (4)\Dataset\Extrovert\EX_151.jpg,Extrovert,True,2489,892,RGB,c1233ed0971a6452fc04d5fc62865fee3a7955b1331621b9860ca6161e09adb3
C:\Users\koush\OneDrive\Documents\archive (4)\Dataset\Extrovert\EX_152.jpg,Extrovert,True,1767,720,RGB,fa7f9ab77c058916584d2949b7a9d6287199719317fc9b5039699266321c9e15
C:\Users\koush\OneDrive\Documents\archive (4)\Dataset\Extrovert\EX_153.jpg,Extrovert,True,1483,941,RGB,9903acc3d30e9eb87e3216335ed22c7fec7b86169e6a9f46d86c2b60586ed327
C:\Users\koush\OneDrive\Documents\archive (4)\Dataset\Extrovert\EX_154.jpg,Extrovert,True,1633,436,RGB,271f28b3a312fc4ad58bee67be684ff4f30617ae36b8d8d902e1dc7955bdc23a
C:\Users\koush\OneDrive\Documents\archive (4)\Dataset\Extrovert\EX_155.jpg,Extrovert,True,1754,1025,RGB,7acd5e4c21b783125ff065c9ce60f757b89190b97fe73bcbd21be4bf519fde48
C:\Users\koush\OneDrive\Documents\archive (4)\Dataset\Extrovert\EX_156.jpg,Extrovert,True,1742,895,RGB,d1d218f3be1cd3521f3e27d590ba53085856b0a9c064d949a35e9ffe22fbfa7d
C:\Users\koush\OneDrive\Documents\archive (4)\Dataset\Extrovert\EX_157.jpg,Extrovert,True,1093,318,RGB,281bd1d6332eaa8178a10308b1f201d664d81493ea644416dd1564858b814988
C:\Users\koush\OneDrive\Documents\archive (4)\Dataset\Extrovert\EX_158.jpg,Extrovert,True,1209,497,RGB,478e0c999481d8aed520872cac6d15c1411fbf2603d7e4cf5c6ad15c908e517b
C:\Users\koush\OneDrive\Documents\archive (4)\Dataset\Extrovert\EX_159.jpg,Extrovert,True,559,362,RGB,3e24ac231bf342822be6f9a96b79431097999fe839a6e1a6f85335b3cef537ee
C:\Users\koush\OneDrive\Documents\archive (4)\Dataset\Extrovert\EX_16.jpg,Extrovert,True,832,404,RGB,e207a22c1fa65e199723df7ea563084775927b09a6c04f4627554a2ca2cc01e0
C:\Users\koush\OneDrive\Documents\archive (4)\Dataset\Extrovert\EX_160.jpg,Extrovert,True,1071,285,RGB,71ad053ba7e1c654bdcbc0dee508902e43194f6f541489ccea7750fe6609249a
C:\Users\koush\OneDrive\Documents\archive (4)\Dataset\Extrovert\EX_161.jpg,Extrovert,True,1237,509,RGB,73d821cc8d735b379261bba78dddd246039ea169812fd7ec189d563ce746b604
C:\Users\koush\OneDrive\Documents\archive (4)\Dataset\Extrovert\EX_162.jpg,Extrovert,True,739,524,RGB,d65e4bdfa4ed713e21234d93b903f67115fb8d777da523bdd53b769e45b6b536
C:\Users\koush\OneDrive\Documents\archive (4)\Dataset\Extrovert\EX_163.jpg,Extrovert,True,1400,440,RGB,40728e65ec5786a494afcc0af5e87c4dae18b4b4ada491bf194096ee0a45ec3d
C:\Users\koush\OneDrive\Documents\archive (4)\Dataset\Extrovert\EX_164.jpg,Extrovert,True,1148,456,RGB,f40b4edd6ae727c669ef72fa41d7b12dcf7d75ee50fdcd184ba5f4553d2348c9
C:\Users\koush\OneDrive\Documents\archive (4)\Dataset\Extrovert\EX_165.jpg,Extrovert,True,818,547,RGB,bb0f22b6e04a000f4ca47708a0e40f3a70d7346dd604deac45d8dc63566f146a
C:\Users\koush\OneDrive\Documents\archive (4)\Dataset\Extrovert\EX_166.jpg,Extrovert,True,840,421,RGB,a9222334c7cd456fe8cec1cae52f15c35b23d30cfa1d7b3481c6127d66893028
C:\Users\koush\OneDrive\Documents\archive (4)\Dataset\Extrovert\EX_167.jpg,Extrovert,True,1238,501,RGB,a54e042458cc1b7eae8bace322716fdc441a13b55e5ccf5e5155a7f92a3015f7
C:\Users\koush\OneDrive\Documents\archive (4)\Dataset\Extrovert\EX_168.jpg,Extrovert,True,484,525,RGB,1c8780b46a7c657f60d19756108e8eee12a9e5df6afadc7b4efb0444d41e7228
C:\Users\koush\OneDrive\Documents\archive (4)\Dataset\Extrovert\EX_169.jpg,Extrovert,True,1168,369,RGB,aefbeefd8b260431401b616ed0290ebeb0e3f3d66a29fb200d5e731c14c0a20f
C:\Users\koush\OneDrive\Documents\archive (4)\Dataset\Extrovert\EX_17.jpg,Extrovert,True,1238,501,RGB,a54e042458cc1b7eae8bace322716fdc441a13b55e5ccf5e5155a7f92a3015f7
C:\Users\koush\OneDrive\Documents\archive (4)\Dataset\Extrovert\EX_170.jpg,Extrovert,True,1194,468,RGB,515d9b4a626be7a72786211f1a0ed3d7e9cc1deb1853a49900b23ac9a28ceea5
C:\Users\koush\OneDrive\Documents\archive (4)\Dataset\Extrovert\EX_171.jpg,Extrovert,True,808,649,RGB,b0e9197f761ee794b4ce59b1068d09f97059370f2621b1a6b3b92e9dcc6ce83a
C:\Users\koush\OneDrive\Documents\archive (4)\Dataset\Extrovert\EX_172.jpg,Extrovert,True,744,272,RGB,79e9fd634ae92f10acc4b924d98572721ede220759792a4f146f2b99457acf28
C:\Users\koush\OneDrive\Documents\archive (4)\Dataset\Extrovert\EX_173.jpg,Extrovert,True,1028,417,RGB,5b0b4f7934d061ec91e29b76e33807715a51424f82bf6678bc3d24c4a7a1fefe
C:\Users\koush\OneDrive\Documents\archive (4)\Dataset\Extrovert\EX_174.jpg,Extrovert,True,776,700,RGB,d0c772e53b189f5b7f41e60cf2ca48da17d36592423ba5c4f1a22b083c98e897
C:\Users\koush\OneDrive\Documents\archive (4)\Dataset\Extrovert\EX_175.jpg,Extrovert,True,867,342,RGB,6081c74cd79c1e1206b01bce9f6d71160a69e5f009f75000f7273d70900682b2
C:\Users\koush\OneDrive\Documents\archive (4)\Dataset\Extrovert\EX_176.jpg,Extrovert,True,1366,507,RGB,930f119af94ad9ddeebf1834cce462543f7e0c1f62982409dec40f92df5eb6c3
C:\Users\koush\OneDrive\Documents\archive (4)\Dataset\Extrovert\EX_177.jpg,Extrovert,True,710,475,RGB,e510fd94de9ade3ef2bece59f7d5199afcc836e85780455a0e1880af25323ac2
C:\Users\koush\OneDrive\Documents\archive (4)\Dataset\Extrovert\EX_178.jpg,Extrovert,True,754,313,RGB,c153a934b318bf6f707c741d261e1de3acaf2bf92c4c321dda68927dc0205c4f
C:\Users\koush\OneDrive\Documents\archive (4)\Dataset\Extrovert\EX_179.jpg,Extrovert,True,588,235,RGB,b8f30b1cf991f1d887b1d80b5262a3a886a7c00fc49a5b664e93b9320af06b7f
C:\Users\koush\OneDrive\Documents\archive (4)\Dataset\Extrovert\EX_18.jpg,Extrovert,True,497,527,RGB,741a1a607d4f914d4cb119e23be1e38eea5ed3cec2d921704dce66e2370c3736
C:\Users\koush\OneDrive\Documents\archive (4)\Dataset\Extrovert\EX_180.jpg,Extrovert,True,454,373,RGB,b05f703d9f31e31fb16a0f3395e1147e5ee7da871d6807515f2fc567d864180b
C:\Users\koush\OneDrive\Documents\archive (4)\Dataset\Extrovert\EX_181.JPG,Extrovert,True,832,276,RGB,f23b93b9b9b5bffe57ca070f2107b3b5a5e355c84b54e4b1f431d47806175349
C:\Users\koush\OneDrive\Documents\archive (4)\Dataset\Extrovert\EX_182.jpg,Extrovert,True,1436,561,RGB,f7dbb13802cf71feaebc771b44384629bde6eabcb6733f0b0cbf82472061f395
C:\Users\koush\OneDrive\Documents\archive (4)\Dataset\Extrovert\EX_183.jpg,Extrovert,True,577,437,RGB,7cf204e57a1e243ffb37b1c43e68b10da24b652037abfbe7a61f5ccb6412b4f0
C:\Users\koush\OneDrive\Documents\archive (4)\Dataset\Extrovert\EX_184.jpg,Extrovert,True,832,441,RGB,d76c24de603ae6622d775f0bde42671d6f139ba1a167383f6292851ab7cc84d0
C:\Users\koush\OneDrive\Documents\archive (4)\Dataset\Extrovert\EX_185.jpg,Extrovert,True,1169,596,RGB,00ceb3824751192d8c32289f1cea8d88389303fc4de84a56b9a067991158a6e0
C:\Users\koush\OneDrive\Documents\archive (4)\Dataset\Extrovert\EX_186.jpg,Extrovert,True,677,606,RGB,235a2b51b038d8b4ed164fcf0574167fd3831c4d49de9956104b3957554687be
C:\Users\koush\OneDrive\Documents\archive (4)\Dataset\Extrovert\EX_187.jpg,Extrovert,True,706,214,RGB,e23987f51d554a8a1ce0379e57fdeebaa451c96145121ca89bff75f418f929dc
C:\Users\koush\OneDrive\Documents\archive (4)\Dataset\Extrovert\EX_188.jpg,Extrovert,True,1509,716,RGB,61907a6038169d45ca06425d6557b8bcf261f11eccab0971c21d398757d6bc2c
C:\Users\koush\OneDrive\Documents\archive (4)\Dataset\Extrovert\EX_189.jpg,Extrovert,True,506,389,RGB,984465617ca26e4573cbb3ffc5c307e531abdc02c46f93a03aadaa79d9ea5807
C:\Users\koush\OneDrive\Documents\archive (4)\Dataset\Extrovert\EX_19.jpg,Extrovert,True,1166,362,RGB,f2a07ae9791c1af65dd54514806c5b935018388d90850d152ab83a7d70b66319
C:\Users\koush\OneDrive\Documents\archive (4)\Dataset\Extrovert\EX_190.jpg,Extrovert,True,732,235,RGB,ccb1fc284a0df83b12dcca130d5b1357e6a803dc6c6de8bf55d6434b98f83ec3
C:\Users\koush\OneDrive\Documents\archive (4)\Dataset\Extrovert\EX_191.jpg,Extrovert,True,1661,606,RGB,d7699cccfc87b7ab4401ca21badeaa70782a1e8b5a842b11cff1d421b3aa99a7
C:\Users\koush\OneDrive\Documents\archive (4)\Dataset\Extrovert\EX_192.jpg,Extrovert,True,642,421,RGB,4d5951609580fae6980eb18ad0dd0ac8c82ae765ff3fdc69f112b09521b3bc3f
C:\Users\koush\OneDrive\Documents\archive (4)\Dataset\Extrovert\EX_193.jpg,Extrovert,True,849,285,RGB,0f347381a17e5b8617e93d0077b2a7581f9f1b4d710917f2686a7becebe76349
C:\Users\koush\OneDrive\Documents\archive (4)\Dataset\Extrovert\EX_194.jpg,Extrovert,True,1569,637,RGB,dac3077bf8c40b285bdbb5d1a194b6287e83420cfbd577f6d9580236855967f9
C:\Users\koush\OneDrive\Documents\archive (4)\Dataset\Extrovert\EX_195.jpg,Extrovert,True,685,587,RGB,7d717696d7bb96673da98a4daab3f224ed50889ccc4ce9d31910fd9133128a4f
C:\Users\koush\OneDrive\Documents\archive (4)\Dataset\Extrovert\EX_196.jpg,Extrovert,True,885,354,RGB,bdda18039e72ae8dbfd6ee93a0df8a785765bee84f900b1e0eafdf972f177669
C:\Users\koush\OneDrive\Documents\archive (4)\Dataset\Extrovert\EX_197.jpg,Extrovert,True,863,389,RGB,4b277990c337ef488f392f1de1521cae0abf25422df72ff6777b0cfe29423376
C:\Users\koush\OneDrive\Documents\archive (4)\Dataset\Extrovert\EX_198.jpg,Extrovert,True,617,497,RGB,c0287ae4411ef9ac8dc5a2c90481b112262e3abae6aa48e2a88164f971479494
C:\Users\koush\OneDrive\Documents\archive (4)\Dataset\Extrovert\EX_199.jpg,Extrovert,True,815,292,RGB,94022b55882065444783a078b6a5dff66fe10137cf7df040446b3ae2483c7519
C:\Users\koush\OneDrive\Documents\archive (4)\Dataset\Extrovert\EX_2.jpg,Extrovert,True,1912,886,RGB,0582f26a579cd21242f64c139810bda890ef9aa59250bd07e5262c4b06f05a6e
C:\Users\koush\OneDrive\Documents\archive (4)\Dataset\Extrovert\EX_20.jpg,Extrovert,True,1194,468,RGB,515d9b4a626be7a72786211f1a0ed3d7e9cc1deb1853a49900b23ac9a28ceea5
C:\Users\koush\OneDrive\Documents\archive (4)\Dataset\Extrovert\EX_200.jpg,Extrovert,True,1350,560,RGB,df456fbd386ca79fa5824e4fbf0befab131d35e70bb25e0ce862aa55a06f2392
C:\Users\koush\OneDrive\Documents\archive (4)\Dataset\Extrovert\EX_201.jpg,Extrovert,True,726,609,RGB,2081854b08160e71bc196afbae980f59984871e4451b0017cebde2ec67aa683c
C:\Users\koush\OneDrive\Documents\archive (4)\Dataset\Extrovert\EX_202.jpg,Extrovert,True,997,376,RGB,d42955392e74561a6602e6d72d6c79d30ba1dca8ab1d179e5163ae048f723cb7
C:\Users\koush\OneDrive\Documents\archive (4)\Dataset\Extrovert\EX_203.jpg,Extrovert,True,1565,697,RGB,f5a704a2a557eecdf66261e070d4e490f8810a54591b1aa68d7cf67f0e3117a1
C:\Users\koush\OneDrive\Documents\archive (4)\Dataset\Extrovert\EX_204.jpg,Extrovert,True,759,604,RGB,a2b89acb063dba04919319e217571406679767c0f2a3f33224e2eaf6389fd511
C:\Users\koush\OneDrive\Documents\archive (4)\Dataset\Extrovert\EX_205.jpg,Extrovert,True,816,310,RGB,9950b80895db0da661f37bac5b03e1d034140980a20f5fb91635a8e2c1954bd2
C:\Users\koush\OneDrive\Documents\archive (4)\Dataset\Extrovert\EX_206.jpg,Extrovert,True,962,520,RGB,f056cdbf0e9b728312e030a83af9b7f4160148e375faa23af0239d7415f101b4
C:\Users\koush\OneDrive\Documents\archive (4)\Dataset\Extrovert\EX_207.jpg,Extrovert,True,667,477,RGB,c175c9611946b9ebbbe7c5fd4926aa60828b5bef18d0bb8f40a87f36e9fdb630
C:\Users\koush\OneDrive\Documents\archive (4)\Dataset\Extrovert\EX_208.jpg,Extrovert,True,1187,528,RGB,f916be829972643a852177defb8f63022db14d0d7f9406e3f4072badb4e5ed4b
C:\Users\koush\OneDrive\Documents\archive (4)\Dataset\Extrovert\EX_209.jpg,Extrovert,True,1147,604,RGB,c59a475252b0c45b03248467c2ee813d3eb002d3283a8121e2013b1d6db094a8
C:\Users\koush\OneDrive\Documents\archive (4)\Dataset\Extrovert\EX_21.jpg,Extrovert,True,811,649,RGB,d6400282a3de903e5249f4bfdb93349fea37f698ff14914ca9722b115b5c5898
C:\Users\koush\OneDrive\Documents\archive (4)\Dataset\Extrovert\EX_210.jpg,Extrovert,True,740,534,RGB,9a16df4bcf11fa00dd7b45a4e70af3e250869b80808f65e5794c75ac2ebf8666
C:\Users\koush\OneDrive\Documents\archive (4)\Dataset\Extrovert\EX_211.jpg,Extrovert,True,349,234,RGB,ec743ffc744545625a00afb75540651327996c78cf5b897e4b12dc61426853c1
C:\Users\koush\OneDrive\Documents\archive (4)\Dataset\Extrovert\EX_212.jpg,Extrovert,True,696,385,RGB,9c96959396495651e9e844c1c68611ada7c284fcd04856f878e4b574cc85bac6
C:\Users\koush\OneDrive\Documents\archive (4)\Dataset\Extrovert\EX_213.jpg,Extrovert,True,394,93,RGB,7129844b8a99ca4ec176b1bc0a48d509d658bfcafbbd3c28295558c0eb5a3970
C:\Users\koush\OneDrive\Documents\archive (4)\Dataset\Extrovert\EX_214.jpg,Extrovert,True,349,234,RGB,d4d607fbdc367d3780436795ee2fddb911f1e0b70e6bdcda8f067d7264e7f32e
C:\Users\koush\OneDrive\Documents\archive (4)\Dataset\Extrovert\EX_215.jpg,Extrovert,True,660,406,RGB,11668cc1e834d0ed32be73b673b5fc7c47fea8985cc32695a2ff2bfe0c062c58
C:\Users\koush\OneDrive\Documents\archive (4)\Dataset\Extrovert\EX_216.jpg,Extrovert,True,442,134,RGB,d48775b23d4170a1ded5beaf31f356445de5e4885f983542327437ece581622c
C:\Users\koush\OneDrive\Documents\archive (4)\Dataset\Extrovert\EX_217.jpg,Extrovert,True,563,294,RGB,465ea8d2edfec6b117d914ff81685fe48e345efdf3fd6d078aa79c02e24a6147
C:\Users\koush\OneDrive\Documents\archive (4)\Dataset\Extrovert\EX_218.jpg,Extrovert,True,827,434,RGB,c2d1a4947191c47b7d6799f0eff8ba475c7c00a3a70b88a77b031f6fe41e2018
C:\Users\koush\OneDrive\Documents\archive (4)\Dataset\Extrovert\EX_219.jpg,Extrovert,True,504,129,RGB,69c1cd50b5e5f20dcd44626173d3286aec3d0e4397033a5b6805a04c03f4f2cf
C:\Users\koush\OneDrive\Documents\archive (4)\Dataset\Extrovert\EX_22.jpg,Extrovert,True,751,274,RGB,8a97dc78e878dbe62b42aaa70a6b1651fa29ff288fb781277ff46eff02631d6a
C:\Users\koush\OneDrive\Documents\archive (4)\Dataset\Extrovert\EX_220.jpg,Extrovert,True,658,408,RGB,9cadd035dced93cb15d5530fa1bc36413071911c55c36f6c2ffda5958c923600
C:\Users\koush\OneDrive\Documents\archive (4)\Dataset\Extrovert\EX_221.jpg,Extrovert,True,717,371,RGB,b47853474afbc4c2c68a2243fa6da49a3dadd1bd5074db847ccbb628720c289e
C:\Users\koush\OneDrive\Documents\archive (4)\Dataset\Extrovert\EX_222.jpg,Extrovert,True,719,229,RGB,755f9dbf93528b00cee0acc5f9907fdf891b85095d4d9323f5168d88465f8be5
C:\Users\koush\OneDrive\Documents\archive (4)\Dataset\Extrovert\EX_223.jpg,Extrovert,True,688,357,RGB,16325122be4f424d34cd982506a5bae061ba412a53011d22a45fd0407a4df993
C:\Users\koush\OneDrive\Documents\archive (4)\Dataset\Extrovert\EX_224.jpg,Extrovert,True,1028,472,RGB,a9037a162399577786e9182df0cc5186be1bfe1dafa573938c0f0627fc41a661
C:\Users\koush\OneDrive\Documents\archive (4)\Dataset\Extrovert\EX_225.jpg,Extrovert,True,1029,177,RGB,e15c07dd87532f22cb958270690fcbe1005c1d868818b11b80443b28e005c2af
C:\Users\koush\OneDrive\Documents\archive (4)\Dataset\Extrovert\EX_226.jpg,Extrovert,True,336,122,RGB,29f4bffc9e6339ca9961ce0d57fa59f6296bb21f33a0ca03f079d2ee94caaadb
C:\Users\koush\OneDrive\Documents\archive (4)\Dataset\Extrovert\EX_227.jpg,Extrovert,True,1129,487,RGB,827214dde5de36aef961a3cf71257459e2163c31a94bdb2999e8b868a766a21e
C:\Users\koush\OneDrive\Documents\archive (4)\Dataset\Extrovert\EX_228.jpg,Extrovert,True,292,84,RGB,f4a8e3f00f9ab3981dfc5dc3d3cab6515a4b47b4fe82fc4393e3f00f1c5612de
C:\Users\koush\OneDrive\Documents\archive (4)\Dataset\Extrovert\EX_229.jpg,Extrovert,True,305,124,RGB,187f7c627dbb9ef76ca8106f200a96940d71506e32297db81a9024428a8eeb03
C:\Users\koush\OneDrive\Documents\archive (4)\Dataset\Extrovert\EX_23.jpg,Extrovert,True,1028,417,RGB,5b0b4f7934d061ec91e29b76e33807715a51424f82bf6678bc3d24c4a7a1fefe
C:\Users\koush\OneDrive\Documents\archive (4)\Dataset\Extrovert\EX_230.jpg,Extrovert,True,907,425,RGB,67be06550443e416d28ea2c45cbb52f723c826494a5f284caeda7dff8971f8b6
C:\Users\koush\OneDrive\Documents\archive (4)\Dataset\Extrovert\EX_231.jpg,Extrovert,True,381,71,RGB,78be0045eaee71e9cfe0090ef275427cdf033883e99c5a68eb20fc9cff6e6ed1
C:\Users\koush\OneDrive\Documents\archive (4)\Dataset\Extrovert\EX_232.jpg,Extrovert,True,237,115,RGB,4a734c1b1cd6282e4f6c190b5c1878900cf97728b0d02977ae084838b7d965bf
C:\Users\koush\OneDrive\Documents\archive (4)\Dataset\Extrovert\EX_233.jpg,Extrovert,True,848,461,RGB,f8af36d520e07a3a0fa76fa81dfcb7466e10492c04a1d7d5bb32b4bfbe97adf1
C:\Users\koush\OneDrive\Documents\archive (4)\Dataset\Extrovert\EX_234.jpg,Extrovert,True,462,104,RGB,d3d7d3042244e859f20985b3f0a676edf013bb0e7543ff60f619e995a9e7f92e
C:\Users\koush\OneDrive\Documents\archive (4)\Dataset\Extrovert\EX_235.jpg,Extrovert,True,321,330,RGB,b94402e83ee52822f2cad1bf323aa01794648720a90aa2a778ba4e1fb0e1eb8f
C:\Users\koush\OneDrive\Documents\archive (4)\Dataset\Extrovert\EX_236.jpg,Extrovert,True,748,414,RGB,d4713ae9c39db4753fdf52bb05239a733c00ab2703efbdd0e82ab4915e9b7e45
C:\Users\koush\OneDrive\Documents\archive (4)\Dataset\Extrovert\EX_237.jpg,Extrovert,True,315,144,RGB,e175982d01a066d0c56bad69c5c362763053acea1914dd3f802bc01bc2572365
C:\Users\koush\OneDrive\Documents\archive (4)\Dataset\Extrovert\EX_238.jpg,Extrovert,True,598,338,RGB,ae5af0aa7834cee5bf0f7452c0835f3e5d1d199c7a9c2a7a48dd89618baf951c
C:\Users\koush\OneDrive\Documents\archive (4)\Dataset\Extrovert\EX_239.jpg,Extrovert,True,727,390,RGB,acafae02d17ae8dfc8c0f33674d2ff9df39eaa1419cc454a12e35dada2dfd86d
C:\Users\koush\OneDrive\Documents\archive (4)\Dataset\Extrovert\EX_24.jpg,Extrovert,True,783,700,RGB,65adba96977c6795d6af2acf5d29f764b53b773c3c04772226c8d2fd76c4fda9
C:\Users\koush\OneDrive\Documents\archive (4)\Dataset\Extrovert\EX_240.jpg,Extrovert,True,873,176,RGB,fad14e57f80d7a4cf3be0658dd5866afce5fe5b290f91a78f103fbe428eb5a76
C:\Users\koush\OneDrive\Documents\archive (4)\Dataset\Extrovert\EX_241.jpg,Extrovert,True,337,355,RGB,6abb76a9dccace1e51fc16fe99f1379df1d7468a82f07cc58535247ba3a817ed
C:\Users\koush\OneDrive\Documents\archive (4)\Dataset\Extrovert\EX_242.jpg,Extrovert,True,527,338,RGB,b0356a823f07ad75cf4225fd871e5b99e561b5b3001e8dcd655f1f03ff28e5fd
C:\Users\koush\OneDrive\Documents\archive (4)\Dataset\Extrovert\EX_243.jpg,Extrovert,True,428,202,RGB,c4a60614ab55c61c27b672b3da0e3645715e8c9d8268697e62a299fe6ba20cb9
C:\Users\koush\OneDrive\Documents\archive (4)\Dataset\Extrovert\EX_244.jpg,Extrovert,True,320,243,RGB,9f193252618492ccbe6d47eacabb003b8dfcb4c6c998fb8d8233574a7240ca42
C:\Users\koush\OneDrive\Documents\archive (4)\Dataset\Extrovert\EX_245.jpg,Extrovert,True,559,343,RGB,f6e9794ddb00c905dedeebec7bb79ab010b25c86e73641ce4be519dfa03f1c65
C:\Users\koush\OneDrive\Documents\archive (4)\Dataset\Extrovert\EX_246.jpg,Extrovert,True,709,249,RGB,613a536da6c7bf909cb0ecd4dc53ef7d638e50e3f474b68f7d62a46a5d5cda0f
C:\Users\koush\OneDrive\Documents\archive (4)\Dataset\Extrovert\EX_247.jpg,Extrovert,True,329,306,RGB,b25602161233601fd35ddd03656693e09d9a4d864fb8a304136ca54184297827
C:\Users\koush\OneDrive\Documents\archive (4)\Dataset\Extrovert\EX_248.jpg,Extrovert,True,659,428,RGB,dc694721396d17e07014f69a5800d7028f1cb13feb7bf2ecca21af7a0dab4242
C:\Users\koush\OneDrive\Documents\archive (4)\Dataset\Extrovert\EX_249.jpg,Extrovert,True,547,214,RGB,ea713af169be27d991b9bdd3ca44811e82bdcc606749033b6a2a8f2f701b606c
C:\Users\koush\OneDrive\Documents\archive (4)\Dataset\Extrovert\EX_25.jpg,Extrovert,True,863,347,RGB,7b4ce426b4f45db07dc93197772e6cccbd6b4d23fe66fb9f4cd6b70be8a9477b
C:\Users\koush\OneDrive\Documents\archive (4)\Dataset\Extrovert\EX_250.jpg,Extrovert,True,325,240,RGB,1423346046cfc61f78b5362667065d850fa0e45088cba6fed3896a156d6e2758
C:\Users\koush\OneDrive\Documents\archive (4)\Dataset\Extrovert\EX_251.jpg,Extrovert,True,493,334,RGB,95f077e1bede39d5a643782e8238578dbd0d6ca1ea585ba3308cc67043fb8c53
C:\Users\koush\OneDrive\Documents\archive (4)\Dataset\Extrovert\EX_252.jpg,Extrovert,True,411,141,RGB,b51f8858534951d0ed1a85727c707861d72c7b47a6693e29a9d3e95bab692637
C:\Users\koush\OneDrive\Documents\archive (4)\Dataset\Extrovert\EX_253.jpg,Extrovert,True,316,234,RGB,4f77bd8b3d776a1f009489187a93bc3b0d265bb89546a5c64db7d8a6cd3f0943
C:\Users\koush\OneDrive\Documents\archive (4)\Dataset\Extrovert\EX_254.jpg,Extrovert,True,498,310,RGB,17ea051c51ecaf36c670b760dc2477f00f6d4e22afe4e8caccaf37e714f1ec5e
C:\Users\koush\OneDrive\Documents\archive (4)\Dataset\Extrovert\EX_255.jpg,Extrovert,True,411,146,RGB,ba8cd2a15d9ac459d7a671df4e6e8d2e5182e597a2c30d241a6f1f956e88c3b7
C:\Users\koush\OneDrive\Documents\archive (4)\Dataset\Extrovert\EX_256.jpg,Extrovert,True,213,249,RGB,4d74f1ad685fdc9e7f21c1573dc8f5e99c89cc596db8e179705ce544310b6493
C:\Users\koush\OneDrive\Documents\archive (4)\Dataset\Extrovert\EX_257.jpg,Extrovert,True,466,312,RGB,b85aef356fa5f0771e04d8df49812b7c69ee9a0783a4b17869e5dd222c3c3894
C:\Users\koush\OneDrive\Documents\archive (4)\Dataset\Extrovert\EX_258.jpg,Extrovert,True,391,130,RGB,4ed89d4b8b7f122492688685ae531767ac3466ea5290d9f6db81f41a06bef8ae
C:\Users\koush\OneDrive\Documents\archive (4)\Dataset\Extrovert\EX_259.jpg,Extrovert,True,439,373,RGB,a91de1b503e2ee63c425a9dae03fa016b4be1707030834f5320b676fc775b582
C:\Users\koush\OneDrive\Documents\archive (4)\Dataset\Extrovert\EX_26.jpg,Extrovert,True,1366,507,RGB,930f119af94ad9ddeebf1834cce462543f7e0c1f62982409dec40f92df5eb6c3
C:\Users\koush\OneDrive\Documents\archive (4)\Dataset\Extrovert\EX_260.jpg,Extrovert,True,519,341,RGB,1da5a3b16a139d8fe1852f69fabe564137de837a074a67b8b816925696a621f1
C:\Users\koush\OneDrive\Documents\archive (4)\Dataset\Extrovert\EX_261.jpg,Extrovert,True,671,205,RGB,a98577ab5cdba61e0f564bc2f38dac2da7b374e53303eb8d40aa32229dbdd41b
C:\Users\koush\OneDrive\Documents\archive (4)\Dataset\Extrovert\EX_262.jpg,Extrovert,True,292,325,RGB,22ec120e3eb2e977db4736917750c61e85be9cf0041414e0fc2b2c83bf9a403d
C:\Users\koush\OneDrive\Documents\archive (4)\Dataset\Extrovert\EX_263.jpg,Extrovert,True,457,283,RGB,9b347281fcdccf7f8097cc2ce6d56db2553a6dd95af2a91407de43ef4bbabe6b
C:\Users\koush\OneDrive\Documents\archive (4)\Dataset\Extrovert\EX_264.jpg,Extrovert,True,348,133,RGB,6b2b1ab4c0eefd77e0a50b5af31defb57df8b33632b5d6d244838dedd4185cbb
C:\Users\koush\OneDrive\Documents\archive (4)\Dataset\Extrovert\EX_265.jpg,Extrovert,True,407,313,RGB,15f90616ce156c1ad14c14aab65ac15b1844a4b6916ffa7ef0b4663787968736
C:\Users\koush\OneDrive\Documents\archive (4)\Dataset\Extrovert\EX_266.jpg,Extrovert,True,601,341,RGB,cbc2fcd62c90d6c3db0f464da20e288a19a7b3177149b0340f720199f3244084
C:\Users\koush\OneDrive\Documents\archive (4)\Dataset\Extrovert\EX_267.jpg,Extrovert,True,614,182,RGB,2717c64e0a29e2150f0c29c1a483afa7496398d276fb640f1b099472dbd0dab1
C:\Users\koush\OneDrive\Documents\archive (4)\Dataset\Extrovert\EX_268.jpg,Extrovert,True,397,334,RGB,1230dc1d11088b85528747c5f0ba04f5ea8a45500ed9b6389debb65e503eba48
C:\Users\koush\OneDrive\Documents\archive (4)\Dataset\Extrovert\EX_269.jpg,Extrovert,True,510,342,RGB,8fcbd1ed6b0fcf93b1f14991634360b56d89ea4601245a110a27d61a4b32bd4e
C:\Users\koush\OneDrive\Documents\archive (4)\Dataset\Extrovert\EX_27.jpg,Extrovert,True,701,499,RGB,36a9613fe1bcf3e5fe21db02a7b749d42c3a4a737aae00dc7841c4c5bae1bf2b
C:\Users\koush\OneDrive\Documents\archive (4)\Dataset\Extrovert\EX_270.jpg,Extrovert,True,497,174,RGB,4be6b7351e7374b61502cb5cde1c866b6f85c7c5fd8983ac7ab1ff226f69187e
C:\Users\koush\OneDrive\Documents\archive (4)\Dataset\Extrovert\EX_271.jpg,Extrovert,True,635,312,RGB,1190470acdb8e1108a75f29d0714082b0487c13de4c80e2a863429b568990cf2
C:\Users\koush\OneDrive\Documents\archive (4)\Dataset\Extrovert\EX_272.jpg,Extrovert,True,819,444,RGB,5d76afe11cf737968261da6479c8d2830113a0f560a61554d00afefc593e26aa
C:\Users\koush\OneDrive\Documents\archive (4)\Dataset\Extrovert\EX_273.jpg,Extrovert,True,628,132,RGB,d06b5a3a0a0c0c7dd3159c38fb01fb3bf70d145345e7cddeb7f4f191447871b5
C:\Users\koush\OneDrive\Documents\archive (4)\Dataset\Extrovert\EX_274.jpg,Extrovert,True,568,386,RGB,49b782074dad8bc8a20e7e1425b9d3143fd12f41bc6d87d77e3f25d21c57e101
C:\Users\koush\OneDrive\Documents\archive (4)\Dataset\Extrovert\EX_275.jpg,Extrovert,True,796,362,RGB,2a1f10de1b419aa5d66629bb9366fae97c15e82b6aae971a5dffacf61bf3f217
C:\Users\koush\OneDrive\Documents\archive (4)\Dataset\Extrovert\EX_276.jpg,Extrovert,True,852,159,RGB,3de68e7d309a5df1b4b00f629461a0a98a642ceddca19d606274a678499cb89f
C:\Users\koush\OneDrive\Documents\archive (4)\Dataset\Extrovert\EX_277.jpg,Extrovert,True,302,366,RGB,8a7e8d124bcc134694cb843594585eefaea4e9a351f6ae06722943d518e03462
C:\Users\koush\OneDrive\Documents\archive (4)\Dataset\Extrovert\EX_278.jpg,Extrovert,True,475,308,RGB,3ecae3421d9f28cb3f6d2f0bb98eeefbebb4f15d87b64c4f9698d66f1d341eb0
C:\Users\koush\OneDrive\Documents\archive (4)\Dataset\Extrovert\EX_279.jpg,Extrovert,True,414,193,RGB,a701617402b9613ca308c049bc2589deae522d6d1c8a008d9a90beb705ccc09c
C:\Users\koush\OneDrive\Documents\archive (4)\Dataset\Extrovert\EX_28.jpg,Extrovert,True,764,325,RGB,245aa8b9c4fe44616a99f6011bb1f81aa2d9125cab74ea8ca79ee8b17d98bc3b
C:\Users\koush\OneDrive\Documents\archive (4)\Dataset\Extrovert\EX_280.jpg,Extrovert,True,235,276,RGB,4c43d56946a5ff0273c1f015770389bb2c8c365ef94774a676f514f00afb9df2
C:\Users\koush\OneDrive\Documents\archive (4)\Dataset\Extrovert\EX_281.jpg,Extrovert,True,483,314,RGB,6fa1e90ed37bd6b169000368bfc0226424dd4b0654093008446404a3aff5f4fe
C:\Users\koush\OneDrive\Documents\archive (4)\Dataset\Extrovert\EX_282.jpg,Extrovert,True,422,199,RGB,533ad58ba5d97369d9cf115335d1429a07d98ef0a297df886d29185f201fa2b4
C:\Users\koush\OneDrive\Documents\archive (4)\Dataset\Extrovert\EX_283.jpg,Extrovert,True,298,336,RGB,f67c4a359ebf66dc9b8b81b3f1144e8607307da32695224b3d50398822dca1f9
C:\Users\koush\OneDrive\Documents\archive (4)\Dataset\Extrovert\EX_284.jpg,Extrovert,True,547,356,RGB,a5a878b03046d5ddb4aeb2df265e9ad4aa967a4563d89ce688d0e13dbb8c9f65
C:\Users\koush\OneDrive\Documents\archive (4)\Dataset\Extrovert\EX_285.jpg,Extrovert,True,421,228,RGB,caf1439c6b928ed693cf10172315181dbb27d58dec3986f40da1e6e07e98adb0
C:\Users\koush\OneDrive\Documents\archive (4)\Dataset\Extrovert\EX_286.jpg,Extrovert,True,443,388,RGB,040ba398c00b851c7b57440551627fd8332ce6bdb6d266d2586acf997a97ae85
C:\Users\koush\OneDrive\Documents\archive (4)\Dataset\Extrovert\EX_287.jpg,Extrovert,True,659,445,RGB,9e3df6f2cab60bbb93a48dce6d5d9b2dd07ed5997e3ec3a6ca4cdc205d6f8bcd
C:\Users\koush\OneDrive\Documents\archive (4)\Dataset\Extrovert\EX_288.jpg,Extrovert,True,562,207,RGB,4cbe983ad6b70be5333164395c1e731e239ab219f09d6418bbf6cb324abfea4d
C:\Users\koush\OneDrive\Documents\archive (4)\Dataset\Extrovert\EX_289.jpg,Extrovert,True,265,355,RGB,e9c1fd6b64ee28f34aa48a2f9bc82132b7d21b450aba950a1a32c9558bf4d0d3
C:\Users\koush\OneDrive\Documents\archive (4)\Dataset\Extrovert\EX_29.jpg,Extrovert,True,588,235,RGB,fa174136bedf8ce2beb7677684fd1745ff0840b1b3f09ce0aca15910a283c3d3
C:\Users\koush\OneDrive\Documents\archive (4)\Dataset\Extrovert\EX_290.jpg,Extrovert,True,527,328,RGB,6f08c9404563a3e3ab1b55c81f5b0b96b8f2b78df0cb3cb7d75b2d3a616078e0
C:\Users\koush\OneDrive\Documents\archive (4)\Dataset\Extrovert\EX_291.jpg,Extrovert,True,384,158,RGB,c839fa4ddda7403017e9480c2b8781ac16b90b8c498a29fd5f975d4ca07637b9
C:\Users\koush\OneDrive\Documents\archive (4)\Dataset\Extrovert\EX_292.jpg,Extrovert,True,697,365,RGB,74c45bd3c9e28672ec432fd082c432aec5446499d650f38bfdc70986a33a90ea
C:\Users\koush\OneDrive\Documents\archive (4)\Dataset\Extrovert\EX_293.jpg,Extrovert,True,895,487,RGB,cbec0f8c935fcaf1a56d45cd1013133941b7c645e24bab8caf5bac33730b3abf
C:\Users\koush\OneDrive\Documents\archive (4)\Dataset\Extrovert\EX_294.jpg,Extrovert,True,672,98,RGB,41f6c62ff1cb920f031d0de4436df3fb4d2771f743a9cf7f0db3a60210fbb19c
C:\Users\koush\OneDrive\Documents\archive (4)\Dataset\Extrovert\EX_295.jpg,Extrovert,True,447,406,RGB,bd698241b23c47ed7c6c9d5d87cc07fc8bf2c8418ec1ebda10cb7c9e5baa43a9
C:\Users\koush\OneDrive\Documents\archive (4)\Dataset\Extrovert\EX_296.jpg,Extrovert,True,591,362,RGB,bf9c64fe6bac2f3d9f9f400cdd8fe72c9e16244602e761dd74aaf68ecc9f9b58
C:\Users\koush\OneDrive\Documents\archive (4)\Dataset\Extrovert\EX_297.jpg,Extrovert,True,661,361,RGB,ff3cb65667aaf9834e3197a990fb82e95ba13b94d14bec71d9c13a03e7a6b4d6
C:\Users\koush\OneDrive\Documents\archive (4)\Dataset\Extrovert\EX_298.jpg,Extrovert,True,239,261,RGB,cea005b149e18919681d47a3ca355b281d87c3d661421f82fb3cd792d87668ba
C:\Users\koush\OneDrive\Documents\archive (4)\Dataset\Extrovert\EX_299.jpg,Extrovert,True,513,345,RGB,003ed70d9b60d6103ebb9adc2bf4127208601c2e1a75cd6a8eafb932b5cd4501
C:\Users\koush\OneDrive\Documents\archive (4)\Dataset\Extrovert\EX_3.jpg,Extrovert,True,1493,942,RGB,e92d8cab6ec63b8a8c873456a74d59883d74bf1594483685aeb7b087e27ce1ed
C:\Users\koush\OneDrive\Documents\archive (4)\Dataset\Extrovert\EX_30.jpg,Extrovert,True,455,372,RGB,3a7c99ad7cadd6e3f118d8fd37593a0d31c672fc5d35bf648f09eda36841628e
C:\Users\koush\OneDrive\Documents\archive (4)\Dataset\Extrovert\EX_300.jpg,Extrovert,True,446,166,RGB,16db7fce98467d7da93c328b67b091a2e8547af0c2ad08c61ae741c427db6549
C:\Users\koush\OneDrive\Documents\archive (4)\Dataset\Extrovert\EX_301.jpg,Extrovert,True,244,314,RGB,02776115595a7891b3f5251dd203066746983b807cb9f736f943917a1f04ae69
C:\Users\koush\OneDrive\Documents\archive (4)\Dataset\Extrovert\EX_302.jpg,Extrovert,True,434,286,RGB,aac25aa5d82649e09029c6c18b0f8525fe901012c3e25a3143448491e0a4482c
C:\Users\koush\OneDrive\Documents\archive (4)\Dataset\Extrovert\EX_303.jpg,Extrovert,True,483,223,RGB,cf416ca08aa34dbc45576c4b93a24a3859619d73ccbab23f1fe3a0082edda723
C:\Users\koush\OneDrive\Documents\archive (4)\Dataset\Extrovert\EX_304.jpg,Extrovert,True,343,363,RGB,30bb1d741095a53fe3eff8065021f9a1776294dbdc95bb655d247b4d1c3fbf52
C:\Users\koush\OneDrive\Documents\archive (4)\Dataset\Extrovert\EX_305.jpg,Extrovert,True,758,446,RGB,fcd523512d40f72e3db6663a412caeea0d77aa394a9fd8112de92f61bea7cc3e
C:\Users\koush\OneDrive\Documents\archive (4)\Dataset\Extrovert\EX_306.jpg,Extrovert,True,451,262,RGB,963add2cceeb23f3e9cc095a63cb6400b75541d51971d96324bbaf34fa80c806
C:\Users\koush\OneDrive\Documents\archive (4)\Dataset\Extrovert\EX_307.jpg,Extrovert,True,407,422,RGB,a07e9599534fdf05c4aafe3aebb51005e6b418f4ce870b5aa89a6bae522659eb
C:\Users\koush\OneDrive\Documents\archive (4)\Dataset\Extrovert\EX_308.jpg,Extrovert,True,500,334,RGB,b8994c7713c2a7f80adad213c554cec308d7b04ac0ba336a43c101df73abc45e
C:\Users\koush\OneDrive\Documents\archive (4)\Dataset\Extrovert\EX_309.jpg,Extrovert,True,389,164,RGB,b401477b3bad9e09bfe9830ab9f7e4f90b8810945d7f60637d6b250d6810c61f
C:\Users\koush\OneDrive\Documents\archive (4)\Dataset\Extrovert\EX_31.JPG,Extrovert,True,815,280,RGB,19ca05d0b56f80cc5cad6999f693dc636cbac77060d6fb3b0d4eed11b27a98f9
C:\Users\koush\OneDrive\Documents\archive (4)\Dataset\Extrovert\EX_310.jpg,Extrovert,True,582,354,RGB,9b765b9577099ef48342f30f2197dd3e1a8f03a3401ce73b2c9e3415f5ad13a0
C:\Users\koush\OneDrive\Documents\archive (4)\Dataset\Extrovert\EX_311.jpg,Extrovert,True,959,473,RGB,f03fd9ad1213ea4233fc85193d91e133d285fa8a0a0e2ad58af6bc24ba64a5b6
C:\Users\koush\OneDrive\Documents\archive (4)\Dataset\Extrovert\EX_312.jpg,Extrovert,True,914,179,RGB,927762011f9c552c83797986906791f698cee9a7777ab4fdf825e7dc47cbbb3c
C:\Users\koush\OneDrive\Documents\archive (4)\Dataset\Extrovert\EX_313.jpg,Extrovert,True,219,270,RGB,68903b91048b57f618dd2ca1fb65555beee3c256acf7e7aa212d85f624b8ebfb
C:\Users\koush\OneDrive\Documents\archive (4)\Dataset\Extrovert\EX_314.jpg,Extrovert,True,566,383,RGB,959cbe9380ce98e4d9f2c1cc2cc2a00d9177f435dfc5c528d29174072b0f79af
C:\Users\koush\OneDrive\Documents\archive (4)\Dataset\Extrovert\EX_315.jpg,Extrovert,True,211,115,RGB,8614e208e4e91f5c6c4d2eeacbec4d8e0e2219c5f33016a04d85fb200e3e7366
C:\Users\koush\OneDrive\Documents\archive (4)\Dataset\Extrovert\EX_316.jpg,Extrovert,True,287,252,RGB,cb8307de1e2a208bcdbfa275d1b766fc4c2c3a5dba255b6c4b590109e4819bfa
C:\Users\koush\OneDrive\Documents\archive (4)\Dataset\Extrovert\EX_317.jpg,Extrovert,True,639,374,RGB,29df36830c75aafdb083315daa3f1c2010e0dd9bc7ed0677906c01dfcffc9317
C:\Users\koush\OneDrive\Documents\archive (4)\Dataset\Extrovert\EX_318.jpg,Extrovert,True,274,133,RGB,97a0c3de101136ceb5585730d483432d64435d3ed83d3bb93e6b1c9221d8a155
C:\Users\koush\OneDrive\Documents\archive (4)\Dataset\Extrovert\EX_319.jpg,Extrovert,True,514,261,RGB,364acab7029ff4ccaf4971435afb21c79d187eb2da9c56b188c39dc1c21852ce
C:\Users\koush\OneDrive\Documents\archive (4)\Dataset\Extrovert\EX_32.jpg,Extrovert,True,1436,561,RGB,f7dbb13802cf71feaebc771b44384629bde6eabcb6733f0b0cbf82472061f395
C:\Users\koush\OneDrive\Documents\archive (4)\Dataset\Extrovert\EX_320.jpg,Extrovert,True,570,371,RGB,d248d74f991dce32bafff1aeebb7548b54c9aa1058addc13e64c1d8ac9285c6b
C:\Users\koush\OneDrive\Documents\archive (4)\Dataset\Extrovert\EX_321.jpg,Extrovert,True,513,107,RGB,8fee499059b8bfd9007f49f9f84270795d2456943598fc276523ffd5dfd73a37
C:\Users\koush\OneDrive\Documents\archive (4)\Dataset\Extrovert\EX_322.jpg,Extrovert,True,324,240,RGB,6c908f0049b616f56be85630f965aa3e6e8b95c0154b69507d436bb2e85f871b
C:\Users\koush\OneDrive\Documents\archive (4)\Dataset\Extrovert\EX_323.jpg,Extrovert,True,520,274,RGB,02b14b6b63aa8453cb812844993a54a520d7dd031da1d619f3a25ed6ce21962a
C:\Users\koush\OneDrive\Documents\archive (4)\Dataset\Extrovert\EX_324.jpg,Extrovert,True,331,102,RGB,627d172c03ca971835ce6fed89ddb411d14ab05cb293a7ed2c3edf0153eb257f
C:\Users\koush\OneDrive\Documents\archive (4)\Dataset\Extrovert\EX_325.jpg,Extrovert,True,440,316,RGB,1cacb83761721207c0e2e319f89c2c06baba201bab55e46f6551f1d12bf1d5c1
C:\Users\koush\OneDrive\Documents\archive (4)\Dataset\Extrovert\EX_326.jpg,Extrovert,True,776,474,RGB,edf95b5880a28ffad7882297baf5a6e90fc3f5837d6d3ec2de730e4925e4548b
C:\Users\koush\OneDrive\Documents\archive (4)\Dataset\Extrovert\EX_327.jpg,Extrovert,True,435,193,RGB,00524a302e1efe5b9c07560c610cb739b33ab98b906c0e2e42d706269310a43b
C:\Users\koush\OneDrive\Documents\archive (4)\Dataset\Extrovert\EX_328.jpg,Extrovert,True,205,265,RGB,9c7cf98cee416a187c070297004b93adfd3ec8ec6df218302c261a6c2aa4fcd3
C:\Users\koush\OneDrive\Documents\archive (4)\Dataset\Extrovert\EX_329.jpg,Extrovert,True,485,324,RGB,1600780c651829468ad76fe5acad022b09ced822c2ce51340c3d366f766b53e6
C:\Users\koush\OneDrive\Documents\archive (4)\Dataset\Extrovert\EX_33.jpg,Extrovert,True,562,455,RGB,4a1f6f63650cf5d87707d4748b2b8ac49e4f8dcb0e02726405628fb4cc78a385
C:\Users\koush\OneDrive\Documents\archive (4)\Dataset\Extrovert\EX_330.jpg,Extrovert,True,186,125,RGB,0ab00cc6fece7d4ad95262a236a618e38408875bbb88f93d473671f842b81cac
C:\Users\koush\OneDrive\Documents\archive (4)\Dataset\Extrovert\EX_331.jpg,Extrovert,True,337,328,RGB,b9aa639843a837ff516826aa44e5f697b2ebbda04bd348332ada8455dc732446
C:\Users\koush\OneDrive\Documents\archive (4)\Dataset\Extrovert\EX_332.jpg,Extrovert,True,457,314,RGB,cba10f0d0cf318473cb402531d457ed4e37b2ba621af769db346f08cbb9a2300
C:\Users\koush\OneDrive\Documents\archive (4)\Dataset\Extrovert\EX_333.jpg,Extrovert,True,454,205,RGB,30a58212dfa89c4ac1344e9ba14494fdb3effea3d15dc0c3ad3c152a2bedf10f
C:\Users\koush\OneDrive\Documents\archive (4)\Dataset\Extrovert\EX_334.jpg,Extrovert,True,357,328,RGB,3880c8afd3f08c5ea003134b40cca6ca494eaa93b2f99d58a884a0f7f951ed54
C:\Users\koush\OneDrive\Documents\archive (4)\Dataset\Extrovert\EX_335.jpg,Extrovert,True,603,404,RGB,944caa8761b2c35af0415ba493613d3021584fa8a5614944ef62052ff858ff3f
C:\Users\koush\OneDrive\Documents\archive (4)\Dataset\Extrovert\EX_336.jpg,Extrovert,True,767,281,RGB,ca6f45cb255070ff4dfd918472f28e526195c14dd0292a948d8b3dbb38798007
C:\Users\koush\OneDrive\Documents\archive (4)\Dataset\Extrovert\EX_337.jpg,Extrovert,True,507,328,RGB,19b41960b13b42155154483c41e4dd250b353eb46aba2f5d64ec2628dba1b407
C:\Users\koush\OneDrive\Documents\archive (4)\Dataset\Extrovert\EX_338.jpg,Extrovert,True,673,422,RGB,d63dfacf43850a9b66f06b2504ca459cad37b9a900fe6abca5d86ecb13af0167
C:\Users\koush\OneDrive\Documents\archive (4)\Dataset\Extrovert\EX_339.jpg,Extrovert,True,630,235,RGB,71f15c152b511589b99ac1cd6223cd17609eca11206733b53f030e4c0f7eefff
C:\Users\koush\OneDrive\Documents\archive (4)\Dataset\Extrovert\EX_34.jpg,Extrovert,True,859,426,RGB,b7e7c0dea1d4889ba9e6785eb7198fd24fdb5c6070a9548399edc75f90e343a1
C:\Users\koush\OneDrive\Documents\archive (4)\Dataset\Extrovert\EX_340.jpg,Extrovert,True,219,259,RGB,af22e310a251991601dd5e879ba0f82220abcfe92cb061e17d309207fb079282
C:\Users\koush\OneDrive\Documents\archive (4)\Dataset\Extrovert\EX_341.jpg,Extrovert,True,445,300,RGB,0250e454d6e9e49a1492d11dbf2063926d863420445f689759a334bf2277aec8
C:\Users\koush\OneDrive\Documents\archive (4)\Dataset\Extrovert\EX_342.jpg,Extrovert,True,379,153,RGB,2ee9cb4d52c0ed0dd4e0ead89d3a872d95b4fe832707d1d64da8d4d66b61f5f1
C:\Users\koush\OneDrive\Documents\archive (4)\Dataset\Extrovert\EX_343.jpg,Extrovert,True,272,302,RGB,6cc4d2a06d632369c8fd269d71cd34ff62446ddab8f7110a2c68d1a45d43400c
C:\Users\koush\OneDrive\Documents\archive (4)\Dataset\Extrovert\EX_344.jpg,Extrovert,True,784,503,RGB,5a4c90112ba45b9868c4554478879313dee76add2d248f609ff6860161214277
C:\Users\koush\OneDrive\Documents\archive (4)\Dataset\Extrovert\EX_345.jpg,Extrovert,True,481,168,RGB,56557bc79435b713376a689f741ad7e00592aea466c1dea1d633474ffc7ec0b5
C:\Users\koush\OneDrive\Documents\archive (4)\Dataset\Extrovert\EX_346.jpg,Extrovert,True,342,358,RGB,a58f6ea8758552642e80a7e24aa698f0dbb41eb632094540e8c31b1ad24989b2
C:\Users\koush\OneDrive\Documents\archive (4)\Dataset\Extrovert\EX_347.jpg,Extrovert,True,586,356,RGB,016d3f781c78277340f9b708ca402ddd1fb69eca154421b026ed607a2952e62c
C:\Users\koush\OneDrive\Documents\archive (4)\Dataset\Extrovert\EX_348.jpg,Extrovert,True,545,153,RGB,fa905be7c5c3134965549b7de761c721e763473e94ba88c040dbc72acd313a1b
C:\Users\koush\OneDrive\Documents\archive (4)\Dataset\Extrovert\EX_349.jpg,Extrovert,True,331,374,RGB,b573c52be33217a81ff1d92746e9f48d8f87eefce2c7191d34c44e4d98cf7b41
C:\Users\koush\OneDrive\Documents\archive (4)\Dataset\Extrovert\EX_35.jpg,Extrovert,True,1169,596,RGB,00ceb3824751192d8c32289f1cea8d88389303fc4de84a56b9a067991158a6e0
C:\Users\koush\OneDrive\Documents\archive (4)\Dataset\Extrovert\EX_350.jpg,Extrovert,True,522,365,RGB,b9d7238ba7b59f7e6b98a2f68811a6070cad096c90d764efdda16f78affa5a52
C:\Users\koush\OneDrive\Documents\archive (4)\Dataset\Extrovert\EX_351.jpg,Extrovert,True,447,195,RGB,4528fb8cc516ca8572fad87c6478d96f0679d84504b59f97a32d65b68d73422c
C:\Users\koush\OneDrive\Documents\archive (4)\Dataset\Extrovert\EX_352.jpg,Extrovert,True,331,350,RGB,eecdfb62467af774ef8b580ff1c1f5e3aaadb5a939b345f979f81ee9b57b6047
C:\Users\koush\OneDrive\Documents\archive (4)\Dataset\Extrovert\EX_353.jpg,Extrovert,True,768,442,RGB,d4921a4d11ca25a955288df3fb944ae97ded6b310e339b6abab0e60fbe938607
C:\Users\koush\OneDrive\Documents\archive (4)\Dataset\Extrovert\EX_354.jpg,Extrovert,True,496,223,RGB,cabfa06493944ba84d238d6a0128dbcf443a1f9728552cc927d694ebfe8f1889
C:\Users\koush\OneDrive\Documents\archive (4)\Dataset\Extrovert\EX_355.jpg,Extrovert,True,411,367,RGB,899f5ff40e772395eac03ccb74e02a874b8cba47103eb2636f752901cee73c5e
C:\Users\koush\OneDrive\Documents\archive (4)\Dataset\Extrovert\EX_356.jpg,Extrovert,True,643,389,RGB,ea039f657b74e9fbb2619131a80b6d8c6594bd79280bb25708d64fe571cdf6f2
C:\Users\koush\OneDrive\Documents\archive (4)\Dataset\Extrovert\EX_357.jpg,Extrovert,True,519,195,RGB,d407ec98503db3e212c39a365f962f4326f8bb692edd9c584f7e154202998f0b
C:\Users\koush\OneDrive\Documents\archive (4)\Dataset\Extrovert\EX_358.jpg,Extrovert,True,616,520,RGB,98a3a259c7e99c6f3395d41d0a4b77df53c2fc39a9b889c92dcdcd123fc7f688
C:\Users\koush\OneDrive\Documents\archive (4)\Dataset\Extrovert\EX_359.jpg,Extrovert,True,746,375,RGB,409e3cbbb5502bbc9b38818c82dd259c20a441bb96c1808ce0668db9d1514be9
C:\Users\koush\OneDrive\Documents\archive (4)\Dataset\Extrovert\EX_36.jpg,Extrovert,True,656,598,RGB,a0dccaa7bf8e23a71313510a0304442847f9a8d105279f3ce924284b457d6979
C:\Users\koush\OneDrive\Documents\archive (4)\Dataset\Extrovert\EX_360.jpg,Extrovert,True,605,150,RGB,41078e2447192e20a8adf65fefd12881b39576818ac5d6bb301ac95e3885d33c
C:\Users\koush\OneDrive\Documents\archive (4)\Dataset\Extrovert\EX_361.jpg,Extrovert,True,353,270,RGB,7fc6e54d823a1dac7a49383ca85a40ac4b8e008d6bce4415cef242455ddd3fee
C:\Users\koush\OneDrive\Documents\archive (4)\Dataset\Extrovert\EX_362.jpg,Extrovert,True,762,497,RGB,899af5badc5a1558f2a604cc9cb58a5a8392805d1117ce08ff6d007ef1d5f268
C:\Users\koush\OneDrive\Documents\archive (4)\Dataset\Extrovert\EX_363.jpg,Extrovert,True,852,272,RGB,add0c0b7e7cecc0eed4b26539d3161811baacdc8e7b70045934800041ac13ee2
C:\Users\koush\OneDrive\Documents\archive (4)\Dataset\Extrovert\EX_364.jpg,Extrovert,True,260,269,RGB,582323a811866747825bb1ddebc4fde20a0c4605346de74bfe255f7172a5bae8
C:\Users\koush\OneDrive\Documents\archive (4)\Dataset\Extrovert\EX_365.jpg,Extrovert,True,541,378,RGB,db49a27ff66e8860edd47c0d5d6809548e8267d32c13d63c334a7705dbb76b00
C:\Users\koush\OneDrive\Documents\archive (4)\Dataset\Extrovert\EX_366.jpg,Extrovert,True,563,252,RGB,a56634d9ba69e8e2159bf0a4b67d7433b0727ccdd6e7bbe15676663a64437355
C:\Users\koush\OneDrive\Documents\archive (4)\Dataset\Extrovert\EX_367.jpg,Extrovert,True,953,372,RGB,53eba7db68cc662c2bef058a616d60d0e65e592aedac52f970a966dcd06e00d9
C:\Users\koush\OneDrive\Documents\archive (4)\Dataset\Extrovert\EX_368.jpg,Extrovert,True,800,383,RGB,9bc040a262b68854815dd22d3d06794f7e4f6c21d51011790fc2bffc5df9af20
C:\Users\koush\OneDrive\Documents\archive (4)\Dataset\Extrovert\EX_369.jpg,Extrovert,True,1031,177,RGB,08c6be9244d7b22319688dd40470c17530573dd5f15ca5d9e2310b70aee0ee12
C:\Users\koush\OneDrive\Documents\archive (4)\Dataset\Extrovert\EX_37.jpg,Extrovert,True,695,221,RGB,ab95574cf5c1a9210f3d6fe826cee8165e0bdde3b40c959f8e72d44c7f9095ca
C:\Users\koush\OneDrive\Documents\archive (4)\Dataset\Extrovert\EX_370.jpg,Extrovert,True,281,345,RGB,fad47f1eea8476b109edd3ca8a113397bc39e4dfcc72f15c25cbc8fc37f258ba
C:\Users\koush\OneDrive\Documents\archive (4)\Dataset\Extrovert\EX_371.jpg,Extrovert,True,498,315,RGB,78e133e9bd93c19a80c6d76ce72425e60a958742afc4813719bc710f227dee49
C:\Users\koush\OneDrive\Documents\archive (4)\Dataset\Extrovert\EX_372.jpg,Extrovert,True,286,162,RGB,35c2421f816b64d6669f00dd98bd0c56e581d19c89d6d876153e356a124aec61
C:\Users\koush\OneDrive\Documents\archive (4)\Dataset\Extrovert\EX_373.jpg,Extrovert,True,397,297,RGB,e1a0db3111acdec2065ecfe7405468f7b7175e64089fd7c340e2861be402265e
C:\Users\koush\OneDrive\Documents\archive (4)\Dataset\Extrovert\EX_374.jpg,Extrovert,True,792,395,RGB,f3e562834ae73716699d0ee0456d22ec6cd36a79ae4b46103ec4e54ca87e52dd
C:\Users\koush\OneDrive\Documents\archive (4)\Dataset\Extrovert\EX_375.jpg,Extrovert,True,400,99,RGB,091009bdc81d4c027a1b0e309dcae0e03f415fc3ed1e14d9775a0a5bfe1145c4
C:\Users\koush\OneDrive\Documents\archive (4)\Dataset\Extrovert\EX_376.jpg,Extrovert,True,451,465,RGB,ea3eeb549bae51bf9caf7aeba91bfb0f168de5c713d6c2a16eb1e33c9508305a
C:\Users\koush\OneDrive\Documents\archive (4)\Dataset\Extrovert\EX_377.jpg,Extrovert,True,762,483,RGB,58cddcd7bb4721920470a5dfc4c06d3bb2f611e75d2914c3e772792be41d7021
C:\Users\koush\OneDrive\Documents\archive (4)\Dataset\Extrovert\EX_378.jpg,Extrovert,True,455,142,RGB,9ec014bb940cc264142560f4c5e29ccfb61ee045b470f2757fedf4d1a34e216f
C:\Users\koush\OneDrive\Documents\archive (4)\Dataset\Extrovert\EX_379.jpg,Extrovert,True,472,425,RGB,77996a2a18934064f9977424c1fbd332b48b4496fb4afd351995f47b4077f8a6
C:\Users\koush\OneDrive\Documents\archive (4)\Dataset\Extrovert\EX_38.jpg,Extrovert,True,1509,716,RGB,61907a6038169d45ca06425d6557b8bcf261f11eccab0971c21d398757d6bc2c
C:\Users\koush\OneDrive\Documents\archive (4)\Dataset\Extrovert\EX_380.jpg,Extrovert,True,773,489,RGB,a908e485bbff6790990b7f441b15fc78843989fa6a5e3fb41cf81f1c1f5232dd
C:\Users\koush\OneDrive\Documents\archive (4)\Dataset\Extrovert\EX_381.jpg,Extrovert,True,475,134,RGB,e53fe0e2384fbc92a14472490b3738f6dea1de21726cb9a58e29c910facadb6a
C:\Users\koush\OneDrive\Documents\archive (4)\Dataset\Extrovert\EX_382.jpg,Extrovert,True,442,395,RGB,7bb6133e09363b34a8f04b4da9f83a624a7c39c747aba83e6b571beab4139d06
C:\Users\koush\OneDrive\Documents\archive (4)\Dataset\Extrovert\EX_383.jpg,Extrovert,True,826,427,RGB,f817f4f330b334508449b6db11a9ab5bac9c989b8893e6b78bf7a670e4d9324d
C:\Users\koush\OneDrive\Documents\archive (4)\Dataset\Extrovert\EX_384.jpg,Extrovert,True,450,167,RGB,c6b9409da0d905c57ced9e00285677741a156867e889f68e641fc372411e8721
C:\Users\koush\OneDrive\Documents\archive (4)\Dataset\Extrovert\EX_385.jpg,Extrovert,True,526,535,RGB,740bf5b1ee9dc3654a714db1228de6c4a47a9f5bd6fcc2d298d5fef7d6fa3dd3
C:\Users\koush\OneDrive\Documents\archive (4)\Dataset\Extrovert\EX_386.jpg,Extrovert,True,601,408,RGB,733bc90239d620dc9b3f60bfff89481ed8682c6babdab95340eabdf12011247a
C:\Users\koush\OneDrive\Documents\archive (4)\Dataset\Extrovert\EX_387.jpg,Extrovert,True,509,184,RGB,7536dac0f2b32b16bad20d2e1a2f4da1dae2ad0f52a04c38d2ffd834d5a09c2d
C:\Users\koush\OneDrive\Documents\archive (4)\Dataset\Extrovert\EX_388.jpg,Extrovert,True,909,494,RGB,415456185a2fd3c81a633de4b232b0e1e75fbc5313eaefd60c23de76e1c3661f
C:\Users\koush\OneDrive\Documents\archive (4)\Dataset\Extrovert\EX_389.jpg,Extrovert,True,1027,543,RGB,3197066b08d97919fc0123e7618d01ff5e9968f4a977469fe8a7caa6c3e0267f
C:\Users\koush\OneDrive\Documents\archive (4)\Dataset\Extrovert\EX_39.jpg,Extrovert,True,522,403,RGB,969bd1a64ebc19337fa86358d580ca12835732c6714b0cda440ad7459dd49595
C:\Users\koush\OneDrive\Documents\archive (4)\Dataset\Extrovert\EX_390.jpg,Extrovert,True,924,173,RGB,3dc0b2e0a4165ec4ef0a763e8c0bcb9808e466925a7f711eb4dd7f6fea6dcb8e
C:\Users\koush\OneDrive\Documents\archive (4)\Dataset\Extrovert\EX_391.jpg,Extrovert,True,874,545,RGB,b50a71094053e43797d30514ea35a52da2a4f04e0abe660564b578ec05c094ae
C:\Users\koush\OneDrive\Documents\archive (4)\Dataset\Extrovert\EX_392.jpg,Extrovert,True,989,471,RGB,34eb0a56c0f46dbad3306b7fa56dc414b84b2c428b7493e7e8713733de24b0fe
C:\Users\koush\OneDrive\Documents\archive (4)\Dataset\Extrovert\EX_393.jpg,Extrovert,True,873,152,RGB,a4e1d6d30f6567d80d247eba40b96a20e8fc340acb5cc8be1063f9ecb8b7bbc7
C:\Users\koush\OneDrive\Documents\archive (4)\Dataset\Extrovert\EX_394.jpg,Extrovert,True,1294,630,RGB,b6f45e5ca7fbcc1ff4c403a183c061c310f71433f4fd762e2484340922305bc7
C:\Users\koush\OneDrive\Documents\archive (4)\Dataset\Extrovert\EX_395.jpg,Extrovert,True,1153,602,RGB,5f6b4b34a68cfd2e4fdab9f358e9f2c164fa2e5c8e9170e092da0de30fa86877
C:\Users\koush\OneDrive\Documents\archive (4)\Dataset\Extrovert\EX_396.jpg,Extrovert,True,1304,189,RGB,ee37257d42f3704ec5f92424a27665327ea7b4f005a9023c7f5c0de21bcb7e4d
C:\Users\koush\OneDrive\Documents\archive (4)\Dataset\Extrovert\EX_397.jpg,Extrovert,True,1168,605,RGB,49bcaf81822ef6d8927f56f9e87cafdc23d2b9052d68b807668f65ea92a7241c
C:\Users\koush\OneDrive\Documents\archive (4)\Dataset\Extrovert\EX_398.jpg,Extrovert,True,1137,533,RGB,8a18b708675cac5631f8f95bf4c77b82b7ff242335af39c516c94919d500e493
C:\Users\koush\OneDrive\Documents\archive (4)\Dataset\Extrovert\EX_399.jpg,Extrovert,True,1170,157,RGB,6820129a1a8ea68d7a5f589f3b2d2790e1f1927dedf5a9b0418bb12b95aa7015
C:\Users\koush\OneDrive\Documents\archive (4)\Dataset\Extrovert\EX_4.jpg,Extrovert,True,1619,466,RGB,6deed1a619fcf24d7a3ade7fc290316082bfd7388fe4c68959cc29a4454597ee
C:\Users\koush\OneDrive\Documents\archive (4)\Dataset\Extrovert\EX_40.jpg,Extrovert,True,735,241,RGB,28851eba49bd251152e6a61c4f39f2d3af4d666dc38cb7962f8a4ff9c59d0a9e
C:\Users\koush\OneDrive\Documents\archive (4)\Dataset\Extrovert\EX_400.jpg,Extrovert,True,1028,546,RGB,7e9b763d8ddc24141cec78fbd50e09beaaddd8e8807debf3a5fc22cb63f3e536
C:\Users\koush\OneDrive\Documents\archive (4)\Dataset\Extrovert\EX_401.jpg,Extrovert,True,930,533,RGB,c215adc7b0b9a115e05989f2652dccb2c2447274cf7251925d71865ebc21a15d
C:\Users\koush\OneDrive\Documents\archive (4)\Dataset\Extrovert\EX_402.jpg,Extrovert,True,1030,177,RGB,5fb1c84cf4620044ed6c0ba1f9bfd97812d6e754d9072bbabf57b451c875ca04
C:\Users\koush\OneDrive\Documents\archive (4)\Dataset\Extrovert\EX_403.jpg,Extrovert,True,657,471,RGB,bbf34128471f1f45ac6796a4964aa37d6f6cd119945abfeaf22a11546a993178
C:\Users\koush\OneDrive\Documents\archive (4)\Dataset\Extrovert\EX_404.jpg,Extrovert,True,844,530,RGB,08e864d8432eba76b51ffd73e678600296c92632794f053908b71c7bdcf9642e
C:\Users\koush\OneDrive\Documents\archive (4)\Dataset\Extrovert\EX_405.jpg,Extrovert,True,635,177,RGB,6328b51170490f335bc76f7b7d2fff1fe671eaf6c184ba3670d85b07d3d23335
C:\Users\koush\OneDrive\Documents\archive (4)\Dataset\Extrovert\EX_406.jpg,Extrovert,True,772,394,RGB,ffe17a1c13f746b9bbfef7926b46e63901aefded243e0c2957cf80120d1e2641
C:\Users\koush\OneDrive\Documents\archive (4)\Dataset\Extrovert\EX_407.jpg,Extrovert,True,771,389,RGB,306e1309f58c44312e7baae4336b03a7050705a088bf3611d90b2ca9802aef53
C:\Users\koush\OneDrive\Documents\archive (4)\Dataset\Extrovert\EX_408.jpg,Extrovert,True,776,114,RGB,39ffcfb24d1bfe658bde31e89984f9bdc9335607be1abeaaf4e3fa3a9d8c9eba
C:\Users\koush\OneDrive\Documents\archive (4)\Dataset\Extrovert\EX_409.jpg,Extrovert,True,552,372,RGB,3df6eaef83bdf099391865d4e9635c58e8d710f68256649d54cdc54911cebdee
C:\Users\koush\OneDrive\Documents\archive (4)\Dataset\Extrovert\EX_41.jpg,Extrovert,True,1661,606,RGB,d7699cccfc87b7ab4401ca21badeaa70782a1e8b5a842b11cff1d421b3aa99a7
C:\Users\koush\OneDrive\Documents\archive (4)\Dataset\Extrovert\EX_410.jpg,Extrovert,True,904,438,RGB,f8e547598c99591e57563eb8582f72ace8f5f45ae4c8a202c06fcb1362151ced
C:\Users\koush\OneDrive\Documents\archive (4)\Dataset\Extrovert\EX_411.jpg,Extrovert,True,554,97,RGB,451e88e5f1843145b7c46fe8c2ce2f10fb3a1635095a7bbc800a435becd66fb0
C:\Users\koush\OneDrive\Documents\archive (4)\Dataset\Extrovert\EX_412.jpg,Extrovert,True,864,583,RGB,69221e064b784816ffb86aa77c2f6774334b3a762af205b663ac755c23c12f9c
C:\Users\koush\OneDrive\Documents\archive (4)\Dataset\Extrovert\EX_413.jpg,Extrovert,True,988,511,RGB,24340662e8722229143f79660e07294922231bc1c8b69f38d4d42616ff019cbf
C:\Users\koush\OneDrive\Documents\archive (4)\Dataset\Extrovert\EX_414.jpg,Extrovert,True,870,185,RGB,825c03cf087a9720a7ce7187c3a48bf4af3af91406ee2a5bef4a8876735123e5
C:\Users\koush\OneDrive\Documents\archive (4)\Dataset\Extrovert\EX_415.jpg,Extrovert,True,795,451,RGB,ca78cb68316a178fe3f71c0a169889fc44e9d6d2a78e3c34f6ba19f856543d35
C:\Users\koush\OneDrive\Documents\archive (4)\Dataset\Extrovert\EX_416.jpg,Extrovert,True,914,450,RGB,3a38e2b82e4e53e274b2580e494a2d70f4db91ebf5aca58aa5cae062b05e0d20
C:\Users\koush\OneDrive\Documents\archive (4)\Dataset\Extrovert\EX_417.jpg,Extrovert,True,789,129,RGB,6dbd39db104ca50dc3a37645236c75c9d005d9858dca93bcabb0d5db1acddf33
C:\Users\koush\OneDrive\Documents\archive (4)\Dataset\Extrovert\EX_418.jpg,Extrovert,True,1198,737,RGB,f95379bf8fd620aa765a4e6d6489973e9fab5984bf8fbc704b13a523662ced39
C:\Users\koush\OneDrive\Documents\archive (4)\Dataset\Extrovert\EX_419.jpg,Extrovert,True,1315,710,RGB,ac3f731ca4d15fd0986c4d387b0f5217bc7592a9d8b0fe6ca27dcb4579aca505
C:\Users\koush\OneDrive\Documents\archive (4)\Dataset\Extrovert\EX_42.jpg,Extrovert,True,638,419,RGB,a6f32ef1f0f2ab520aa33798c9f524afc9b7cad29459364f14f2ca65cbd75289
C:\Users\koush\OneDrive\Documents\archive (4)\Dataset\Extrovert\EX_420.jpg,Extrovert,True,1187,191,RGB,158c69f6a61759d0ee421b216c5a983dbf0a2d92238bf8f3f31b5053bca593a5
C:\Users\koush\OneDrive\Documents\archive (4)\Dataset\Extrovert\EX_421.jpg,Extrovert,True,116,95,RGB,5e674f1d8ac841f0a71d8f91e4bb25ffa62f2ed323cba5d003fd92b7dc7c3cf5
C:\Users\koush\OneDrive\Documents\archive (4)\Dataset\Extrovert\EX_422.jpg,Extrovert,True,827,434,RGB,c2d1a4947191c47b7d6799f0eff8ba475c7c00a3a70b88a77b031f6fe41e2018
C:\Users\koush\OneDrive\Documents\archive (4)\Dataset\Extrovert\EX_423.jpg,Extrovert,True,262,68,RGB,8c4da478f25ed9e6b7ff362d61c5c6312810146157ded5ad2a84c3756fcb845a
C:\Users\koush\OneDrive\Documents\archive (4)\Dataset\Extrovert\EX_424.jpg,Extrovert,True,159,120,RGB,1e151f48052060c15d912b89d98348a364df0d391362c5f0b6640758ad9f1383
C:\Users\koush\OneDrive\Documents\archive (4)\Dataset\Extrovert\EX_425.jpg,Extrovert,True,659,428,RGB,dc694721396d17e07014f69a5800d7028f1cb13feb7bf2ecca21af7a0dab4242
C:\Users\koush\OneDrive\Documents\archive (4)\Dataset\Extrovert\EX_426.jpg,Extrovert,True,191,55,RGB,31006746a6ee8b99dc6d213559f39e26db86fed17ddb639c4cf8a9de77fccdfd
C:\Users\koush\OneDrive\Documents\archive (4)\Dataset\Extrovert\EX_427.jpg,Extrovert,True,201,56,RGB,45753be3fd54faa027b05cc81fd49c0eeac6318d5a702cd39fbd638157aabfac
C:\Users\koush\OneDrive\Documents\archive (4)\Dataset\Extrovert\EX_428.jpg,Extrovert,True,1129,487,RGB,827214dde5de36aef961a3cf71257459e2163c31a94bdb2999e8b868a766a21e
C:\Users\koush\OneDrive\Documents\archive (4)\Dataset\Extrovert\EX_429.jpg,Extrovert,True,339,130,RGB,c5f773000c72dabd1622d1849d2f803d4c020fe98622fc4d4f00fe4eb5b1ae2f
C:\Users\koush\OneDrive\Documents\archive (4)\Dataset\Extrovert\EX_43.jpg,Extrovert,True,840,292,RGB,14ca261e5fa43a76900fbdbe04af8f8aebc4cc2e877608dbf73ece4e71f23e6b
C:\Users\koush\OneDrive\Documents\archive (4)\Dataset\Extrovert\EX_430.jpg,Extrovert,True,153,129,RGB,2ed906477c5bcb84f52210cc11259664ed5b3b5447fd241e7bc17c66abafa1be
C:\Users\koush\OneDrive\Documents\archive (4)\Dataset\Extrovert\EX_431.jpg,Extrovert,True,603,404,RGB,944caa8761b2c35af0415ba493613d3021584fa8a5614944ef62052ff858ff3f
C:\Users\koush\OneDrive\Documents\archive (4)\Dataset\Extrovert\EX_432.jpg,Extrovert,True,272,105,RGB,ab57febcdad2411cd97de8ff189cf6652e233fcaf8fdef06f6a34bb203f2d751
C:\Users\koush\OneDrive\Documents\archive (4)\Dataset\Extrovert\EX_433.jpg,Extrovert,True,182,111,RGB,9bdb52abca2d80de66792082e9b2cfa043726f321967fa8cad085a74eeb18b85
C:\Users\koush\OneDrive\Documents\archive (4)\Dataset\Extrovert\EX_434.jpg,Extrovert,True,844,530,RGB,08e864d8432eba76b51ffd73e678600296c92632794f053908b71c7bdcf9642e
C:\Users\koush\OneDrive\Documents\archive (4)\Dataset\Extrovert\EX_435.jpg,Extrovert,True,165,80,RGB,494ad437a1cffb493a5d7b84ec6f433265a6b163ca729ecfb1962c31096866e1
C:\Users\koush\OneDrive\Documents\archive (4)\Dataset\Extrovert\EX_436.jpg,Extrovert,True,206,132,RGB,a649554eec25a5a1f2709b3dd12d4ee69795a489ad310461fac2367db758622d
C:\Users\koush\OneDrive\Documents\archive (4)\Dataset\Extrovert\EX_437.jpg,Extrovert,True,989,471,RGB,34eb0a56c0f46dbad3306b7fa56dc414b84b2c428b7493e7e8713733de24b0fe
C:\Users\koush\OneDrive\Documents\archive (4)\Dataset\Extrovert\EX_438.jpg,Extrovert,True,340,175,RGB,33979ec56d3a0ffb2afb2d04c4f1cc99649f60dcdf55d2a62a4c2cb6c54a2a1d
C:\Users\koush\OneDrive\Documents\archive (4)\Dataset\Extrovert\EX_439.jpg,Extrovert,True,171,116,RGB,8f849bb810f35bf05d8caa4170adb7842c6e9756211b5237f19d8b4c6684ed15
C:\Users\koush\OneDrive\Documents\archive (4)\Dataset\Extrovert\EX_44.jpg,Extrovert,True,1569,637,RGB,dac3077bf8c40b285bdbb5d1a194b6287e83420cfbd577f6d9580236855967f9
C:\Users\koush\OneDrive\Documents\archive (4)\Dataset\Extrovert\EX_440.jpg,Extrovert,True,1070,485,RGB,8451cfb335a2d7410c57d305ccf19e770f17346a884494c56e3cbe06aa3f70b1
C:\Users\koush\OneDrive\Documents\archive (4)\Dataset\Extrovert\EX_441.jpg,Extrovert,True,507,172,RGB,6987600ff460dcd722e9c5b8431500e39554b787969ee5d15ff155714099edcc
C:\Users\koush\OneDrive\Documents\archive (4)\Dataset\Extrovert\EX_442.jpg,Extrovert,True,235,119,RGB,ddd3293ec3d8670690bb2d1b399a60fc8c608de5d34282be93a93bc397d2e2e9
C:\Users\koush\OneDrive\Documents\archive (4)\Dataset\Extrovert\EX_443.jpg,Extrovert,True,1104,361,RGB,b4cd074a2af575c52d25f06096315e94133e92693c063b59f4eefa5d4ff06aed
C:\Users\koush\OneDrive\Documents\archive (4)\Dataset\Extrovert\EX_444.jpg,Extrovert,True,341,135,RGB,b5a01779c0b8c86e815b25ef583b53f9f03a691db5a09cb6eb14c95c134b2bcf
C:\Users\koush\OneDrive\Documents\archive (4)\Dataset\Extrovert\EX_445.jpg,Extrovert,True,180,107,RGB,5b115e1fbe14173505583076f4eadd79a2241ee23b6c5a47091299678039b688
C:\Users\koush\OneDrive\Documents\archive (4)\Dataset\Extrovert\EX_446.jpg,Extrovert,True,1076,343,RGB,7376d7304f87e7ff8718fcff7f652515a86d0187b8eb367772c10ea05eded93b
C:\Users\koush\OneDrive\Documents\archive (4)\Dataset\Extrovert\EX_447.jpg,Extrovert,True,337,132,RGB,50bae19568f0d5f0503d991da21e60d4539b6bda0baec38251296f3b25a59cfe
C:\Users\koush\OneDrive\Documents\archive (4)\Dataset\Extrovert\EX_448.jpg,Extrovert,True,156,184,RGB,20deb5b56426bbb71497a3a120b61cc8e5bdb3b61caa7693b891c546dd75865f
C:\Users\koush\OneDrive\Documents\archive (4)\Dataset\Extrovert\EX_449.jpg,Extrovert,True,1096,299,RGB,b12048fcacfd069da880e1ff6c11a25235524a7d9425a3efe214f93e5e07c99e
C:\Users\koush\OneDrive\Documents\archive (4)\Dataset\Extrovert\EX_45.jpg,Extrovert,True,710,596,RGB,fadc3c84846c84001dd5b7f646f1360c29b7b398fc5b47435d67aa9a05b947b6
C:\Users\koush\OneDrive\Documents\archive (4)\Dataset\Extrovert\EX_450.jpg,Extrovert,True,174,75,RGB,686b00efaa449b9aafa02067717dc8d594998a7b7010c805c2fcbbbe3caaecca
C:\Users\koush\OneDrive\Documents\archive (4)\Dataset\Extrovert\EX_451.jpg,Extrovert,True,282,256,RGB,386b25a237e24308dd5cb583b9c64aafb8830c4345c3d4bac67331c238cdd72f
C:\Users\koush\OneDrive\Documents\archive (4)\Dataset\Extrovert\EX_452.jpg,Extrovert,True,879,407,RGB,58d6a39866dfa4a4adfbc77c1d9e9418503db1a4c217a900418635a64cf3035c
C:\Users\koush\OneDrive\Documents\archive (4)\Dataset\Extrovert\EX_453.jpg,Extrovert,True,307,106,RGB,c87dbfceee149c8c422c8cac42ab1b6fa910ee7cf0d7c134fe85f96172d7384c
C:\Users\koush\OneDrive\Documents\archive (4)\Dataset\Extrovert\EX_454.jpg,Extrovert,True,348,207,RGB,f90b0472e9233ee22452a3ee4e186a117ad88b69a26d8194d28f1fdd513e70a3
C:\Users\koush\OneDrive\Documents\archive (4)\Dataset\Extrovert\EX_455.jpg,Extrovert,True,612,384,RGB,bd664f6dca0689e9217e2d4a595f53f6b03f857b434444a6411107364cd8a63d
C:\Users\koush\OneDrive\Documents\archive (4)\Dataset\Extrovert\EX_456.jpg,Extrovert,True,250,130,RGB,85bf48d6e577293b45769cb555d6470cc3c6d20421a9416dfc742c918ca597d9
C:\Users\koush\OneDrive\Documents\archive (4)\Dataset\Extrovert\EX_457.jpg,Extrovert,True,202,222,RGB,b2ce35d64c925b2a0ac3a1213aac4142157ad1edcde35b8ef904529b60736192
C:\Users\koush\OneDrive\Documents\archive (4)\Dataset\Extrovert\EX_458.jpg,Extrovert,True,885,463,RGB,c796032d328af773a4e18680a2f44d4530eb89e93af205ef104d69954819ec31
C:\Users\koush\OneDrive\Documents\archive (4)\Dataset\Extrovert\EX_459.jpg,Extrovert,True,345,112,RGB,bc4c26f410dff47afae31c05071c49e238ffbe6c16dc5deb5ebae90b0fc491c1
C:\Users\koush\OneDrive\Documents\archive (4)\Dataset\Extrovert\EX_46.jpg,Extrovert,True,917,360,RGB,d36c6d022fbe49998f049dc654ef524d017a718699cb6a8b713d8e98bafe5bc5
C:\Users\koush\OneDrive\Documents\archive (4)\Dataset\Extrovert\EX_460.jpg,Extrovert,True,135,128,RGB,4de8b3e16cc52274e8dd49ac8898f8aed2228d9ab9050cba5a83bcd9fb10a294
C:\Users\koush\OneDrive\Documents\archive (4)\Dataset\Extrovert\EX_461.jpg,Extrovert,True,868,358,RGB,db478ecc2975f2019d3cad7b238bd0689b8aca5cea7e90ff10003dd8cc4df26d
C:\Users\koush\OneDrive\Documents\archive (4)\Dataset\Extrovert\EX_462.jpg,Extrovert,True,396,138,RGB,a9ee3e7adac24b3906c36a6d5475ec9ee1204a1ce0a604135211fca0d9eb4dbf
C:\Users\koush\OneDrive\Documents\archive (4)\Dataset\Extrovert\EX_463.jpg,Extrovert,True,98,171,RGB,c51141fc591f623d6ed24f3c3ab8d0672e67ecc4bcfd4be62eac2a30aa5d1640
C:\Users\koush\OneDrive\Documents\archive (4)\Dataset\Extrovert\EX_464.jpg,Extrovert,True,612,384,RGB,bd664f6dca0689e9217e2d4a595f53f6b03f857b434444a6411107364cd8a63d
C:\Users\koush\OneDrive\Documents\archive (4)\Dataset\Extrovert\EX_465.jpg,Extrovert,True,510,143,RGB,eb169262d6bf22d51b6e24e26684d4634431da0ede0e96571322ce745068730d
C:\Users\koush\OneDrive\Documents\archive (4)\Dataset\Extrovert\EX_466.jpg,Extrovert,True,247,237,RGB,ddec8660da810ba696ec334695a31e279baacd9c3a547fd255eeafb34d942aa1
C:\Users\koush\OneDrive\Documents\archive (4)\Dataset\Extrovert\EX_467.jpg,Extrovert,True,844,431,RGB,a7f9e724d681418e55fa3914493f1af0f925071d5ac39960066d6c0478ce6a2c
C:\Users\koush\OneDrive\Documents\archive (4)\Dataset\Extrovert\EX_468.jpg,Extrovert,True,147,49,RGB,6c323a99bc750fdeb457548f9045158ec3cbe29de86cbc362152f31fdf65c603
C:\Users\koush\OneDrive\Documents\archive (4)\Dataset\Extrovert\EX_469.jpg,Extrovert,True,74,102,RGB,8dac6606d273f65331f7d4ab7709d873791bfcb15c79687a32c37b99c082bc3d
C:\Users\koush\OneDrive\Documents\archive (4)\Dataset\Extrovert\EX_47.jpg,Extrovert,True,863,389,RGB,4b277990c337ef488f392f1de1521cae0abf25422df72ff6777b0cfe29423376
C:\Users\koush\OneDrive\Documents\archive (4)\Dataset\Extrovert\EX_470.jpg,Extrovert,True,558,249,RGB,176723b33b793f224852ee9c0c2eb682e29268523cd73e618ef000d7df296c94
C:\Users\koush\OneDrive\Documents\archive (4)\Dataset\Extrovert\EX_471.jpg,Extrovert,True,484,129,RGB,9771cc096382cbdb76350383f03c57bfa04f9923c07639ce58396facc88203d3
C:\Users\koush\OneDrive\Documents\archive (4)\Dataset\Extrovert\EX_472.jpg,Extrovert,True,101,122,RGB,5823b773762fa76cfbd7dc49c3a577757205101ddf80e4148630bc624bfc4a44
C:\Users\koush\OneDrive\Documents\archive (4)\Dataset\Extrovert\EX_473.jpg,Extrovert,True,641,304,RGB,435dc939d6e8fcdaa128228614a743d976fb6f3c2696bf315c0dcbd0b5ddee10
C:\Users\koush\OneDrive\Documents\archive (4)\Dataset\Extrovert\EX_474.jpg,Extrovert,True,405,126,RGB,b8a3c658a322498c48f3d86f2341594a9fc50f618579cc39d9208ec299458cab
C:\Users\koush\OneDrive\Documents\archive (4)\Dataset\Extrovert\EX_475.jpg,Extrovert,True,111,116,RGB,606630b7454a1f3fe21453f921dd66043d3df10a524c33adc7e1ec20245b3eb0
C:\Users\koush\OneDrive\Documents\archive (4)\Dataset\Extrovert\EX_476.jpg,Extrovert,True,658,304,RGB,7ede518cc0a850fb9e41f21ea954d1e89851fa47f02b697a1d09d38a5b2764f1
C:\Users\koush\OneDrive\Documents\archive (4)\Dataset\Extrovert\EX_477.jpg,Extrovert,True,406,118,RGB,05727496329e65b060e4fdde736e9e3ec786b764ea736ef847c53c4ce7cc90d7
C:\Users\koush\OneDrive\Documents\archive (4)\Dataset\Extrovert\EX_478.jpg,Extrovert,True,86,139,RGB,3f2ea47ea9a97379a903a7ffa8f8fb9961f93d774eae938c2df16ce89f1aa934
C:\Users\koush\OneDrive\Documents\archive (4)\Dataset\Extrovert\EX_479.jpg,Extrovert,True,716,162,RGB,cd37abe2b698f5413e98bc953d88f64fc63386ae15311e80fd31785acf8cf5ab
C:\Users\koush\OneDrive\Documents\archive (4)\Dataset\Extrovert\EX_48.jpg,Extrovert,True,610,499,RGB,b3cbaae1abb4bc7c5bf93f47be7804e4231a0255843e3e28cc47933dcf75b6e0
C:\Users\koush\OneDrive\Documents\archive (4)\Dataset\Extrovert\EX_480.jpg,Extrovert,True,407,133,RGB,2abb0e6f8ccd486b4e4afc43bc074cc649f176d32de15ca0be56e2fab8c4600e
C:\Users\koush\OneDrive\Documents\archive (4)\Dataset\Extrovert\EX_481.jpg,Extrovert,True,246,277,RGB,763684c77924a0ca8f7d82a4db91264ebed11d8ef623d6478c6fe27907334fc4
C:\Users\koush\OneDrive\Documents\archive (4)\Dataset\Extrovert\EX_482.jpg,Extrovert,True,661,293,RGB,45dd6bb31997847e9e8c3b4f8651f085b9e0d3701bb17c2a7392db741d4a1a5d
C:\Users\koush\OneDrive\Documents\archive (4)\Dataset\Extrovert\EX_483.jpg,Extrovert,True,222,68,RGB,02c3cd32994488382d44df01cb3f821bc2096cae92047859471dcc61b0acf6fb
C:\Users\koush\OneDrive\Documents\archive (4)\Dataset\Extrovert\EX_484.jpg,Extrovert,True,151,189,RGB,dcbc7f363cb11deb314a7b1791f31fa4f62a6fa88d3ef6b5d497ee0f4e5c74b2
C:\Users\koush\OneDrive\Documents\archive (4)\Dataset\Extrovert\EX_485.jpg,Extrovert,True,999,462,RGB,05e98f24f69e28a7f3e58254f9a24cbb0b1190befae4f3e22480ac56894630a7
C:\Users\koush\OneDrive\Documents\archive (4)\Dataset\Extrovert\EX_486.jpg,Extrovert,True,474,150,RGB,efc93c4cc305a306b0c828c86ecb5033dce307c7704ac784c3a4603c8f06fd32
C:\Users\koush\OneDrive\Documents\archive (4)\Dataset\Extrovert\EX_487.jpg,Extrovert,True,82,128,RGB,c77f2fecc6dd1f8451147bbb2ab875e57f576696587dcb872b317669b2b2ef2e
C:\Users\koush\OneDrive\Documents\archive (4)\Dataset\Extrovert\EX_488.jpg,Extrovert,True,726,402,RGB,90144aa947270b86712034e1798039ec3128c822c7c43bf4d81951a57169182a
C:\Users\koush\OneDrive\Documents\archive (4)\Dataset\Extrovert\EX_489.jpg,Extrovert,True,442,126,RGB,969f2057a9aa5019904f89e062854798409948a9b339ef5e8dd0957392a8d676
C:\Users\koush\OneDrive\Documents\archive (4)\Dataset\Extrovert\EX_49.jpg,Extrovert,True,809,294,RGB,09f6951b09bde6e8eeab6093ebd4a821a18cfe8ca583d7ac0570164f4a4cb08a
C:\Users\koush\OneDrive\Documents\archive (4)\Dataset\Extrovert\EX_490.jpg,Extrovert,True,100,121,RGB,d243d06062c858f71534bcca29a610d62f7a71b1714c35bb12dd731af641a68a
C:\Users\koush\OneDrive\Documents\archive (4)\Dataset\Extrovert\EX_491.jpg,Extrovert,True,997,392,RGB,14bf69bd8429b4d764e73439e9f09493c34fcb781eeeae7fd33b44f6c66be8b8
C:\Users\koush\OneDrive\Documents\archive (4)\Dataset\Extrovert\EX_492.jpg,Extrovert,True,488,192,RGB,6ee5e0339da31d82144d80ea56fa0093bbfb1506dd50b5ca6fa4a097386da51f
C:\Users\koush\OneDrive\Documents\archive (4)\Dataset\Extrovert\EX_493.jpg,Extrovert,True,232,112,RGB,a3f06dcbea793a4096e61682f00980e8d7d5b396582c68ef2786b338eaa1509e
C:\Users\koush\OneDrive\Documents\archive (4)\Dataset\Extrovert\EX_494.jpg,Extrovert,True,1077,429,RGB,2852ada18f3c82c0b76f4387b28f4a3d8e3e828141a3ea30c662176395695ac6
C:\Users\koush\OneDrive\Documents\archive (4)\Dataset\Extrovert\EX_495.jpg,Extrovert,True,398,126,RGB,323650ea215774481c402f722e6ddad092b556953d94def3bf49daa4ba1baf3e
C:\Users\koush\OneDrive\Documents\archive (4)\Dataset\Extrovert\EX_496.jpg,Extrovert,True,101,117,RGB,22330782d71c293d4fda7a78a4d77cf94244dd97dad13e1937e781c77c5a3c66
C:\Users\koush\OneDrive\Documents\archive (4)\Dataset\Extrovert\EX_497.jpg,Extrovert,True,281,84,RGB,039fcfe598b8d6e3d9932a60c44150e4524695d66b6690f52deab76f2b182f03
C:\Users\koush\OneDrive\Documents\archive (4)\Dataset\Extrovert\EX_498.jpg,Extrovert,True,419,167,RGB,e9f61c5cc9f1dbc6e2d687779b2003100520e2f2a64cc80ef48b0ef91b7bd014
C:\Users\koush\OneDrive\Documents\archive (4)\Dataset\Extrovert\EX_499.jpg,Extrovert,True,105,123,RGB,71f4c0f1105ae017952c48145f2e09321b0e4c09f1644a0a4f76ae3d4e37b105
C:\Users\koush\OneDrive\Documents\archive (4)\Dataset\Extrovert\EX_5.jpg,Extrovert,True,1719,671,RGB,43a809a8c06edb35f956f1fe487dd32aa1edb6edd69b87b0b4945dc10a33f64c
C:\Users\koush\OneDrive\Documents\archive (4)\Dataset\Extrovert\EX_50.jpg,Extrovert,True,1350,560,RGB,df456fbd386ca79fa5824e4fbf0befab131d35e70bb25e0ce862aa55a06f2392
C:\Users\koush\OneDrive\Documents\archive (4)\Dataset\Extrovert\EX_500.jpg,Extrovert,True,667,363,RGB,cf74103b3e09b688c53a3bc19db8c77bfeb866d2be07af973b1b8e496d4d3bc6
C:\Users\koush\OneDrive\Documents\archive (4)\Dataset\Extrovert\EX_501.jpg,Extrovert,True,469,150,RGB,67377608e71c9c871ef382fdc9becfb761cbc6a7f1fdecd33dbb18b75c7a263d
C:\Users\koush\OneDrive\Documents\archive (4)\Dataset\Extrovert\EX_502.jpg,Extrovert,True,101,91,RGB,cf43f72dfc0241f6befad36b99c97431396a439a517a2980a0007c1adabc65bd
C:\Users\koush\OneDrive\Documents\archive (4)\Dataset\Extrovert\EX_503.jpg,Extrovert,True,897,419,RGB,9daf6fd8181b84a07e5fe788f8e737fbbd5ac54047b11bcfa2d478e9bd61d2b1
C:\Users\koush\OneDrive\Documents\archive (4)\Dataset\Extrovert\EX_504.jpg,Extrovert,True,272,96,RGB,d5f677f618ec2ea4ee1ea242bc77e8c2104452ef432abd652142819d3b446e6f
C:\Users\koush\OneDrive\Documents\archive (4)\Dataset\Extrovert\EX_505.jpg,Extrovert,True,224,266,RGB,23b9c88481e465cc2122e3caa56c29237b9bc17e730c54a5b450bd8c54a37d2b
C:\Users\koush\OneDrive\Documents\archive (4)\Dataset\Extrovert\EX_506.jpg,Extrovert,True,730,327,RGB,f8ac38f5b1856d9bb84e80d3293588350a5206a9f94e70c87e256e40617d0459
C:\Users\koush\OneDrive\Documents\archive (4)\Dataset\Extrovert\EX_507.jpg,Extrovert,True,540,177,RGB,578107f225ae309e60167abae12ff16245dde2e1de7730f47aa30a38e197da23
C:\Users\koush\OneDrive\Documents\archive (4)\Dataset\Extrovert\EX_508.jpg,Extrovert,True,97,128,RGB,c612306089fe787fb12644c9336d1bd38cb70d614b274330d62ab792c178c68e
C:\Users\koush\OneDrive\Documents\archive (4)\Dataset\Extrovert\EX_509.jpg,Extrovert,True,735,372,RGB,6e2bbdba7c1048ebb841d21b6cff2eb7c3783eb49e5f166604807ad9642de7a7
C:\Users\koush\OneDrive\Documents\archive (4)\Dataset\Extrovert\EX_51.jpg,Extrovert,True,766,614,RGB,3a9b4ab123f65596534d2c020b5ef747b7a1c8dd18e3c57ed0093457c7208ee6
C:\Users\koush\OneDrive\Documents\archive (4)\Dataset\Extrovert\EX_510.jpg,Extrovert,True,466,145,RGB,d43a7290f38c4ebd58402bf7c08f9c349d4f4a423005d048361c39ad0d823a06
C:\Users\koush\OneDrive\Documents\archive (4)\Dataset\Extrovert\EX_511.jpg,Extrovert,True,99,128,RGB,fa3e0d97b07c514ae2929cc41e0dcfec49fa677666a11474b2ba8479193789a7
C:\Users\koush\OneDrive\Documents\archive (4)\Dataset\Extrovert\EX_512.jpg,Extrovert,True,659,382,RGB,9cc1b694023f855afb341f518426ad046e3a249bb825ddccf98bb97364e12dd5
C:\Users\koush\OneDrive\Documents\archive (4)\Dataset\Extrovert\EX_513.jpg,Extrovert,True,717,156,RGB,b31fbe530e06681f6b64ec25cc76545daed5e1e382c30491330c34d0c2a15729
C:\Users\koush\OneDrive\Documents\archive (4)\Dataset\Extrovert\EX_514.jpg,Extrovert,True,220,232,RGB,3287e42bc9a9b75cc31f12ff86734a9774ec50e74504870222066a109056919c
C:\Users\koush\OneDrive\Documents\archive (4)\Dataset\Extrovert\EX_515.jpg,Extrovert,True,1069,523,RGB,6dab5484d1bdebf77bb2b5fbe11c295faa64c076b91ce2ee3fc33917cd4d7070
C:\Users\koush\OneDrive\Documents\archive (4)\Dataset\Extrovert\EX_516.jpg,Extrovert,True,499,169,RGB,8ea3fb843cd7bc499bfba53131992a7ec411f115b466cc911321a1addee8a49d
C:\Users\koush\OneDrive\Documents\archive (4)\Dataset\Extrovert\EX_517.jpg,Extrovert,True,99,116,RGB,43d6657324b3cd1f6144ab101c2708b1997ce28d1b2624eb25e4ac7e09750486
C:\Users\koush\OneDrive\Documents\archive (4)\Dataset\Extrovert\EX_518.jpg,Extrovert,True,569,339,RGB,2ed753e71c6583df7b8b2e6e236f4be7bdff4a6b33a1d70e518c7b5cd34c52b9
C:\Users\koush\OneDrive\Documents\archive (4)\Dataset\Extrovert\EX_519.jpg,Extrovert,True,505,239,RGB,6a28a36fb2fc88fa05ff6c44c322b9ae349b62dc429f92c6d21f48252ee4f099
C:\Users\koush\OneDrive\Documents\archive (4)\Dataset\Extrovert\EX_52.jpg,Extrovert,True,994,382,RGB,cfaedacee5402ffcb0c4cd7cb86e226e4e3b0a913f0545e89f95aab85f2a02af
C:\Users\koush\OneDrive\Documents\archive (4)\Dataset\Extrovert\EX_520.jpg,Extrovert,True,115,121,RGB,2010b661a7d4d5012b0507b70bfd5b6e3405c74a3aee9187f1a77014e641bcef
C:\Users\koush\OneDrive\Documents\archive (4)\Dataset\Extrovert\EX_521.jpg,Extrovert,True,568,358,RGB,53f4cad9658eb0d5fcda74cae118656b31cbb4f1b983b8bd0de412d4d82fa447
C:\Users\koush\OneDrive\Documents\archive (4)\Dataset\Extrovert\EX_522.jpg,Extrovert,True,459,120,RGB,e41f26b4ca42bb1ce18bc622c64efd415bc36fd052f4a09ace1f2005080d9c44
C:\Users\koush\OneDrive\Documents\archive (4)\Dataset\Extrovert\EX_523.jpg,Extrovert,True,82,116,RGB,9f91d95da56ffaf7348a3dbdd7c160769b76890389571135188cb3e49473c8f0
C:\Users\koush\OneDrive\Documents\archive (4)\Dataset\Extrovert\EX_524.jpg,Extrovert,True,570,362,RGB,2efd071886ef12b8cc23a4d381ecc9f7410dce4f28dd8b22d21187dfb027597c
C:\Users\koush\OneDrive\Documents\archive (4)\Dataset\Extrovert\EX_525.jpg,Extrovert,True,577,138,RGB,edb0da7ed339adba347d3626c4d72e611c2e7971751f9e4c2ea283c5f31b89d6
C:\Users\koush\OneDrive\Documents\archive (4)\Dataset\Extrovert\EX_526.jpg,Extrovert,True,121,104,RGB,7433f745e022dcdddcff0c459f04aca0612aa6ee2c54c626ed9667ba848cdf01
C:\Users\koush\OneDrive\Documents\archive (4)\Dataset\Extrovert\EX_527.jpg,Extrovert,True,822,466,RGB,b17cb9d8100ed1296f3499804f9c359b686ffd34c34ce4e9a81233b38a70a1de
C:\Users\koush\OneDrive\Documents\archive (4)\Dataset\Extrovert\EX_528.jpg,Extrovert,True,393,189,RGB,3050774a8921a385dc5f377e0dfae333e7ace8d78c81b2eebd87e34c933c504c
C:\Users\koush\OneDrive\Documents\archive (4)\Dataset\Extrovert\EX_529.jpg,Extrovert,True,89,124,RGB,fc8459ececbae506ef93208f2c816f2ec54d77c2d6740379195367020d710ac3
C:\Users\koush\OneDrive\Documents\archive (4)\Dataset\Extrovert\EX_53.jpg,Extrovert,True,1565,697,RGB,f5a704a2a557eecdf66261e070d4e490f8810a54591b1aa68d7cf67f0e3117a1
C:\Users\koush\OneDrive\Documents\archive (4)\Dataset\Extrovert\EX_530.jpg,Extrovert,True,612,384,RGB,bd664f6dca0689e9217e2d4a595f53f6b03f857b434444a6411107364cd8a63d
C:\Users\koush\OneDrive\Documents\archive (4)\Dataset\Extrovert\EX_531.jpg,Extrovert,True,552,192,RGB,b74d5d483db83075645c81805b954c0ed8675ccb78da9b65681b6ce97a85ae41
C:\Users\koush\OneDrive\Documents\archive (4)\Dataset\Extrovert\EX_532.jpg,Extrovert,True,180,111,RGB,a70e7ecaff11f75c5659b3863f20935842aa5a1f5512cb818ff1e85b2d247fdf
C:\Users\koush\OneDrive\Documents\archive (4)\Dataset\Extrovert\EX_533.jpg,Extrovert,True,781,343,RGB,21aebe877a38341a36d104917ca26e591453875dc0345d0e22e756b06f4c78f9
C:\Users\koush\OneDrive\Documents\archive (4)\Dataset\Extrovert\EX_534.jpg,Extrovert,True,344,108,RGB,ecd529653591cc33a21c765dad552c575820ff1f4bb5a7f677faf7be6be3cab8
C:\Users\koush\OneDrive\Documents\archive (4)\Dataset\Extrovert\EX_535.jpg,Extrovert,True,206,131,RGB,e9a3c063da19e548f7a4185a72732847bbca1615a0bd3f7e363f95811fc427fe
C:\Users\koush\OneDrive\Documents\archive (4)\Dataset\Extrovert\EX_536.jpg,Extrovert,True,691,391,RGB,3204b548daa5d629cd68d7f8db82357fe98c8291d7974a1e50542929459ff64f
C:\Users\koush\OneDrive\Documents\archive (4)\Dataset\Extrovert\EX_537.jpg,Extrovert,True,385,224,RGB,b121862a956467e223734c67be96c63fb8c6d07c03bc763f6757b41bdb3c420f
C:\Users\koush\OneDrive\Documents\archive (4)\Dataset\Extrovert\EX_538.jpg,Extrovert,True,150,110,RGB,7691694aa851c53b10a73b1e6d907c10f0497b9e2157f120c3470eeaf5f60d08
C:\Users\koush\OneDrive\Documents\archive (4)\Dataset\Extrovert\EX_539.jpg,Extrovert,True,805,448,RGB,a7a9fc930d16e29fcfb343ea8027a63227df62a692a65f6a35dc41e1a4717bf9
C:\Users\koush\OneDrive\Documents\archive (4)\Dataset\Extrovert\EX_54.jpg,Extrovert,True,785,606,RGB,8b342b5a0b567b219a3e181d5348e6ee08c4524d6a16879b0d4cde402898df4b
C:\Users\koush\OneDrive\Documents\archive (4)\Dataset\Extrovert\EX_540.jpg,Extrovert,True,565,127,RGB,014473c24c6d4086c3b48fff844e7009607a6a0d84f794de89300fef71b2105a
C:\Users\koush\OneDrive\Documents\archive (4)\Dataset\Extrovert\EX_541.jpg,Extrovert,True,143,120,RGB,109e2b4b0c0020db341f2875a3fd9281a27ded11a7e4dcbff49bcf853b0eecfa
C:\Users\koush\OneDrive\Documents\archive (4)\Dataset\Extrovert\EX_542.jpg,Extrovert,True,1056,462,RGB,6681e05ebf0cbbfbb62139314ec8e8af2568c91e2488ed6bd24d3b1872d2d57b
C:\Users\koush\OneDrive\Documents\archive (4)\Dataset\Extrovert\EX_543.jpg,Extrovert,True,618,264,RGB,ac8494335b03ca34a70eb0d4a49799c8abbe5213e53ed031224b9918c16a0fe5
C:\Users\koush\OneDrive\Documents\archive (4)\Dataset\Extrovert\EX_544.jpg,Extrovert,True,242,112,RGB,909361d5e9ff9118070e7831d749c85a1820910fd3b96bafe60ea12416fe2039
C:\Users\koush\OneDrive\Documents\archive (4)\Dataset\Extrovert\EX_545.jpg,Extrovert,True,639,377,RGB,2ed7ca5e5ed1e4b2f9f4375a8c1e68affa94fc5fbf36dc291456bc13afed00e3
C:\Users\koush\OneDrive\Documents\archive (4)\Dataset\Extrovert\EX_546.jpg,Extrovert,True,408,228,RGB,a5be950ce1b0fe42838a6263b7e6e67d477895c840eac5b88951f6dc2bcd55a5
C:\Users\koush\OneDrive\Documents\archive (4)\Dataset\Extrovert\EX_547.jpg,Extrovert,True,203,231,RGB,d34fa9cf020b06d13b477c551648af01c43d597245cffd3b619820ebcb54b665
C:\Users\koush\OneDrive\Documents\archive (4)\Dataset\Extrovert\EX_548.jpg,Extrovert,True,702,452,RGB,cacfbfe2199a74585093aff7dba755a133e664c7098f2a4b13543a0b3f563211
C:\Users\koush\OneDrive\Documents\archive (4)\Dataset\Extrovert\EX_549.jpg,Extrovert,True,463,190,RGB,0dbd2fff3381eb3747426b79446acba08b9565ef54419ff5d5634f08252e6bbc
C:\Users\koush\OneDrive\Documents\archive (4)\Dataset\Extrovert\EX_55.jpg,Extrovert,True,832,312,RGB,3f1f623fb551f19f3c1968b6699f9d673999f1ecc4b7638f9be06b7521f74e58
C:\Users\koush\OneDrive\Documents\archive (4)\Dataset\Extrovert\EX_550.jpg,Extrovert,True,103,163,RGB,a0fa671555b8defd9707336e179872684ec0379fce691339a3307a3a5cecff71
C:\Users\koush\OneDrive\Documents\archive (4)\Dataset\Extrovert\EX_551.jpg,Extrovert,True,413,259,RGB,28e6063d0e522e9f7b2a27b6988cb5546a57bcfb4cddd408c09b06b780e6b025
C:\Users\koush\OneDrive\Documents\archive (4)\Dataset\Extrovert\EX_552.jpg,Extrovert,True,721,218,RGB,4703407d4e2aa11f0bd6b262c6a657a3a9ad465c04a1ea2fc505331e348cbfbd
C:\Users\koush\OneDrive\Documents\archive (4)\Dataset\Extrovert\EX_553.jpg,Extrovert,True,119,144,RGB,0b1e5d737b3ff2a841a37f140196684b19b429a3774ee2c233d1dc74f5fd62c8
C:\Users\koush\OneDrive\Documents\archive (4)\Dataset\Extrovert\EX_554.jpg,Extrovert,True,733,347,RGB,a57fc9b9c855f3e338d8f7c9e07490bbf98982d69a09b3b8d52f5c2e55c412d8
C:\Users\koush\OneDrive\Documents\archive (4)\Dataset\Extrovert\EX_555.jpg,Extrovert,True,695,221,RGB,26e04df9248aa57ed55b54e7b9e3118267322aec1e04983242849ebbf69aa45e
C:\Users\koush\OneDrive\Documents\archive (4)\Dataset\Extrovert\EX_556.jpg,Extrovert,True,158,228,RGB,976fe3340e65ddac375433cf2af6c561b3aef601f60e277e2cc6efa3486c7b9b
C:\Users\koush\OneDrive\Documents\archive (4)\Dataset\Extrovert\EX_557.jpg,Extrovert,True,612,384,RGB,bd664f6dca0689e9217e2d4a595f53f6b03f857b434444a6411107364cd8a63d
C:\Users\koush\OneDrive\Documents\archive (4)\Dataset\Extrovert\EX_558.jpg,Extrovert,True,420,230,RGB,2a2cd3fd17907e71a7bd639478368a32d2f15cb46166c9d92d1ddb6fb82f01e7
C:\Users\koush\OneDrive\Documents\archive (4)\Dataset\Extrovert\EX_559.jpg,Extrovert,True,95,165,RGB,dfa3f5f236d17d08f63cb009d982569fdb2192e6d3d61dceb394abffc0e58c99
C:\Users\koush\OneDrive\Documents\archive (4)\Dataset\Extrovert\EX_56.jpg,Extrovert,True,962,520,RGB,f056cdbf0e9b728312e030a83af9b7f4160148e375faa23af0239d7415f101b4
C:\Users\koush\OneDrive\Documents\archive (4)\Dataset\Extrovert\EX_560.jpg,Extrovert,True,981,562,RGB,0d41c650043c67d1d3e8523528df1ffaf8d9ef5d19f0a754a015d11ba8f29345
C:\Users\koush\OneDrive\Documents\archive (4)\Dataset\Extrovert\EX_561.jpg,Extrovert,True,523,182,RGB,2668179b88ff5fc40ed3c1f805bef5f5ddd3a018b3f83c873059fdcf8c61115f
C:\Users\koush\OneDrive\Documents\archive (4)\Dataset\Extrovert\EX_562.jpg,Extrovert,True,208,192,RGB,d078932a9eb2ac77350a2fb95c83130169a310dad294c28b76ad0561530fe62c
C:\Users\koush\OneDrive\Documents\archive (4)\Dataset\Extrovert\EX_563.jpg,Extrovert,True,680,431,RGB,d8667666819c434ee1cbce55d26541537c38e86cd5d6f2f1d6864a02de14bac4
C:\Users\koush\OneDrive\Documents\archive (4)\Dataset\Extrovert\EX_564.jpg,Extrovert,True,610,203,RGB,22a4a5ab232116da63e64efbcc183720dc540dcbca6a09c25db29fb6d5bb7013
C:\Users\koush\OneDrive\Documents\archive (4)\Dataset\Extrovert\EX_565.jpg,Extrovert,True,111,165,RGB,2e2dc70228378376707a1c677ca594375330bd9271a4ac1e98a8cf1c39cc44f9
C:\Users\koush\OneDrive\Documents\archive (4)\Dataset\Extrovert\EX_566.jpg,Extrovert,True,655,424,RGB,0537fb086f041d587eddb43487f3c64e376861c3f15df9006b1c873ffc436764
C:\Users\koush\OneDrive\Documents\archive (4)\Dataset\Extrovert\EX_567.jpg,Extrovert,True,528,211,RGB,bb1aedff1c9009b625891117eec76758f4752904366db5a0c82d6bacc83aea8a
C:\Users\koush\OneDrive\Documents\archive (4)\Dataset\Extrovert\EX_568.jpg,Extrovert,True,312,269,RGB,a47074ea31f126b9b7f66c9868bd9166d37e387a3b66d435313cb954cdb49f38
C:\Users\koush\OneDrive\Documents\archive (4)\Dataset\Extrovert\EX_569.jpg,Extrovert,True,709,479,RGB,463092f06888e36a7a2cb4b0eb2194a10603dbafe4fc56a41ad8312b42547b43
C:\Users\koush\OneDrive\Documents\archive (4)\Dataset\Extrovert\EX_57.jpg,Extrovert,True,680,478,RGB,6e8e7feae96397b703ddf4f5818f5369adede775a492988e48a425e952eb8195
C:\Users\koush\OneDrive\Documents\archive (4)\Dataset\Extrovert\EX_570.jpg,Extrovert,True,370,56,RGB,509fdfc04a181af2c571b8c8c8b29dc8bbfc137dcedcf3c93645da70bc49eb7d
C:\Users\koush\OneDrive\Documents\archive (4)\Dataset\Extrovert\EX_571.jpg,Extrovert,True,258,291,RGB,66683e13b2f7ee980ae1961609802fd7972103545824936cfbb757f2a0071fa8
C:\Users\koush\OneDrive\Documents\archive (4)\Dataset\Extrovert\EX_572.jpg,Extrovert,True,858,528,RGB,78f1cbf9c595e6e1d85c92c259d494b5aacc1a6840a4f0ecbcae8b9ceb6cbf9c
C:\Users\koush\OneDrive\Documents\archive (4)\Dataset\Extrovert\EX_573.jpg,Extrovert,True,671,160,RGB,b22995ea53cf1c2e999f766ecf3defde67c5c3531f69386e232a9b33ba45b44b
C:\Users\koush\OneDrive\Documents\archive (4)\Dataset\Extrovert\EX_574.jpg,Extrovert,True,354,293,RGB,9807409dd3b38c65d15e9c6407c5097960a803b31a06780d83b99bc2d75f48cf
C:\Users\koush\OneDrive\Documents\archive (4)\Dataset\Extrovert\EX_575.jpg,Extrovert,True,822,466,RGB,b17cb9d8100ed1296f3499804f9c359b686ffd34c34ce4e9a81233b38a70a1de
C:\Users\koush\OneDrive\Documents\archive (4)\Dataset\Extrovert\EX_576.jpg,Extrovert,True,180,69,RGB,b0e145b74a4c0f6fc61ce4dfcdbe403bddca94f9854754557231703bcef4079c
C:\Users\koush\OneDrive\Documents\archive (4)\Dataset\Extrovert\EX_577.jpg,Extrovert,True,310,301,RGB,83844be2c96df6afce9e50303f5690d01449fff81303afb1d81b19814fc310b7
C:\Users\koush\OneDrive\Documents\archive (4)\Dataset\Extrovert\EX_578.jpg,Extrovert,True,722,441,RGB,44c1f13b8bd550d52f72b70db47c6d53715afbf73f8f5ca19c67d7ce418ef787
C:\Users\koush\OneDrive\Documents\archive (4)\Dataset\Extrovert\EX_579.jpg,Extrovert,True,428,217,RGB,ef72d33e3a013d35335fcc32de1495e2aefe09eb55a3d8d1ab64040c11213fc0
C:\Users\koush\OneDrive\Documents\archive (4)\Dataset\Extrovert\EX_58.jpg,Extrovert,True,1188,555,RGB,e7d04c3dd5a1fcab62e7e7a9b4e20210aea072d707e6e902a1b6a6f0e6476009
C:\Users\koush\OneDrive\Documents\archive (4)\Dataset\Extrovert\EX_580.jpg,Extrovert,True,299,293,RGB,59c3da411e06d4b8115c1e27b0a3d7d3ef8c8322e2bd5c776605e1780371b158
C:\Users\koush\OneDrive\Documents\archive (4)\Dataset\Extrovert\EX_581.jpg,Extrovert,True,849,450,RGB,bf735bf8aea124141aa8678b9d891cbbed574d68d73b4cb1fc96b49ca6dc205d
C:\Users\koush\OneDrive\Documents\archive (4)\Dataset\Extrovert\EX_582.jpg,Extrovert,True,407,217,RGB,0a0003bece4be1a7997934148101bc5fc2a09699658414c315d14618ed6ed686
C:\Users\koush\OneDrive\Documents\archive (4)\Dataset\Extrovert\EX_583.jpg,Extrovert,True,228,243,RGB,5d1ee91400f3b5e5676dc128a6f503aae8d279664c52e4a95224fff81d68e4b7
C:\Users\koush\OneDrive\Documents\archive (4)\Dataset\Extrovert\EX_584.jpg,Extrovert,True,645,425,RGB,939806a0f1baafd16ba66718bbb3b6fb52d5fa871f44ece5b4fad726b6d658d9
C:\Users\koush\OneDrive\Documents\archive (4)\Dataset\Extrovert\EX_585.jpg,Extrovert,True,403,112,RGB,972f2a8d00028c169ed223ed22af13ba8cc499ab5b6a5e1bf362544dc394903b
C:\Users\koush\OneDrive\Documents\archive (4)\Dataset\Extrovert\EX_586.jpg,Extrovert,True,265,269,RGB,21115a41f62f4d88ec35eae503156acb50f2d72c0879293ef478880074411246
C:\Users\koush\OneDrive\Documents\archive (4)\Dataset\Extrovert\EX_587.jpg,Extrovert,True,797,432,RGB,313e39776e40e682df5d42ca33cbcac258986de044f1336e61ec42e649cd7511
C:\Users\koush\OneDrive\Documents\archive (4)\Dataset\Extrovert\EX_588.jpg,Extrovert,True,458,139,RGB,67646536c1cd13c8adbab9325765f0e0429a25a8ac0d533d1ea8cfbedee8d8c5
C:\Users\koush\OneDrive\Documents\archive (4)\Dataset\Extrovert\EX_589.jpg,Extrovert,True,201,235,RGB,3d6f4e194bd6087d64111cbd78f1b7e3fc9e4bb9d9817aeb3743959cee18f78d
C:\Users\koush\OneDrive\Documents\archive (4)\Dataset\Extrovert\EX_59.jpg,Extrovert,True,1147,604,RGB,c59a475252b0c45b03248467c2ee813d3eb002d3283a8121e2013b1d6db094a8
C:\Users\koush\OneDrive\Documents\archive (4)\Dataset\Extrovert\EX_590.jpg,Extrovert,True,1386,591,RGB,9bc6b9f230ec8a0aee9c8f6bf2e99bcf32ddedabcad2265349ed0de0c5fcb39e
C:\Users\koush\OneDrive\Documents\archive (4)\Dataset\Extrovert\EX_591.jpg,Extrovert,True,264,101,RGB,86df516b6cf3bac8270805378211df0abf60910f6ab7bf0f67a445f0eb708a05
C:\Users\koush\OneDrive\Documents\archive (4)\Dataset\Extrovert\EX_592.jpg,Extrovert,True,320,273,RGB,3e8bdddfa629fb6e42349893831061f49d987a9bb1bd3e1799259829a616c696
C:\Users\koush\OneDrive\Documents\archive (4)\Dataset\Extrovert\EX_593.jpg,Extrovert,True,568,358,RGB,53f4cad9658eb0d5fcda74cae118656b31cbb4f1b983b8bd0de412d4d82fa447
C:\Users\koush\OneDrive\Documents\archive (4)\Dataset\Extrovert\EX_594.jpg,Extrovert,True,370,207,RGB,d2660e577caf63c5f086e33565126f8d10fc92b1ee08c5d1b984282ea1789229
C:\Users\koush\OneDrive\Documents\archive (4)\Dataset\Extrovert\EX_595.jpg,Extrovert,True,162,252,RGB,1611fa24ca750a842b0eb35c62e3dd6beb7caff655815ac619a9d5db500d3828
C:\Users\koush\OneDrive\Documents\archive (4)\Dataset\Extrovert\EX_596.jpg,Extrovert,True,765,459,RGB,0f979e482732e83eb4bcb072f213cfdcba7cd435e00d3c2c01359321bba45e94
C:\Users\koush\OneDrive\Documents\archive (4)\Dataset\Extrovert\EX_597.jpg,Extrovert,True,630,164,RGB,f0ef2990e10f163ad34c226991f0b118178b9f6f2f234adad4c0de4d8836a089
C:\Users\koush\OneDrive\Documents\archive (4)\Dataset\Extrovert\EX_598.jpg,Extrovert,True,294,216,RGB,5922bea897202ac6700138360b61df8dd8bd023e2adad2753f3e5d941bc6cd05
C:\Users\koush\OneDrive\Documents\archive (4)\Dataset\Extrovert\EX_599.jpg,Extrovert,True,846,505,RGB,2957ecadfe34f799019e4f7042f0c65faf3bac9f199483a8226813e239204575
C:\Users\koush\OneDrive\Documents\archive (4)\Dataset\Extrovert\EX_6.jpg,Extrovert,True,1777,894,RGB,47690b0fa09160fd5216ecb09f1a135c5cfc0acdee2254df6ff8772af5c82a4c
C:\Users\koush\OneDrive\Documents\archive (4)\Dataset\Extrovert\EX_60.jpg,Extrovert,True,790,534,RGB,d86a732a52f7435bc2d6107b5d90578c9e6f7950fa3f339910f002724a6bdb50
C:\Users\koush\OneDrive\Documents\archive (4)\Dataset\Extrovert\EX_600.jpg,Extrovert,True,393,202,RGB,bfba688ad5b2ac63fe6f65d25dbe0cc04a0b016b93f52931d3da4230b8dbfaff
C:\Users\koush\OneDrive\Documents\archive (4)\Dataset\Extrovert\EX_601.jpg,Extrovert,True,161,120,RGB,5b5c94969eee404cbc2890013f8baf249fa11f142794f5d714c26f738c9135ae
C:\Users\koush\OneDrive\Documents\archive (4)\Dataset\Extrovert\EX_602.jpg,Extrovert,True,838,540,RGB,0672e782b6b2cab7ff82948a706d0469a73a6211d0d734805150389897c82816
C:\Users\koush\OneDrive\Documents\archive (4)\Dataset\Extrovert\EX_603.jpg,Extrovert,True,556,153,RGB,159fe4fffc1c06a0b258cada12a41aff724457220c6a71830779c14cf59c67df
C:\Users\koush\OneDrive\Documents\archive (4)\Dataset\Extrovert\EX_604.jpg,Extrovert,True,247,290,RGB,601402157c63d04696a76321f3f49c0bebb8edf3ffa2bba8d01fcb618db7b70d
C:\Users\koush\OneDrive\Documents\archive (4)\Dataset\Extrovert\EX_605.jpg,Extrovert,True,807,430,RGB,dae4fd4772d9c251aba31ac2bdd2c6ffe4a37e4c3f8cb609fb295165a2b0dee1
C:\Users\koush\OneDrive\Documents\archive (4)\Dataset\Extrovert\EX_606.jpg,Extrovert,True,414,180,RGB,d905165d32e52eec0cb1647356649ceda3d4f71156b998aa5537180e96b522c6
C:\Users\koush\OneDrive\Documents\archive (4)\Dataset\Extrovert\EX_607.jpg,Extrovert,True,79,114,RGB,26b229f8e025cca92479e2f0f6637e17d0cab91130a0fbc69b26a2359c65b1b2
C:\Users\koush\OneDrive\Documents\archive (4)\Dataset\Extrovert\EX_608.jpg,Extrovert,True,664,405,RGB,a9c731dda634b47af26a15456ef990256e27f5cb75474425e16d7104e440656d
C:\Users\koush\OneDrive\Documents\archive (4)\Dataset\Extrovert\EX_609.jpg,Extrovert,True,181,68,RGB,6b6e9e02ff0658dc3723d86733807b16036ab27895772bbfcc4b65c56bde1731
C:\Users\koush\OneDrive\Documents\archive (4)\Dataset\Extrovert\EX_61.jpg,Extrovert,True,960,368,RGB,a6e4e99285248bc7e8d86fc7e037a25d8bea97d85f8997b6e298e874971cd137
C:\Users\koush\OneDrive\Documents\archive (4)\Dataset\Extrovert\EX_610.jpg,Extrovert,True,286,231,RGB,7229c2d55928a99a29a714c23f19fb15460b59564bf0c43cc0a23e21aafd18af
C:\Users\koush\OneDrive\Documents\archive (4)\Dataset\Extrovert\EX_611.jpg,Extrovert,True,1002,542,RGB,3b88bc1eb6bc3b13cc5659a390a8a04b905cd3cf683c17d568dd4a0ffc8bca09
C:\Users\koush\OneDrive\Documents\archive (4)\Dataset\Extrovert\EX_612.jpg,Extrovert,True,415,202,RGB,6c55d6f56a08dfd3272b05d024cd27eb6f1f1d2eacd56e4b4c3f597002057c82
C:\Users\koush\OneDrive\Documents\archive (4)\Dataset\Extrovert\EX_613.jpg,Extrovert,True,102,119,RGB,82d06408aee6b0e7b859b8d1321bcc755c24fbc322bb9f002f3241720cff501d
C:\Users\koush\OneDrive\Documents\archive (4)\Dataset\Extrovert\EX_614.jpg,Extrovert,True,1038,549,RGB,1f768d93820647c4fe58f263527d09a36b20e437f4813c7c0d02f67bd927c855
C:\Users\koush\OneDrive\Documents\archive (4)\Dataset\Extrovert\EX_615.jpg,Extrovert,True,601,167,RGB,1d2e1053aabe4d310b7ecf5e2d22c3ba0bf28ef8f4372bcc5cf0e9cf7eade140
C:\Users\koush\OneDrive\Documents\archive (4)\Dataset\Extrovert\EX_616.jpg,Extrovert,True,230,96,RGB,19b9c528dc24f3d18c71a2e56919cb5f1154f46a84f5b8cd594a1bb5c08e94e9
C:\Users\koush\OneDrive\Documents\archive (4)\Dataset\Extrovert\EX_617.jpg,Extrovert,True,1221,635,RGB,813ff1a0e76b4350df9666a435e90e1dd8368313ecaaf093370fdf0bd176600a
C:\Users\koush\OneDrive\Documents\archive (4)\Dataset\Extrovert\EX_618.jpg,Extrovert,True,457,218,RGB,00b05ccb47d0b23833a169f870515e7979be873df0ee15ee1513e71958a29c2a
C:\Users\koush\OneDrive\Documents\archive (4)\Dataset\Extrovert\EX_619.jpg,Extrovert,True,285,218,RGB,c289ed6ab803061d77e4aa4355de3200d0feb6f712599e5b1ce762c1f2fdfd40
C:\Users\koush\OneDrive\Documents\archive (4)\Dataset\Extrovert\EX_62.jpg,Extrovert,True,1451,745,RGB,db79f736be99b0cc03094a4ee835bb65442ab3ddf6ac7999054b0d72ba61b432
C:\Users\koush\OneDrive\Documents\archive (4)\Dataset\Extrovert\EX_620.jpg,Extrovert,True,1137,593,RGB,6718597b73ffd055f8adafcdfa37ef1d8d8c6c48c4fb99414d1f118871d86a2a
C:\Users\koush\OneDrive\Documents\archive (4)\Dataset\Extrovert\EX_621.jpg,Extrovert,True,529,221,RGB,bc87588e4537288196ca5cedb09cd81eca1f0b897bc4b745356877c242035f95
C:\Users\koush\OneDrive\Documents\archive (4)\Dataset\Extrovert\EX_622.jpg,Extrovert,True,318,289,RGB,9ba0bbc530fa5a04c748439bf64f7cdb7f636426e246d797d2dc661b658f7799
C:\Users\koush\OneDrive\Documents\archive (4)\Dataset\Extrovert\EX_623.jpg,Extrovert,True,914,508,RGB,8489d37c6d78ca01d9ba1f1deceda711242b92a53a1f587dd05dcf4f133bf6eb
C:\Users\koush\OneDrive\Documents\archive (4)\Dataset\Extrovert\EX_624.jpg,Extrovert,True,487,128,RGB,d5008e2c980eb4015a204218e83c222af45dced5773b95241e5d7f3e55d3534d
C:\Users\koush\OneDrive\Documents\archive (4)\Dataset\Extrovert\EX_625.jpg,Extrovert,True,101,124,RGB,4d5dcdfef573e2372f0df74261c82deef282dc23c4fa7eebee5430cc971c9312
C:\Users\koush\OneDrive\Documents\archive (4)\Dataset\Extrovert\EX_626.jpg,Extrovert,True,790,436,RGB,bd452663a69de21fa74af8c5831692a025d9a8dedae9a315c45704102cc8007c
C:\Users\koush\OneDrive\Documents\archive (4)\Dataset\Extrovert\EX_627.jpg,Extrovert,True,694,169,RGB,e6c9202c9badfa7f271382ce2b517dc1abffe516020d6c595e0d7d1348232c9c
C:\Users\koush\OneDrive\Documents\archive (4)\Dataset\Extrovert\EX_628.jpg,Extrovert,True,308,243,RGB,fa10b64655b32718ab174aa1314ec05e1888f3555c45901d769e6ce4260517ff
C:\Users\koush\OneDrive\Documents\archive (4)\Dataset\Extrovert\EX_629.jpg,Extrovert,True,783,413,RGB,834ea1f73224ed8afcdb72baa1d9c495d5fdc7408cf336a93261374d1455c127
C:\Users\koush\OneDrive\Documents\archive (4)\Dataset\Extrovert\EX_63.jpg,Extrovert,True,809,614,RGB,6b5c4dbfa0237fc7a9eb0e05c2e8e0fce5d3a63440c75d6ca2608772e1b00304
C:\Users\koush\OneDrive\Documents\archive (4)\Dataset\Extrovert\EX_630.jpg,Extrovert,True,561,123,RGB,81096bf9d6a07f797fd85e45452037e41e72e509b541fa1e963eaa89313573af
C:\Users\koush\OneDrive\Documents\archive (4)\Dataset\Extrovert\EX_631.jpg,Extrovert,True,220,144,RGB,de375a073baa53ec00cf2e48dd51f093da6e6a4791b9c5be301a8584a7d3e3e1
C:\Users\koush\OneDrive\Documents\archive (4)\Dataset\Extrovert\EX_632.jpg,Extrovert,True,534,220,RGB,030d3228866f09e127c08a1e0f0d00776996566139875845acf30c138ecc6395
C:\Users\koush\OneDrive\Documents\archive (4)\Dataset\Extrovert\EX_633.jpg,Extrovert,True,1140,360,RGB,79f47293875efe56eabbdc12e8bb53dfd623abcc2f5deef78e257efd318c7d08
C:\Users\koush\OneDrive\Documents\archive (4)\Dataset\Extrovert\EX_634.jpg,Extrovert,True,302,247,RGB,81753937cdd421dd4834361a9d8970a10c7dd882591cf736ea574998caa72192
C:\Users\koush\OneDrive\Documents\archive (4)\Dataset\Extrovert\EX_635.jpg,Extrovert,True,857,503,RGB,0d803a05ee33ef5e9633b90a38c12ee5ccce1952f0f8feb38ddaf56517725929
C:\Users\koush\OneDrive\Documents\archive (4)\Dataset\Extrovert\EX_636.jpg,Extrovert,True,773,272,RGB,1f7cfa2a6d6831fe3fa3031c468da01e8234178f795c22b6923526a1acfc0775
C:\Users\koush\OneDrive\Documents\archive (4)\Dataset\Extrovert\EX_637.jpg,Extrovert,True,799,672,RGB,339b44fefb213eddd61224d04215efcf7f5fbafa1caba4a573aa8947449b7035
C:\Users\koush\OneDrive\Documents\archive (4)\Dataset\Extrovert\EX_638.jpg,Extrovert,True,984,443,RGB,86773889ead0fc2983b97a4eabee3c9de7f2c8124b7f1f8415fff6176037e964
C:\Users\koush\OneDrive\Documents\archive (4)\Dataset\Extrovert\EX_639.jpg,Extrovert,True,1442,283,RGB,24252a0f008397d9744500b23da0f79cee983f988a9dc7cad78ec8b73fc2c9cd
C:\Users\koush\OneDrive\Documents\archive (4)\Dataset\Extrovert\EX_64.jpg,Extrovert,True,1242,399,RGB,fef777f3aba922e594abb5173e24a80ceeede9bb0b843b22ef24252996b7e024
C:\Users\koush\OneDrive\Documents\archive (4)\Dataset\Extrovert\EX_640.jpg,Extrovert,True,750,479,RGB,b25272735b607dd969f3f8f1e483db056fc9b6b1c683d7d52373b96a701d4ba5
C:\Users\koush\OneDrive\Documents\archive (4)\Dataset\Extrovert\EX_641.jpg,Extrovert,True,1224,565,RGB,ea638a07f5d239c980c0a597805e72eaa05765c00c56f0bf3c12668b227421e5
C:\Users\koush\OneDrive\Documents\archive (4)\Dataset\Extrovert\EX_642.jpg,Extrovert,True,268,79,RGB,de9e10b1da44c4977e585e566f5cd7bde8066ff0b0f656c8488cc86e823be6b8
C:\Users\koush\OneDrive\Documents\archive (4)\Dataset\Extrovert\EX_643.jpg,Extrovert,True,963,349,RGB,3de8201211f133be7b9231853dcb81ff45e6014b82d24721a2e978dbdd422154
C:\Users\koush\OneDrive\Documents\archive (4)\Dataset\Extrovert\EX_644.jpg,Extrovert,True,492,264,RGB,cc9c494068ffce424c841f54d450de65fa8fac3a56571337280fce02aedd41b6
C:\Users\koush\OneDrive\Documents\archive (4)\Dataset\Extrovert\EX_645.jpg,Extrovert,True,782,584,RGB,2beb8be934c23e4014a043855e776e316b7bd2d36ec4bc3891285e358b14b0dd
C:\Users\koush\OneDrive\Documents\archive (4)\Dataset\Extrovert\EX_646.jpg,Extrovert,True,1246,420,RGB,4bf4ca83e8d9f55e162614a371cfb33f978feee42292c98ecc23ecdf99610761
C:\Users\koush\OneDrive\Documents\archive (4)\Dataset\Extrovert\EX_647.jpg,Extrovert,True,659,284,RGB,950d092973795aa0bb38f30ffcf0cd6e24a030484a0f1cc415653b026b8d8adf
C:\Users\koush\OneDrive\Documents\archive (4)\Dataset\Extrovert\EX_648.jpg,Extrovert,True,945,479,RGB,eb942d8857c8d1ca83d72de023d083fda064178092f9fb9630e467454735ee8f
C:\Users\koush\OneDrive\Documents\archive (4)\Dataset\Extrovert\EX_649.jpg,Extrovert,True,1331,401,RGB,3f703cad15dff12f4d33c136b8e4f03c2181f477306f0bcca490e64694da1737
C:\Users\koush\OneDrive\Documents\archive (4)\Dataset\Extrovert\EX_65.jpg,Extrovert,True,1269,565,RGB,c8d503973a25e2cedd48c59a7084ef53ba748f3f18a69f778784128b074cf0ec
C:\Users\koush\OneDrive\Documents\archive (4)\Dataset\Extrovert\EX_650.jpg,Extrovert,True,448,256,RGB,f76c8fc21a8a644842b4348c099b378d722488da902246ae52e982d46eba2082
C:\Users\koush\OneDrive\Documents\archive (4)\Dataset\Extrovert\EX_651.jpg,Extrovert,True,862,273,RGB,1b34b871556eef345c1e21ccee20224b3222b2b20321a3ef8d83453d11b7d137
C:\Users\koush\OneDrive\Documents\archive (4)\Dataset\Extrovert\EX_652.jpg,Extrovert,True,1126,250,RGB,e28e615d446f0c64a00b226d65a47e5558d3f5d30406ac38968739ab3b649a3d
C:\Users\koush\OneDrive\Documents\archive (4)\Dataset\Extrovert\EX_653.jpg,Extrovert,True,612,384,RGB,bd664f6dca0689e9217e2d4a595f53f6b03f857b434444a6411107364cd8a63d
C:\Users\koush\OneDrive\Documents\archive (4)\Dataset\Extrovert\EX_654.jpg,Extrovert,True,205,230,RGB,4e9ff376fb44e08704555a461f9b570659ba4aadc07fb266ae69eea9203ea4f3
C:\Users\koush\OneDrive\Documents\archive (4)\Dataset\Extrovert\EX_655.jpg,Extrovert,True,603,270,RGB,f6d14aecf1d9f13b4e34cc236676aac832d472e003eb30989bb4df1f59506191
C:\Users\koush\OneDrive\Documents\archive (4)\Dataset\Extrovert\EX_656.jpg,Extrovert,True,1501,237,RGB,429d421cb2d3cb935231b2aa860622aea9e1da7e0d52ae07a6d81daabdafb495
C:\Users\koush\OneDrive\Documents\archive (4)\Dataset\Extrovert\EX_657.jpg,Extrovert,True,586,244,RGB,1ccc22a7a1fa8cb43b8263b1118ac06e0e2b247e81991fc3e4f3b32c4cb45abc
C:\Users\koush\OneDrive\Documents\archive (4)\Dataset\Extrovert\EX_658.jpg,Extrovert,True,159,281,RGB,644fdcce11fc9865dec0d5f9fa2e25c306900239912bd5eef960819af96633d3
C:\Users\koush\OneDrive\Documents\archive (4)\Dataset\Extrovert\EX_659.jpg,Extrovert,True,504,217,RGB,8b545edbdd08975a972fc9a3713ecb92a24809f56d9d1ef12fef92ca848f4d07
C:\Users\koush\OneDrive\Documents\archive (4)\Dataset\Extrovert\EX_66.jpg,Extrovert,True,958,475,RGB,754b10a85dd9081b08ff0743e3a9ed6b0d0c079a1590def0c050d78a2bd77315
C:\Users\koush\OneDrive\Documents\archive (4)\Dataset\Extrovert\EX_660.jpg,Extrovert,True,462,137,RGB,85dc801a8e60e6da06d38652ea10f7c8ad51132ce4bee0cb49d4ae0659edfe10
C:\Users\koush\OneDrive\Documents\archive (4)\Dataset\Extrovert\EX_661.jpg,Extrovert,True,102,121,RGB,311f53d3eacb6c860ba6613be3f16d1112664a155106c35e65f6d3037caf091a
C:\Users\koush\OneDrive\Documents\archive (4)\Dataset\Extrovert\EX_662.jpg,Extrovert,True,481,250,RGB,d87b41658cfa5cc047a05951f7b3d73fa89bf2775c65ed115669cfbadc9b59ee
C:\Users\koush\OneDrive\Documents\archive (4)\Dataset\Extrovert\EX_663.jpg,Extrovert,True,199,60,RGB,6d445a75024ccc77b91bc71fba97facd017d413b6f23725b0ed9437b1e5f1782
C:\Users\koush\OneDrive\Documents\archive (4)\Dataset\Extrovert\EX_664.jpg,Extrovert,True,112,145,RGB,90ab6171a17521381689a598ec9c0ef70fcfa9efc47b4a7a75b1967c4943fca4
C:\Users\koush\OneDrive\Documents\archive (4)\Dataset\Extrovert\EX_665.jpg,Extrovert,True,479,217,RGB,4ef085c4d657bb96e7e4f52578fbad9b7cd21e01430d3150aa31b2b975e7cafa
C:\Users\koush\OneDrive\Documents\archive (4)\Dataset\Extrovert\EX_666.jpg,Extrovert,True,146,69,RGB,2a25232406a86ac5ed82ea13791023648b14b20edfd34adc75e4e364842f69e3
C:\Users\koush\OneDrive\Documents\archive (4)\Dataset\Extrovert\EX_67.jpg,Extrovert,True,1330,409,RGB,8535ffe8f3e2d2250abec6b7bb90bc888565d9a90c17ce3fe74d8542ae38b79f
C:\Users\koush\OneDrive\Documents\archive (4)\Dataset\Extrovert\EX_68.jpg,Extrovert,True,1290,612,RGB,43980678c749208447c99b78c0d067140506fee796323217576965422e38def7
C:\Users\koush\OneDrive\Documents\archive (4)\Dataset\Extrovert\EX_69.jpg,Extrovert,True,818,500,RGB,933d1858bda8bdbbb0b552b28fccdcf5354ddbc4ab793ba3f3a23cdd019a3bae
C:\Users\koush\OneDrive\Documents\archive (4)\Dataset\Extrovert\EX_7.jpg,Extrovert,True,1070,316,RGB,007f71f8251705c782ef3ccd6be9730b855eae393c6198b652405e8a37f41caa
C:\Users\koush\OneDrive\Documents\archive (4)\Dataset\Extrovert\EX_70.jpg,Extrovert,True,1164,405,RGB,294a248186a6b902721bd181af7a148326f60abedc6d8c26f1d282746c499f03
C:\Users\koush\OneDrive\Documents\archive (4)\Dataset\Extrovert\EX_71.jpg,Extrovert,True,1070,485,RGB,8451cfb335a2d7410c57d305ccf19e770f17346a884494c56e3cbe06aa3f70b1
C:\Users\koush\OneDrive\Documents\archive (4)\Dataset\Extrovert\EX_72.jpg,Extrovert,True,844,664,RGB,6d18b237f2dcab58da8260825580ab9109b9426715883e6f64e472fc09179e37
C:\Users\koush\OneDrive\Documents\archive (4)\Dataset\Extrovert\EX_73.jpg,Extrovert,True,988,447,RGB,fd27b2f629da33b40047b7f8b2e154e5b8431cd5fee9a1ee576e4827e633cb05
C:\Users\koush\OneDrive\Documents\archive (4)\Dataset\Extrovert\EX_74.jpg,Extrovert,True,853,359,RGB,d5fa7bcb957f7c53716c3f39504626e350659ec97a6505779496f4fcbc0b3b40
C:\Users\koush\OneDrive\Documents\archive (4)\Dataset\Extrovert\EX_75.jpg,Extrovert,True,697,549,RGB,254fdff87ff6c9b810b8faea846c27483377480e92bfaf237370e7351032ae48
C:\Users\koush\OneDrive\Documents\archive (4)\Dataset\Extrovert\EX_76.jpg,Extrovert,True,1353,710,RGB,312b9aba6049dd4678d6c99816d73ffe29e76ffc8a691e7907ee14cd8d32e516
C:\Users\koush\OneDrive\Documents\archive (4)\Dataset\Extrovert\EX_77.jpg,Extrovert,True,1095,561,RGB,b0193622a28b5d6781abfcfad1ccd7ca948ae8c0f5a923f790f35b0b5b4bbfae
C:\Users\koush\OneDrive\Documents\archive (4)\Dataset\Extrovert\EX_78.jpg,Extrovert,True,656,545,RGB,32b99c12a4407384f94ea0ca43c8a39aa30ce7f218180bf5350b4a74a43b23b4
C:\Users\koush\OneDrive\Documents\archive (4)\Dataset\Extrovert\EX_79.jpg,Extrovert,True,1834,523,RGB,d64079f4eb2cbcdbd6a9b98762d4b602b1122f94f182e0b4e3be98e3cd932849
C:\Users\koush\OneDrive\Documents\archive (4)\Dataset\Extrovert\EX_8.jpg,Extrovert,True,1209,497,RGB,478e0c999481d8aed520872cac6d15c1411fbf2603d7e4cf5c6ad15c908e517b
C:\Users\koush\OneDrive\Documents\archive (4)\Dataset\Extrovert\EX_80.jpg,Extrovert,True,1411,602,RGB,21aed058ea27662ef914257ae51bb7240546d45ccfb906ce40c206bd07d92fd9
C:\Users\koush\OneDrive\Documents\archive (4)\Dataset\Extrovert\EX_81.jpg,Extrovert,True,995,694,RGB,c25d52a47f237e07fa3fc8262009eea904df296b28373fd1e312dc96f8bb579f
C:\Users\koush\OneDrive\Documents\archive (4)\Dataset\Extrovert\EX_82.jpg,Extrovert,True,1093,487,RGB,ae1821b4d050b531cd20052d3e153f5597d738963203e76a14de7b3a96c5532a
C:\Users\koush\OneDrive\Documents\archive (4)\Dataset\Extrovert\EX_83.jpg,Extrovert,True,1484,769,RGB,9b98d7069a260ab885143ed70f4deb23947b6079687100ff3fba5482a682c80a
C:\Users\koush\OneDrive\Documents\archive (4)\Dataset\Extrovert\EX_84.jpg,Extrovert,True,687,606,RGB,c85b33cce8b7bf8567d2fdd12da92dc610c6a77004fab9251ed83f6f15adf11e
C:\Users\koush\OneDrive\Documents\archive (4)\Dataset\Extrovert\EX_85.jpg,Extrovert,True,1179,404,RGB,7f0a7ad414b34c7dda33fc90fd10a647e981d877a73501dfb9fb59014081da80
C:\Users\koush\OneDrive\Documents\archive (4)\Dataset\Extrovert\EX_86.jpg,Extrovert,True,1243,572,RGB,895068c4ae7dc662d6c5dcb2742ee9f77f8e97b4a630acb99a91cce705606b77
C:\Users\koush\OneDrive\Documents\archive (4)\Dataset\Extrovert\EX_87.jpg,Extrovert,True,850,601,RGB,a4a4130113f600b284dca028d45310c8b176764672a614c36a2f4106a2e8eb37
C:\Users\koush\OneDrive\Documents\archive (4)\Dataset\Extrovert\EX_88.jpg,Extrovert,True,1486,610,RGB,e3116f5c608d5f9df3ffcd108d8bbec279331e74cbf7d6d9e705b94749c6e50e
C:\Users\koush\OneDrive\Documents\archive (4)\Dataset\Extrovert\EX_89.jpg,Extrovert,True,1445,556,RGB,2f6c7591b07a1ee22fac3a958efefd22c91984c35530ef5c89a1209126472556
C:\Users\koush\OneDrive\Documents\archive (4)\Dataset\Extrovert\EX_9.jpg,Extrovert,True,555,368,RGB,411ef6b6ca121342afc0910923557bacab0fe288975601099ce0c532ddc32e87
C:\Users\koush\OneDrive\Documents\archive (4)\Dataset\Extrovert\EX_90.jpg,Extrovert,True,1346,844,RGB,d8b6d8f9571b2bd6ab2ae939b6fdc9fc277816cae9019befe3d5917f250854da
C:\Users\koush\OneDrive\Documents\archive (4)\Dataset\Extrovert\EX_91.jpg,Extrovert,True,1849,509,RGB,927ec722d1f30a38f21ac4ddae976431a6ed16bbbb24c0a579d7f4c526793dd3
C:\Users\koush\OneDrive\Documents\archive (4)\Dataset\Extrovert\EX_92.jpg,Extrovert,True,1973,641,RGB,f3e99403aad7e1d49e9701e0caf4c43eade24078cebdcb6f615e14dac5d6d7b6
C:\Users\koush\OneDrive\Documents\archive (4)\Dataset\Extrovert\EX_93.jpg,Extrovert,True,995,618,RGB,e9efc563b6578e1a3cabb7c25d093ce6653c97ce241b10eb16fc913befd291ad
C:\Users\koush\OneDrive\Documents\archive (4)\Dataset\Extrovert\EX_94.jpg,Extrovert,True,1396,390,RGB,8785876f523a367233c339bae31d5ea072bd45082d8005db5e2a3061b19fc6c1
C:\Users\koush\OneDrive\Documents\archive (4)\Dataset\Extrovert\EX_95.jpg,Extrovert,True,1185,396,RGB,4628bb1da7fdc8583de08724e18a360696eff1f932c4558e43672157680d31ea
C:\Users\koush\OneDrive\Documents\archive (4)\Dataset\Extrovert\EX_96.jpg,Extrovert,True,853,562,RGB,4cef04d6d92fc54d2e11ccd5149607467e802f7292093b910f7b4889c0ef629b
C:\Users\koush\OneDrive\Documents\archive (4)\Dataset\Extrovert\EX_97.jpg,Extrovert,True,2976,669,RGB,8aac9bfa96bfcb6da8e320cece6fcaa8c8d1e74d7ec065c205c98ac454291106
C:\Users\koush\OneDrive\Documents\archive (4)\Dataset\Extrovert\EX_98.jpg,Extrovert,True,1771,531,RGB,1b0f256114b7ac5cf2772d0cf702183797e4439be77eb3f2e4932d735c8319dc
C:\Users\koush\OneDrive\Documents\archive (4)\Dataset\Extrovert\EX_99.jpg,Extrovert,True,1545,696,RGB,3f73fcb1cc304779bef87544e9f7fa2e8927d139314db6cbc02ebea5cd8dfc32
C:\Users\koush\OneDrive\Documents\archive (4)\Dataset\Introvert\IN_1.jpg,Introvert,True,425,242,RGB,9c43d4be1d6b71b45861777ff3c8ea45a913aea0204c4941e517c479e17eab8a
C:\Users\koush\OneDrive\Documents\archive (4)\Dataset\Introvert\IN_10.jpg,Introvert,True,655,425,RGB,b271c49898a36ec98a63edd07f039def4e07365cc240dd6346bbbd50a030a253
C:\Users\koush\OneDrive\Documents\archive (4)\Dataset\Introvert\IN_100.jpg,Introvert,True,1556,629,RGB,68b0f38b346cdd222221daebe979704f673f4d11f74ab9f8066424db375ddf37
C:\Users\koush\OneDrive\Documents\archive (4)\Dataset\Introvert\IN_101.jpg,Introvert,True,1838,489,RGB,2369d563535a9d3613444359d15120847890604e9f8a47b2439dbeac13ec3e68
C:\Users\koush\OneDrive\Documents\archive (4)\Dataset\Introvert\IN_102.jpg,Introvert,True,2340,734,RGB,a7ee380f8cd6911e95e5ca4b379e4d156f4cf92798451cda00061c8ddef72e64
C:\Users\koush\OneDrive\Documents\archive (4)\Dataset\Introvert\IN_103.jpg,Introvert,True,911,514,RGB,1aefd6567e6cdfbee1dd8deb1f063210e1ec89bd66511e8721d6a2ba4ee6bc3a
C:\Users\koush\OneDrive\Documents\archive (4)\Dataset\Introvert\IN_104.jpg,Introvert,True,1688,502,RGB,3bf1b77fdc777c102b5c150ab674b30fb122a55e129caf7f5a3591be7aabe21a
C:\Users\koush\OneDrive\Documents\archive (4)\Dataset\Introvert\IN_105.jpg,Introvert,True,1485,572,RGB,97bda5f4bf606b80054e11522f27df8e8a20075598c7f913422f5f534287a85b
C:\Users\koush\OneDrive\Documents\archive (4)\Dataset\Introvert\IN_106.jpg,Introvert,True,1097,616,RGB,dc4674c3ca9cae2ace1f449a15e554374d5fc134895575a96ac7d6897437d699
C:\Users\koush\OneDrive\Documents\archive (4)\Dataset\Introvert\IN_107.jpg,Introvert,True,1527,468,RGB,4e75c4ea0cf9d3b879f24367adb02f438aaf8412db3d0ecc0e01a212a1e265c7
C:\Users\koush\OneDrive\Documents\archive (4)\Dataset\Introvert\IN_108.jpg,Introvert,True,1839,760,RGB,e6f080d7a6ab1dde07214f0135e955bd2e2ec9fab35322593187232527aced4a
C:\Users\koush\OneDrive\Documents\archive (4)\Dataset\Introvert\IN_109.jpg,Introvert,True,1383,769,RGB,60d9ba96c1ee5077f7e8291caf58f5dae2053ebcaee8f60d2bd902e8bffb2375
C:\Users\koush\OneDrive\Documents\archive (4)\Dataset\Introvert\IN_11.jpg,Introvert,True,1221,529,RGB,fd5ffe64abf48886969d484773ddecbb58b508cdef6c8814b514cd96f44c5fef
C:\Users\koush\OneDrive\Documents\archive (4)\Dataset\Introvert\IN_110.jpg,Introvert,True,1472,385,RGB,60c87037c1a03449cf9495ef1400184f807ad91da33a71d0e8c0dc839c451305
C:\Users\koush\OneDrive\Documents\archive (4)\Dataset\Introvert\IN_111.jpg,Introvert,True,1953,825,RGB,e0311998431f4135058180025fd92b13318426ec1fb499a27a59759dcf32caa9
C:\Users\koush\OneDrive\Documents\archive (4)\Dataset\Introvert\IN_112.jpg,Introvert,True,1424,723,RGB,2bc539cf31b58b13671c50ee7b3a0be59524539d5b17a1d384dff5cc03266a22
C:\Users\koush\OneDrive\Documents\archive (4)\Dataset\Introvert\IN_113.jpg,Introvert,True,1755,595,RGB,98cde5b2af7618a7f4f290fec880b9005c5e380c79147626ab2b2516b4ce3101
C:\Users\koush\OneDrive\Documents\archive (4)\Dataset\Introvert\IN_114.jpg,Introvert,True,2039,772,RGB,d0c242459f7f8cd57e49d285ecf4a7a51a2c28c5af6ffed9b344d13521ad7dbb
C:\Users\koush\OneDrive\Documents\archive (4)\Dataset\Introvert\IN_115.jpg,Introvert,True,1238,531,RGB,8e0ac6a275c1705c0b3b605220cd5ae94cbeaf883dc1548efd3590ff7a8a073c
C:\Users\koush\OneDrive\Documents\archive (4)\Dataset\Introvert\IN_116.jpg,Introvert,True,2787,869,RGB,3a47e7e4af6a205ef42f3a0b7d0c44c2db59cdef3801f7287fb76d26f48818f9
C:\Users\koush\OneDrive\Documents\archive (4)\Dataset\Introvert\IN_117.jpg,Introvert,True,1465,510,RGB,8a654f56da60894fea499e5f736b72af141e0ce832d800b54c30b3a3acfb5d35
C:\Users\koush\OneDrive\Documents\archive (4)\Dataset\Introvert\IN_118.jpg,Introvert,True,1225,704,RGB,b08bfe9f1e8a7f87cb4155aaf86331bd160a3b08e5abbe3ac1384682ac13bcb7
C:\Users\koush\OneDrive\Documents\archive (4)\Dataset\Introvert\IN_119.jpg,Introvert,True,1418,454,RGB,3424e844a44209687a75239907b152e5f0e55eee5a291975562b45f5a878d9c2
C:\Users\koush\OneDrive\Documents\archive (4)\Dataset\Introvert\IN_12.jpg,Introvert,True,1379,584,RGB,9b93da237bef03381f5b376566a913d99214db9a3997fd8ba179a1c200695e79
C:\Users\koush\OneDrive\Documents\archive (4)\Dataset\Introvert\IN_120.jpg,Introvert,True,1486,600,RGB,07a0bafb96569877a06966d98ea5ebbc4a1838658acc2dbe3f00dc9126b74193
C:\Users\koush\OneDrive\Documents\archive (4)\Dataset\Introvert\IN_121.jpg,Introvert,True,1719,692,RGB,4a987e66dcc84aeba000e7b69722caf2e5f9667b38d4cacfebc51ae76b2dc1ea
C:\Users\koush\OneDrive\Documents\archive (4)\Dataset\Introvert\IN_122.jpg,Introvert,True,2072,501,RGB,8fb4da921783ddbd245a82ecb7182e1370dc66afd1194e7213d6f7544a86de57
C:\Users\koush\OneDrive\Documents\archive (4)\Dataset\Introvert\IN_123.jpg,Introvert,True,2096,760,RGB,60db3fef66c85ba985c5d9ad84526db2f3680e9433e0663cd14978ae681fde6e
C:\Users\koush\OneDrive\Documents\archive (4)\Dataset\Introvert\IN_124.jpg,Introvert,True,1624,791,RGB,72f17c98cc06226a2562d42e6951382f8c1bfe27b2407d5f5e15cd410ba3e777
C:\Users\koush\OneDrive\Documents\archive (4)\Dataset\Introvert\IN_125.jpg,Introvert,True,2322,545,RGB,d215f1171578599e0a5def789fd94987a1513a0f712c3dd537f75f8af4cf2216
C:\Users\koush\OneDrive\Documents\archive (4)\Dataset\Introvert\IN_126.jpg,Introvert,True,1946,636,RGB,8ea582a852537b1270fa35d31ff228da85abbf80930c88b82be650283abcb828
C:\Users\koush\OneDrive\Documents\archive (4)\Dataset\Introvert\IN_127.jpg,Introvert,True,1392,669,RGB,317c284eb64810c450ec0f2ba13d6650feb8152f02bef40b0b5425924645cb06
C:\Users\koush\OneDrive\Documents\archive (4)\Dataset\Introvert\IN_128.jpg,Introvert,True,1886,482,RGB,428f813e995ad12de946ae414bf192adfef76f749e2ba172932391311042460a
C:\Users\koush\OneDrive\Documents\archive (4)\Dataset\Introvert\IN_129.jpg,Introvert,True,1828,569,RGB,daa948ecd531e7d0fcfb5a97acc272e5575cc2820010ca2af4d29dd7914e5b37
C:\Users\koush\OneDrive\Documents\archive (4)\Dataset\Introvert\IN_13.jpg,Introvert,True,721,489,RGB,8836c2a45c154207c29dde325398655061612850f0a46676625b62327b875aee
C:\Users\koush\OneDrive\Documents\archive (4)\Dataset\Introvert\IN_130.jpg,Introvert,True,1369,701,RGB,d161ec4f1619d63a76ec4cca5bb06b9305bf6860e00765f286482bdd79060789
C:\Users\koush\OneDrive\Documents\archive (4)\Dataset\Introvert\IN_131.jpg,Introvert,True,1727,441,RGB,c5d61c5816ab9755b70741b18fb5dc1c8fd955330674d9131b77dd6302677fd6
C:\Users\koush\OneDrive\Documents\archive (4)\Dataset\Introvert\IN_132.jpg,Introvert,True,1922,613,RGB,9481770cd665aa04f71793b6b33969cee3c034c8a1e789d56de4ca82901bdeda
C:\Users\koush\OneDrive\Documents\archive (4)\Dataset\Introvert\IN_133.jpg,Introvert,True,1182,487,RGB,ddd1181c9dc4e4990503db2eea31ee53d7f9b6697a2ce02c0236697f23ebbd0a
C:\Users\koush\OneDrive\Documents\archive (4)\Dataset\Introvert\IN_134.jpg,Introvert,True,1526,444,RGB,d9539beb1e85ab69bd053f85a5b09465eafdb300a3b452216332f97751709b5a
C:\Users\koush\OneDrive\Documents\archive (4)\Dataset\Introvert\IN_135.jpg,Introvert,True,1840,550,RGB,3d98e8a22b471e9d5ea5ac0d2578cff742375c940ecfe5149ec2b7452c1c1978
C:\Users\koush\OneDrive\Documents\archive (4)\Dataset\Introvert\IN_136.jpg,Introvert,True,1117,709,RGB,e81731e9fbc0cf7013a6e2a31239c5076ff86fad623293b37b6ebf0783ccd32f
C:\Users\koush\OneDrive\Documents\archive (4)\Dataset\Introvert\IN_137.jpg,Introvert,True,1701,531,RGB,5888368b21e0a5de5286a2d07e8f61854585ba418ad9df7c4df0b27546122445
C:\Users\koush\OneDrive\Documents\archive (4)\Dataset\Introvert\IN_138.jpg,Introvert,True,1955,654,RGB,e1b4e3f5494aed79f5c2a74bc532829f26e1d5ee55f00d876477e86e71a4b4a9
C:\Users\koush\OneDrive\Documents\archive (4)\Dataset\Introvert\IN_139.jpg,Introvert,True,1434,817,RGB,586d43cddb8bd98e4a68e7f7da88cc3e0c00cf4be462702879c21b4372a8910e
C:\Users\koush\OneDrive\Documents\archive (4)\Dataset\Introvert\IN_14.jpg,Introvert,True,1133,483,RGB,08a591f47de45d07438d4aece52fac62d455ae32384e196fd7d4fda01a0b8159
C:\Users\koush\OneDrive\Documents\archive (4)\Dataset\Introvert\IN_140.jpg,Introvert,True,1839,535,RGB,65f3bcdf501f95de00953bc02927a9f30fe678b4029caf5e8f5f076a02431e02
C:\Users\koush\OneDrive\Documents\archive (4)\Dataset\Introvert\IN_141.jpg,Introvert,True,2460,861,RGB,e9945aeeccdfbfe2b033ce9d13d11d35643e412593c892f6a1b0f4bfeeae660b
C:\Users\koush\OneDrive\Documents\archive (4)\Dataset\Introvert\IN_142.jpg,Introvert,True,1291,678,RGB,c83f07ce2bcea2a3e43ed67277d76cc2bfca0dda316f2ca50e76ba006de3390d
C:\Users\koush\OneDrive\Documents\archive (4)\Dataset\Introvert\IN_143.jpg,Introvert,True,1566,530,RGB,4e72dbed825a000538d1e465f50a021aa72c7365161fe4d10c418cb19702fa16
C:\Users\koush\OneDrive\Documents\archive (4)\Dataset\Introvert\IN_144.jpg,Introvert,True,2226,788,RGB,d6ccd06d64b106f4655aa97219381caaf3d27bb0c2bfed333f9febd11d937d9d
C:\Users\koush\OneDrive\Documents\archive (4)\Dataset\Introvert\IN_145.jpg,Introvert,True,1309,653,RGB,19efddd189e86b094103d733ef0d76cf71aafc97a47f3531d6b1f936c754b8e5
C:\Users\koush\OneDrive\Documents\archive (4)\Dataset\Introvert\IN_146.jpg,Introvert,True,1761,495,RGB,135311adef109b6e14e0bda4ce762669f2818926c1c1e2421223bbe30672957d
C:\Users\koush\OneDrive\Documents\archive (4)\Dataset\Introvert\IN_147.jpg,Introvert,True,1480,581,RGB,e285d75289d3990cfbc340ff1e264d62c29f23158e57f891d05705563724ff49
C:\Users\koush\OneDrive\Documents\archive (4)\Dataset\Introvert\IN_148.jpg,Introvert,True,1283,608,RGB,017001cc09ecd10411832d570f150abdc8503fc43f1c5a0c86b6993dc08d7bf6
C:\Users\koush\OneDrive\Documents\archive (4)\Dataset\Introvert\IN_149.jpg,Introvert,True,1537,380,RGB,6605053b4eb778c24f1ac485158d492e4f46a0f56f78fd3d4267aab35385e48c
C:\Users\koush\OneDrive\Documents\archive (4)\Dataset\Introvert\IN_15.jpg,Introvert,True,1312,664,RGB,daac09cdbadbbd51e44b0f3f143e27f670dfc1c3b9148a0b75c6ada491c47ca5
C:\Users\koush\OneDrive\Documents\archive (4)\Dataset\Introvert\IN_150.jpg,Introvert,True,1602,554,RGB,098c81cc2a60c8f24c710ac1c7210b67f75ecf84f7445e0619456f6fbc913412
C:\Users\koush\OneDrive\Documents\archive (4)\Dataset\Introvert\IN_151.jpg,Introvert,True,424,242,RGB,cbbe1188e44a7df3f4199ca8851d45090143baec08306efe66f59aa01a18668f
C:\Users\koush\OneDrive\Documents\archive (4)\Dataset\Introvert\IN_152.jpg,Introvert,True,2015,895,RGB,7e95ad3473b82bef1aa91b3a626e2fc837ccaf3730619322645125fdbd6655a3
C:\Users\koush\OneDrive\Documents\archive (4)\Dataset\Introvert\IN_153.jpg,Introvert,True,2023,821,RGB,84f902b9af936f545d8e42039e7c37419de16d7ee6566c20e68b712b68da368a
C:\Users\koush\OneDrive\Documents\archive (4)\Dataset\Introvert\IN_154.jpg,Introvert,True,1558,883,RGB,7d8f1c3e19b7374e5e27eaf5c26a443edda5ac63111128d973fbeae5c11ad239
C:\Users\koush\OneDrive\Documents\archive (4)\Dataset\Introvert\IN_155.jpg,Introvert,True,1673,991,RGB,bb02205c964bb79762c958ed54e98653a85486c6ff6e47272814a0954742e5de
C:\Users\koush\OneDrive\Documents\archive (4)\Dataset\Introvert\IN_156.jpg,Introvert,True,2131,841,RGB,cf5ccb02a62e945b929d591bf63ef05028d80c7c5a973cfa7b2955967e0ad6a9
C:\Users\koush\OneDrive\Documents\archive (4)\Dataset\Introvert\IN_157.jpg,Introvert,True,813,513,RGB,4e73ea62cfc5210a04de37ec14e12ff898b76f9a2b83a67f111df7e304aafaea
C:\Users\koush\OneDrive\Documents\archive (4)\Dataset\Introvert\IN_158.jpg,Introvert,True,1190,551,RGB,a1c06aeb3c59c741d06f67e1882e1ef0f9b7f7a1f41611c56b4f93113cd124b6
C:\Users\koush\OneDrive\Documents\archive (4)\Dataset\Introvert\IN_159.jpg,Introvert,True,1234,675,RGB,21f1ea748298d9a615ea922ae20378451978b26db29807b647c1e5cf0467f0c8
C:\Users\koush\OneDrive\Documents\archive (4)\Dataset\Introvert\IN_16.jpg,Introvert,True,558,589,RGB,a35bddc587842042626f892f6adf4f862c7c4ad8101b6f157ecb3e93b7fc81cc
C:\Users\koush\OneDrive\Documents\archive (4)\Dataset\Introvert\IN_160.jpg,Introvert,True,645,408,RGB,e61b21dad716b65ff106c8d26e1b9c73d4ee33cedea860f492522d608a695690
C:\Users\koush\OneDrive\Documents\archive (4)\Dataset\Introvert\IN_161.jpg,Introvert,True,1221,529,RGB,fd5ffe64abf48886969d484773ddecbb58b508cdef6c8814b514cd96f44c5fef
C:\Users\koush\OneDrive\Documents\archive (4)\Dataset\Introvert\IN_162.jpg,Introvert,True,1379,584,RGB,9b93da237bef03381f5b376566a913d99214db9a3997fd8ba179a1c200695e79
C:\Users\koush\OneDrive\Documents\archive (4)\Dataset\Introvert\IN_163.jpg,Introvert,True,742,466,RGB,2c77587b9eb1097853bba1c2bfe8f6bc7c4a010937e5bcdae2b4e4b1b3570339
C:\Users\koush\OneDrive\Documents\archive (4)\Dataset\Introvert\IN_164.jpg,Introvert,True,1133,483,RGB,08a591f47de45d07438d4aece52fac62d455ae32384e196fd7d4fda01a0b8159
C:\Users\koush\OneDrive\Documents\archive (4)\Dataset\Introvert\IN_165.jpg,Introvert,True,1233,625,RGB,a060ed7f9389654b1854dd763c0de27009de426c4de6a0e8745ecfdf6f215815
C:\Users\koush\OneDrive\Documents\archive (4)\Dataset\Introvert\IN_166.jpg,Introvert,True,561,589,RGB,a9be52f33e66ea312e29abdf185d2bfb4078212bf3da239ca249ae75beeb1558
C:\Users\koush\OneDrive\Documents\archive (4)\Dataset\Introvert\IN_167.jpg,Introvert,True,1097,474,RGB,58bb4505099850e6c7039b80083b188dccf9d5b5ca0dc1548096ca226af92798
C:\Users\koush\OneDrive\Documents\archive (4)\Dataset\Introvert\IN_168.jpg,Introvert,True,1081,516,RGB,c0dfd6a1221e51611efac3813d89126205835f971d26b6d0d871405dd0ce138c
C:\Users\koush\OneDrive\Documents\archive (4)\Dataset\Introvert\IN_169.jpg,Introvert,True,824,632,RGB,b1fe3bff56ddc9d1545ba71d460b6856dcde09847394fc54faf6ee020807809c
C:\Users\koush\OneDrive\Documents\archive (4)\Dataset\Introvert\IN_17.jpg,Introvert,True,1097,474,RGB,58bb4505099850e6c7039b80083b188dccf9d5b5ca0dc1548096ca226af92798
C:\Users\koush\OneDrive\Documents\archive (4)\Dataset\Introvert\IN_170.jpg,Introvert,True,1159,516,RGB,6d760f49b77848d75babf454377b410bd3117a0bec6881b8f3d5954c37dc17b6
C:\Users\koush\OneDrive\Documents\archive (4)\Dataset\Introvert\IN_171.jpg,Introvert,True,1534,621,RGB,8138ac47a2723a0d1f641258f6461b484e14b860ef6a1a5ad0ab9206fec151ca
C:\Users\koush\OneDrive\Documents\archive (4)\Dataset\Introvert\IN_172.jpg,Introvert,True,710,600,RGB,3dd34d2bf5a1026172cd6ae58001cd94663be8ad2f6f630b2872492190a2bd34
C:\Users\koush\OneDrive\Documents\archive (4)\Dataset\Introvert\IN_173.jpg,Introvert,True,1399,551,RGB,67c9ec652fd412f736cdb2e219da904b4435fe7456f893b06c2b924d3c71523a
C:\Users\koush\OneDrive\Documents\archive (4)\Dataset\Introvert\IN_174.jpg,Introvert,True,1661,648,RGB,e8204989f9222a4812eeb7b132cd6f12232e318662bf83dd27bc66673777fb88
C:\Users\koush\OneDrive\Documents\archive (4)\Dataset\Introvert\IN_175.jpg,Introvert,True,683,497,RGB,a679c90b14413becff45a5fb8a91bc5cf66557d01f68813937ffdd8dd38481f4
C:\Users\koush\OneDrive\Documents\archive (4)\Dataset\Introvert\IN_176.jpg,Introvert,True,1171,568,RGB,bb601ca9a5e8cb7c19873469fc6a355a884f4c2c1ec5086756e33c2f67ff7066
C:\Users\koush\OneDrive\Documents\archive (4)\Dataset\Introvert\IN_177.jpg,Introvert,True,1415,604,RGB,518814e348ed5f6426583f5aaad02ed8800c5bd1ca318c988e5b60d225d0ccae
C:\Users\koush\OneDrive\Documents\archive (4)\Dataset\Introvert\IN_178.jpg,Introvert,True,492,487,RGB,f969ce8970d5175d42105bc4ec07bb961308d5a6431100bc43ecdfe96fae3fda
C:\Users\koush\OneDrive\Documents\archive (4)\Dataset\Introvert\IN_179.jpg,Introvert,True,1265,569,RGB,e87b3476e43588fe264ef728d0153cc83a1205eeefce75377c6ba177a0600564
C:\Users\koush\OneDrive\Documents\archive (4)\Dataset\Introvert\IN_18.jpg,Introvert,True,1047,531,RGB,f7df7cce788b4a050aa5693966634fffb049180c3c622c56e9f58481e7e9fc9b
C:\Users\koush\OneDrive\Documents\archive (4)\Dataset\Introvert\IN_180.jpg,Introvert,True,1393,561,RGB,61f3a88436fc6822eeb2956a152fe2e36d84006aff79cf579c7648dcfc8f4fef
C:\Users\koush\OneDrive\Documents\archive (4)\Dataset\Introvert\IN_181.jpg,Introvert,True,623,441,RGB,5a201bbe0532df77eddfbf3668412aca2a315acb369d9f51b683fbbe6f00817d
C:\Users\koush\OneDrive\Documents\archive (4)\Dataset\Introvert\IN_182.jpg,Introvert,True,1181,588,RGB,4bfe60d3512931dbd8c12633805d764c6482459a4a5878a491148ef35853e438
C:\Users\koush\OneDrive\Documents\archive (4)\Dataset\Introvert\IN_183.jpg,Introvert,True,1245,571,RGB,581dfba11275338a692328315f01be3d270c8c6e9509b5dcc4a782c50311b2ea
C:\Users\koush\OneDrive\Documents\archive (4)\Dataset\Introvert\IN_184.jpg,Introvert,True,563,544,RGB,58e65604190ebdfb5346f331bb0b47197e56ec9c2cbd9bcdfd94774280763706
C:\Users\koush\OneDrive\Documents\archive (4)\Dataset\Introvert\IN_185.jpg,Introvert,True,1301,570,RGB,4431cc2c89c3e059501f5cabadd5a2cda308c02e25873fb54ae0845e5553370b
C:\Users\koush\OneDrive\Documents\archive (4)\Dataset\Introvert\IN_186.jpg,Introvert,True,1345,656,RGB,b215db412370d71f6286b42c03779f7f7aec8e8b4b4b6b3020c436a8af312e1b
C:\Users\koush\OneDrive\Documents\archive (4)\Dataset\Introvert\IN_187.jpg,Introvert,True,550,486,RGB,9b42303d574620a1b49679722c4acf07a562f50c9b43a13bb4ccd753574ea03a
C:\Users\koush\OneDrive\Documents\archive (4)\Dataset\Introvert\IN_188.jpg,Introvert,True,1425,537,RGB,4be838e8288fd452af21eb83ec78c22c4bc1b8f4de44f9bd931953f3ce171551
C:\Users\koush\OneDrive\Documents\archive (4)\Dataset\Introvert\IN_189.jpg,Introvert,True,953,462,RGB,3a0a633a3b9cce4d12ba90e6585c4f48cb1ce480cb57129804c99712d7975c21
C:\Users\koush\OneDrive\Documents\archive (4)\Dataset\Introvert\IN_19.jpg,Introvert,True,804,637,RGB,028de3a03802254218f9f5a75e8ea192b0fc3b580ff99fe040ca5a5675c27186
C:\Users\koush\OneDrive\Documents\archive (4)\Dataset\Introvert\IN_190.jpg,Introvert,True,619,432,RGB,3e4599ee83751a6cc59b8ce550d4cee0aa226c94e55e82222fc75a5d72926ec1
C:\Users\koush\OneDrive\Documents\archive (4)\Dataset\Introvert\IN_191.jpg,Introvert,True,1423,547,RGB,3a8db5609d9020bc779c6c003dca86ca685772e5170e3023848a2fb15c807463
C:\Users\koush\OneDrive\Documents\archive (4)\Dataset\Introvert\IN_192.jpg,Introvert,True,1199,545,RGB,144e258bfcd17d8fc83799c81c43011ef3bb4d9adbda5bdcf31c9ef2afcbcbc7
C:\Users\koush\OneDrive\Documents\archive (4)\Dataset\Introvert\IN_193.jpg,Introvert,True,577,552,RGB,129e118e24962a30aacc8768309c3e9f308f467f5cba5149f142482b97155f02
C:\Users\koush\OneDrive\Documents\archive (4)\Dataset\Introvert\IN_194.jpg,Introvert,True,1373,563,RGB,7ae0aa0f144b1970fd2fcac80c38fa111bc195461ff5744631d17cf9bc7190d6
C:\Users\koush\OneDrive\Documents\archive (4)\Dataset\Introvert\IN_195.jpg,Introvert,True,1099,495,RGB,62c036c5e2a46556a18251bcad4748191ee86ec147667f6e3df33543f3111435
C:\Users\koush\OneDrive\Documents\archive (4)\Dataset\Introvert\IN_196.jpg,Introvert,True,669,724,RGB,ddeaef82c7e5cd7452b29d112f4bf33cf945448a43c8b3b281857c9f4dea8a4a
C:\Users\koush\OneDrive\Documents\archive (4)\Dataset\Introvert\IN_197.jpg,Introvert,True,823,325,RGB,be5c41fe72678eeb902627e5b98f63b50ff0d0880997de1308254e74978089cf
C:\Users\koush\OneDrive\Documents\archive (4)\Dataset\Introvert\IN_198.jpg,Introvert,True,1255,647,RGB,4ef1be74ae514c3ae06a86c0a3bd9de1d19737792d5a82ab6f0e52536fda0ea3
C:\Users\koush\OneDrive\Documents\archive (4)\Dataset\Introvert\IN_199.jpg,Introvert,True,743,775,RGB,0100d8a36952c366292bb32b6247b0269cdebfd3bfc833a232ab6ce81a24186c
C:\Users\koush\OneDrive\Documents\archive (4)\Dataset\Introvert\IN_2.jpg,Introvert,True,2015,895,RGB,7e95ad3473b82bef1aa91b3a626e2fc837ccaf3730619322645125fdbd6655a3
C:\Users\koush\OneDrive\Documents\archive (4)\Dataset\Introvert\IN_20.jpg,Introvert,True,1159,516,RGB,6d760f49b77848d75babf454377b410bd3117a0bec6881b8f3d5954c37dc17b6
C:\Users\koush\OneDrive\Documents\archive (4)\Dataset\Introvert\IN_200.jpg,Introvert,True,1347,553,RGB,04f4cbdcaaf52be2678a2b50b550ac2052e40b6e8b8b96c58bfd608952678614
C:\Users\koush\OneDrive\Documents\archive (4)\Dataset\Introvert\IN_201.jpg,Introvert,True,1166,507,RGB,6eed812440e02a234196f0a1e89fe807295d6a36352d188dee661510048566b3
C:\Users\koush\OneDrive\Documents\archive (4)\Dataset\Introvert\IN_202.jpg,Introvert,True,741,599,RGB,56eb98de22a8081da9e2a81205849d8314c72bed67409d7e28b138dfabcf5f1f
C:\Users\koush\OneDrive\Documents\archive (4)\Dataset\Introvert\IN_203.jpg,Introvert,True,1203,486,RGB,df6d587374491f2ee8b02eded6ae4814bdf62a4722457f2ddaf17ae32044a10b
C:\Users\koush\OneDrive\Documents\archive (4)\Dataset\Introvert\IN_204.jpg,Introvert,True,1560,676,RGB,06a3511413e297ad2ad9f1f46d47c79eac2b0f237e0c00a1050a494b9cac7595
C:\Users\koush\OneDrive\Documents\archive (4)\Dataset\Introvert\IN_205.jpg,Introvert,True,562,621,RGB,5a779b86424ccce80e6e2bedab67ce32f76641cdcc446bdfa65d36abbc2485cd
C:\Users\koush\OneDrive\Documents\archive (4)\Dataset\Introvert\IN_206.jpg,Introvert,True,976,435,RGB,6e2fa5ca0144b0f98c20bd153405fa6ce7b0ea9ac3f79ef48b9e7aa78384fda1
C:\Users\koush\OneDrive\Documents\archive (4)\Dataset\Introvert\IN_207.jpg,Introvert,True,1329,631,RGB,085e6a4b09a81fa90e924a2a173e0a674c680e91b103a68b2c157eb7363689c6
C:\Users\koush\OneDrive\Documents\archive (4)\Dataset\Introvert\IN_208.jpg,Introvert,True,447,537,RGB,5131b5934a9cf1e517f8598d646f6396979236fdc4f5f5126c536cf0d238cfec
C:\Users\koush\OneDrive\Documents\archive (4)\Dataset\Introvert\IN_209.jpg,Introvert,True,1095,509,RGB,26de568123393b85d52c50609a02984c15660240bba32b4671b0c302020052bd
C:\Users\koush\OneDrive\Documents\archive (4)\Dataset\Introvert\IN_21.jpg,Introvert,True,1524,649,RGB,b106e3cbe9afa8f07e65ff49110d502d0796b3b63acab3c72f443519399e6116
C:\Users\koush\OneDrive\Documents\archive (4)\Dataset\Introvert\IN_210.jpg,Introvert,True,1375,712,RGB,2361f7fcd5beb09b1a52fd5ba358754fb3ee20ccca15fde951ba622ca294376a
C:\Users\koush\OneDrive\Documents\archive (4)\Dataset\Introvert\IN_211.jpg,Introvert,True,303,210,RGB,aad71703394a793b3ce315b100be7987af5fc6813cbfbf106dfd69e787373c88
C:\Users\koush\OneDrive\Documents\archive (4)\Dataset\Introvert\IN_212.jpg,Introvert,True,588,235,RGB,652fb4abb7c4aad84a5c84b25fc4954b711162283488d53852af759acd9da41b
C:\Users\koush\OneDrive\Documents\archive (4)\Dataset\Introvert\IN_213.jpg,Introvert,True,788,332,RGB,2008cb15169ee9851fc4d2303b8b12969b8e5cf7866d35dca8ca9d887373d3b6
C:\Users\koush\OneDrive\Documents\archive (4)\Dataset\Introvert\IN_214.jpg,Introvert,True,329,213,RGB,01a78197c58916b6773d9f5ed2b7fbd815565f5f45f9a5038a3c345425a51bd4
C:\Users\koush\OneDrive\Documents\archive (4)\Dataset\Introvert\IN_215.jpg,Introvert,True,588,235,RGB,67ee3de82ec395f40a632fda0435b8fc093656283b9928c644c53683a1ccace7
C:\Users\koush\OneDrive\Documents\archive (4)\Dataset\Introvert\IN_216.jpg,Introvert,True,674,340,RGB,e925390e5db6954632b37fdb5ce150d204c6932307a2c2da729c5a13ae7ab8ae
C:\Users\koush\OneDrive\Documents\archive (4)\Dataset\Introvert\IN_217.jpg,Introvert,True,626,326,RGB,4ed31ff1ba8455f3a4865b28584e466645b3f5d2215559099474edbe98fd467e
C:\Users\koush\OneDrive\Documents\archive (4)\Dataset\Introvert\IN_218.jpg,Introvert,True,842,313,RGB,2f67e09527127b5e266525d36448d05c4904e5f3416bc13a2a21acb4af982558
C:\Users\koush\OneDrive\Documents\archive (4)\Dataset\Introvert\IN_219.jpg,Introvert,True,837,470,RGB,2b5272357d56b5540b51a86c0247235919d9ccb5da95fff89bc5a17c4ed74044
C:\Users\koush\OneDrive\Documents\archive (4)\Dataset\Introvert\IN_22.jpg,Introvert,True,698,601,RGB,09ca0bf71ab91c138760aff78b0a228f76de3cc70805f7820fb8821ab531f720
C:\Users\koush\OneDrive\Documents\archive (4)\Dataset\Introvert\IN_220.jpg,Introvert,True,495,358,RGB,699cc09a372b858a65f7612c2e2f56ba9441fee06a8b71a40c52fc57c23df62f
C:\Users\koush\OneDrive\Documents\archive (4)\Dataset\Introvert\IN_221.jpg,Introvert,True,852,377,RGB,7413c1a30d05ba4395d60c354bb925c680562f328da67acee5da9f6df83082cd
C:\Users\koush\OneDrive\Documents\archive (4)\Dataset\Introvert\IN_222.jpg,Introvert,True,753,423,RGB,d7d8854d0f0430e0dbf9025e0df72e03cd4ce04b47d7992621b98b67c6fba48b
C:\Users\koush\OneDrive\Documents\archive (4)\Dataset\Introvert\IN_223.jpg,Introvert,True,677,338,RGB,d4ae0012061a994c0eba2bef6ab5572280940de95fb28b5918e7f7c573e40542
C:\Users\koush\OneDrive\Documents\archive (4)\Dataset\Introvert\IN_224.jpg,Introvert,True,777,337,RGB,5e874f28ec4c4ddfa427424ee5d4c4c08e2af595c786b8a33aa37875de0255bf
C:\Users\koush\OneDrive\Documents\archive (4)\Dataset\Introvert\IN_225.jpg,Introvert,True,1138,615,RGB,ddd68c9ea6c49b63e84e067d46f67d470b90fa40b80d5492506019de6c716b21
C:\Users\koush\OneDrive\Documents\archive (4)\Dataset\Introvert\IN_226.jpg,Introvert,True,331,121,RGB,7f97bc53fa1f42005931bdf0d1be7a92556606e5a18e23247ebc7642bd38e6b2
C:\Users\koush\OneDrive\Documents\archive (4)\Dataset\Introvert\IN_227.jpg,Introvert,True,800,358,RGB,dd522c30eef26464c34f6da435d231992ade28a5a8330950df27ccb5efdaad4c
C:\Users\koush\OneDrive\Documents\archive (4)\Dataset\Introvert\IN_228.jpg,Introvert,True,638,300,RGB,64b0230f4fa653495283a69045b0388b87b1467a8d19296c32d0bb9508525298
C:\Users\koush\OneDrive\Documents\archive (4)\Dataset\Introvert\IN_229.jpg,Introvert,True,268,110,RGB,935a5f68e26fdab6e227de44ddee4c20cf141e7eea4a61399cfd292722ac8dd5
C:\Users\koush\OneDrive\Documents\archive (4)\Dataset\Introvert\IN_23.jpg,Introvert,True,1399,551,RGB,67c9ec652fd412f736cdb2e219da904b4435fe7456f893b06c2b924d3c71523a
C:\Users\koush\OneDrive\Documents\archive (4)\Dataset\Introvert\IN_230.jpg,Introvert,True,305,85,RGB,1dfcf1511481f3c0c94f9201838bfde4637563dc2c09b2c021908fa6d3967ff7
C:\Users\koush\OneDrive\Documents\archive (4)\Dataset\Introvert\IN_231.jpg,Introvert,True,660,312,RGB,6a22307616341e34994032235864b1d07bfd1beb1243673501218b37ae01b210
C:\Users\koush\OneDrive\Documents\archive (4)\Dataset\Introvert\IN_232.jpg,Introvert,True,229,117,RGB,638f599ea40f66582894868574cd4807d4b964af339d18d1fd49048d8045b610
C:\Users\koush\OneDrive\Documents\archive (4)\Dataset\Introvert\IN_233.jpg,Introvert,True,291,99,RGB,2d71f08530c72d40dd3af7e648662d05a823a92a2c561b01bbc8380be93aae5f
C:\Users\koush\OneDrive\Documents\archive (4)\Dataset\Introvert\IN_234.jpg,Introvert,True,666,374,RGB,50b548c24b1be63082f69cc0be3bcc27b1bf348a0a8a52caa814baf7a5b85b11
C:\Users\koush\OneDrive\Documents\archive (4)\Dataset\Introvert\IN_235.jpg,Introvert,True,225,255,RGB,7723604fe147d3223d8288b6fa2b82a752d85a01cee8e2915ad945ac9877ac2c
C:\Users\koush\OneDrive\Documents\archive (4)\Dataset\Introvert\IN_236.jpg,Introvert,True,641,312,RGB,5533c70f6763f08243cb64956214a3c9cc7f820be4d38df9cc1c10babbfa0484
C:\Users\koush\OneDrive\Documents\archive (4)\Dataset\Introvert\IN_237.jpg,Introvert,True,555,357,RGB,6845c3f9e07ab8fb1a75d6e00f4460c4cc049618885af1d7b350ae701198c025
C:\Users\koush\OneDrive\Documents\archive (4)\Dataset\Introvert\IN_238.jpg,Introvert,True,586,309,RGB,a9281cc55179129ab842cd13c7d4868a8ff8d921d6c506d6d52aae845367d8ab
C:\Users\koush\OneDrive\Documents\archive (4)\Dataset\Introvert\IN_239.jpg,Introvert,True,1175,446,RGB,e1d9b4403b190d7d98c74624acc2c598f581bb793188a46ed049bd5eeaeec935
C:\Users\koush\OneDrive\Documents\archive (4)\Dataset\Introvert\IN_24.jpg,Introvert,True,1549,628,RGB,c8eedc8300ae918773ad4f1604ac054b7d418eef7f412e1762f82f8b1ce336fe
C:\Users\koush\OneDrive\Documents\archive (4)\Dataset\Introvert\IN_240.jpg,Introvert,True,1027,393,RGB,5e66b748dd69ada0be619e5c4497fe52582a027c1f0f029b2b221b3f4e66bf83
C:\Users\koush\OneDrive\Documents\archive (4)\Dataset\Introvert\IN_241.jpg,Introvert,True,293,322,RGB,0d8233bf128a6ff02e318e4cad41a0a299c6fdf64bae08d08209b734025be91d
C:\Users\koush\OneDrive\Documents\archive (4)\Dataset\Introvert\IN_242.jpg,Introvert,True,822,361,RGB,44f7e8e30fde71be8107f30a388369b8ad78387ffe347c0c07442f9064371afc
C:\Users\koush\OneDrive\Documents\archive (4)\Dataset\Introvert\IN_243.jpg,Introvert,True,804,294,RGB,2a8847b2f67b55a52fc9515f20c226aef82d90968a13448795c7a9a82d3514ed
C:\Users\koush\OneDrive\Documents\archive (4)\Dataset\Introvert\IN_244.jpg,Introvert,True,450,363,RGB,ba9b96ea684fd94bd0aacc2e5aa611ef05dc0840efd0ef231bef4cc9771020e8
C:\Users\koush\OneDrive\Documents\archive (4)\Dataset\Introvert\IN_245.jpg,Introvert,True,827,497,RGB,009ad009d27ae0d534bee1ad64392e3e00cb19cb4dd39614267d135b323dc6e0
C:\Users\koush\OneDrive\Documents\archive (4)\Dataset\Introvert\IN_246.jpg,Introvert,True,838,323,RGB,06eaf91e5e63d545e1bc2b2839e0cf512ecd245b554c8d17249a96388d174b3d
C:\Users\koush\OneDrive\Documents\archive (4)\Dataset\Introvert\IN_247.jpg,Introvert,True,310,271,RGB,d8097b5609670f4282d1fcb788480c35ad77fd60010689cf826370ff951b53d8
C:\Users\koush\OneDrive\Documents\archive (4)\Dataset\Introvert\IN_248.jpg,Introvert,True,813,453,RGB,42759202bb2dfba911d21e6a89731387a8ea45316494db9b7f75fe1a9041496a
C:\Users\koush\OneDrive\Documents\archive (4)\Dataset\Introvert\IN_249.jpg,Introvert,True,1072,455,RGB,8f5d5a0a9cb029d8ed7c5396c2d642aba3430b0a2539d498c22340a499eed8a6
C:\Users\koush\OneDrive\Documents\archive (4)\Dataset\Introvert\IN_25.jpg,Introvert,True,678,498,RGB,213d296d5766f04e75c65255feda38bc5445329b643f2b5ab454ad5d2c3d8547
C:\Users\koush\OneDrive\Documents\archive (4)\Dataset\Introvert\IN_250.jpg,Introvert,True,314,262,RGB,8156a521cf2db11669fe3ac2c6258a63f1c6c5dcddd06391aaa595c117c2ac38
C:\Users\koush\OneDrive\Documents\archive (4)\Dataset\Introvert\IN_251.jpg,Introvert,True,618,279,RGB,0962d5948e6c283644d839482f996a979284c9ea45834a0bc0a22fa43fa4e6b7
C:\Users\koush\OneDrive\Documents\archive (4)\Dataset\Introvert\IN_252.jpg,Introvert,True,585,258,RGB,ee240d329c8788796c7c974dff787b90b9c4f93cfe980ca9b561162e07b5476a
C:\Users\koush\OneDrive\Documents\archive (4)\Dataset\Introvert\IN_253.jpg,Introvert,True,299,249,RGB,e9a48e1bb3acc32367e1606d1f8cd61d64fb1bd3c51b30cf87de2a8680efac3f
C:\Users\koush\OneDrive\Documents\archive (4)\Dataset\Introvert\IN_254.jpg,Introvert,True,766,344,RGB,b5bd0ecf5502459d419f07ecb5a84d261efa4394676239f08e2909f2ef7a61e8
C:\Users\koush\OneDrive\Documents\archive (4)\Dataset\Introvert\IN_255.jpg,Introvert,True,702,349,RGB,945b0ec943d68db5a8a73723d9a3997b0ef51ec3f930c9f74a63b3efa719cb04
C:\Users\koush\OneDrive\Documents\archive (4)\Dataset\Introvert\IN_256.jpg,Introvert,True,217,292,RGB,a66d3f9e182e90d998a728638db440a9c0f10234f07d0faabf492f5e8f1c9d0a
C:\Users\koush\OneDrive\Documents\archive (4)\Dataset\Introvert\IN_257.jpg,Introvert,True,777,330,RGB,549aba3bd5c854ff3ea68e55f120d323f299dda148636099009e7dff788a1ed6
C:\Users\koush\OneDrive\Documents\archive (4)\Dataset\Introvert\IN_258.jpg,Introvert,True,773,344,RGB,e0158fd056dada12cc099c7947f4e336471941bda898dd5d41071ed80fdec76b
C:\Users\koush\OneDrive\Documents\archive (4)\Dataset\Introvert\IN_259.jpg,Introvert,True,363,367,RGB,48bf17562e7e22bab594fd7c7563642a281fd98395cac8448ff158511088e7b8
C:\Users\koush\OneDrive\Documents\archive (4)\Dataset\Introvert\IN_26.jpg,Introvert,True,1171,568,RGB,bb601ca9a5e8cb7c19873469fc6a355a884f4c2c1ec5086756e33c2f67ff7066
C:\Users\koush\OneDrive\Documents\archive (4)\Dataset\Introvert\IN_260.jpg,Introvert,True,790,323,RGB,f17b600e26c0c1e3eea6474c6b16e12c12b90af76a03db47747b05e2f81de067
C:\Users\koush\OneDrive\Documents\archive (4)\Dataset\Introvert\IN_261.jpg,Introvert,True,756,358,RGB,4628a34b0c4bb01abedfa36e541912116b62d69e469fe5f611e8ffb70a479b45
C:\Users\koush\OneDrive\Documents\archive (4)\Dataset\Introvert\IN_262.jpg,Introvert,True,259,269,RGB,35c67b738050815cec7cfec232fc7520eaed3d6beb5ff359a72ce458e9deddb9
C:\Users\koush\OneDrive\Documents\archive (4)\Dataset\Introvert\IN_263.jpg,Introvert,True,674,328,RGB,a918d8ddaa84745e48b6d14ac4faf7f31c748f2299126bcd3d72a8aa8abf8b5e
C:\Users\koush\OneDrive\Documents\archive (4)\Dataset\Introvert\IN_264.jpg,Introvert,True,807,326,RGB,e8697c3205018299ef8aa8a7aeda087ffec64991bca6248e139e5c6baaa5e8b4
C:\Users\koush\OneDrive\Documents\archive (4)\Dataset\Introvert\IN_265.jpg,Introvert,True,405,369,RGB,faa80dae4f920902a3ab1666a973ad51aa44a470fd59501bdcd969c6854573eb
C:\Users\koush\OneDrive\Documents\archive (4)\Dataset\Introvert\IN_266.jpg,Introvert,True,989,503,RGB,3462b2da132d5de43f87c872f6c66743c8835cb20085a152bdd87a4a95b83747
C:\Users\koush\OneDrive\Documents\archive (4)\Dataset\Introvert\IN_267.jpg,Introvert,True,1128,502,RGB,405b08907445f51c17182270126e75ef096ad3d68fff837f87fe846eba264af8
C:\Users\koush\OneDrive\Documents\archive (4)\Dataset\Introvert\IN_268.jpg,Introvert,True,394,346,RGB,c9caf1519a02cdf25ca895209c385715f15c8d7e6750a26b51b89631e7a9cb4c
C:\Users\koush\OneDrive\Documents\archive (4)\Dataset\Introvert\IN_269.jpg,Introvert,True,814,379,RGB,93680e97fa7ee1884beafb109e4b2cb3b30b248b094a7b411733be907fb69bcd
C:\Users\koush\OneDrive\Documents\archive (4)\Dataset\Introvert\IN_27.jpg,Introvert,True,1415,604,RGB,518814e348ed5f6426583f5aaad02ed8800c5bd1ca318c988e5b60d225d0ccae
C:\Users\koush\OneDrive\Documents\archive (4)\Dataset\Introvert\IN_270.jpg,Introvert,True,701,321,RGB,0784d4e294ef3430a957b3430d8ef4e3b3fcd5aafdad7945f320e1296ca7bff2
C:\Users\koush\OneDrive\Documents\archive (4)\Dataset\Introvert\IN_271.jpg,Introvert,True,647,319,RGB,783462af3e210557f78df43184caa658e15c073cf8e6efb8a04729252a84ce0f
C:\Users\koush\OneDrive\Documents\archive (4)\Dataset\Introvert\IN_272.jpg,Introvert,True,1114,563,RGB,4e8c68730b6c6ab9f507b9e570071331f6184ee1007ddeb14b986a271276b7b4
C:\Users\koush\OneDrive\Documents\archive (4)\Dataset\Introvert\IN_273.jpg,Introvert,True,957,369,RGB,4a1fa307fe835d197451e693fb1891b8bc99c3eda2ef3c8a83e326be3a0cd459
C:\Users\koush\OneDrive\Documents\archive (4)\Dataset\Introvert\IN_274.jpg,Introvert,True,545,357,RGB,728f7575abc5897daadfc9beed069a0fc371d4ba4f72c0d2fd260fbdce72b47c
C:\Users\koush\OneDrive\Documents\archive (4)\Dataset\Introvert\IN_275.jpg,Introvert,True,924,365,RGB,f7e9013236c27faafb82abff7b713b828e889e2382a9c92c4f6768939106d33e
C:\Users\koush\OneDrive\Documents\archive (4)\Dataset\Introvert\IN_276.jpg,Introvert,True,898,313,RGB,653e0e1f11dab2554971ae197b225dba0b8ef428535b8aeb2d23f9caefa6ad9d
C:\Users\koush\OneDrive\Documents\archive (4)\Dataset\Introvert\IN_277.jpg,Introvert,True,292,369,RGB,6c7c434883d0ab41b49957acaded29c293b6c1db49bf851495e377a356907661
C:\Users\koush\OneDrive\Documents\archive (4)\Dataset\Introvert\IN_278.jpg,Introvert,True,890,439,RGB,64e9bdc60f747c4bcd09bb478fdfdd06761ac9b68d47cdb320a935af35b40ce1
C:\Users\koush\OneDrive\Documents\archive (4)\Dataset\Introvert\IN_279.jpg,Introvert,True,736,388,RGB,0ea8ddf0939500b8a2789ee53ab1c427a6a8017b3b8cd44e388164a05f03247b
C:\Users\koush\OneDrive\Documents\archive (4)\Dataset\Introvert\IN_28.jpg,Introvert,True,482,483,RGB,ed842cbd59658ce2189ff301b9952cc143036aee245ffa7b82d384a71ecaeb77
C:\Users\koush\OneDrive\Documents\archive (4)\Dataset\Introvert\IN_280.jpg,Introvert,True,276,297,RGB,0bc684c1d7c4b4989655ca28ddbeeae451f3a871dcbd901a95c950e21142a8f6
C:\Users\koush\OneDrive\Documents\archive (4)\Dataset\Introvert\IN_281.jpg,Introvert,True,648,396,RGB,1c50540e241879654f24c0f45f9deef7f2e8f66f96a9ea8998837499f9e51e8d
C:\Users\koush\OneDrive\Documents\archive (4)\Dataset\Introvert\IN_282.jpg,Introvert,True,778,384,RGB,a3dea0700b72b4834ff50c3e852141fe200971e176e5d2d28b2ecadab787b744
C:\Users\koush\OneDrive\Documents\archive (4)\Dataset\Introvert\IN_283.jpg,Introvert,True,329,430,RGB,c7f35bc8b89c026e80c00446aae32344d51d62f9b63fd2c23a66e9fe9d344633
C:\Users\koush\OneDrive\Documents\archive (4)\Dataset\Introvert\IN_284.jpg,Introvert,True,863,458,RGB,79f5740f8c9de7b63db82f0772f82c5d0fb3fb3389b3bd54540a890f03040c5b
C:\Users\koush\OneDrive\Documents\archive (4)\Dataset\Introvert\IN_285.jpg,Introvert,True,745,279,RGB,149b0285c411a4847f1ec849f38e18fedccab476a86de16d6b234c8489388cc6
C:\Users\koush\OneDrive\Documents\archive (4)\Dataset\Introvert\IN_286.jpg,Introvert,True,342,322,RGB,c779f9f0b47a92d2513ad8218a588ea4bb1294178f115fcaaf3517cfef9a78a7
C:\Users\koush\OneDrive\Documents\archive (4)\Dataset\Introvert\IN_287.jpg,Introvert,True,689,334,RGB,5571e9da046cb01ce0f7e6b9411f394815ba20397859e64be717191655806dad
C:\Users\koush\OneDrive\Documents\archive (4)\Dataset\Introvert\IN_288.jpg,Introvert,True,730,359,RGB,b34c7a649fad75f40bc6df1f6392c097f2a9cd0f8c057a92687b38bb710df972
C:\Users\koush\OneDrive\Documents\archive (4)\Dataset\Introvert\IN_289.jpg,Introvert,True,269,341,RGB,e8ec15c5393a347e67cbbe3a7f1403a43a6cbc55e47482f260ca48cf7f047feb
C:\Users\koush\OneDrive\Documents\archive (4)\Dataset\Introvert\IN_29.jpg,Introvert,True,1265,569,RGB,e87b3476e43588fe264ef728d0153cc83a1205eeefce75377c6ba177a0600564
C:\Users\koush\OneDrive\Documents\archive (4)\Dataset\Introvert\IN_290.jpg,Introvert,True,725,385,RGB,0986fad5c2bf4407c6b26f3006ecabc59b066c6618e63a22cce0cab0440df2e7
C:\Users\koush\OneDrive\Documents\archive (4)\Dataset\Introvert\IN_291.jpg,Introvert,True,386,197,RGB,3c8a13e44d3bfe9da00252bfec8c106424c26c0c4fb9763cf73908e8ef961f15
C:\Users\koush\OneDrive\Documents\archive (4)\Dataset\Introvert\IN_292.jpg,Introvert,True,678,330,RGB,8f42d73cab9b7910480e66b50adb2110a5c44b1127d976ff6737ceabb9f4ce20
C:\Users\koush\OneDrive\Documents\archive (4)\Dataset\Introvert\IN_293.jpg,Introvert,True,1114,563,RGB,4e8c68730b6c6ab9f507b9e570071331f6184ee1007ddeb14b986a271276b7b4
C:\Users\koush\OneDrive\Documents\archive (4)\Dataset\Introvert\IN_294.jpg,Introvert,True,1203,508,RGB,de161b2c2880f67d4f3be30d7b979e0df6f2fbcda2e89a71cd7715444ea05db9
C:\Users\koush\OneDrive\Documents\archive (4)\Dataset\Introvert\IN_295.jpg,Introvert,True,420,407,RGB,809f5fdaffe27f7875330949dc58568f9ac2c4bcf574c9a2fff17000cca1ba43
C:\Users\koush\OneDrive\Documents\archive (4)\Dataset\Introvert\IN_296.jpg,Introvert,True,752,407,RGB,291b2faecab3dcf40982906c0ce6fb1f0ae8c0dc69e9b750112cfb9618bb2014
C:\Users\koush\OneDrive\Documents\archive (4)\Dataset\Introvert\IN_297.jpg,Introvert,True,643,358,RGB,f8f2ef808b6fdb8cf4c3ebbcf08ab0d1afbf66bdd341529a70ad54265502fbda
C:\Users\koush\OneDrive\Documents\archive (4)\Dataset\Introvert\IN_298.jpg,Introvert,True,238,250,RGB,2f601ee9dfd9483a03e418757854b127a7213125d5603a0dde206d78940e81cb
C:\Users\koush\OneDrive\Documents\archive (4)\Dataset\Introvert\IN_299.jpg,Introvert,True,759,365,RGB,fca5e461c61219f50eadd345eccd9632462a2ce57e1357d4e947d27acf6dc41a
C:\Users\koush\OneDrive\Documents\archive (4)\Dataset\Introvert\IN_3.jpg,Introvert,True,2073,843,RGB,b565e58e5d0f2e16961971164c3356a4634a94e9be64db1dfde33ec0659d814c
C:\Users\koush\OneDrive\Documents\archive (4)\Dataset\Introvert\IN_30.jpg,Introvert,True,1393,561,RGB,61f3a88436fc6822eeb2956a152fe2e36d84006aff79cf579c7648dcfc8f4fef
C:\Users\koush\OneDrive\Documents\archive (4)\Dataset\Introvert\IN_300.jpg,Introvert,True,588,282,RGB,bb6f59a49eafc73f70f7afa8336fa0bc350d70d67a41aeacb7bf200c6e646f7a
C:\Users\koush\OneDrive\Documents\archive (4)\Dataset\Introvert\IN_301.jpg,Introvert,True,244,355,RGB,39a754d54923f3b6047b012f9fb913e6f040831ed07e1ea51db35c067dd3e97b
C:\Users\koush\OneDrive\Documents\archive (4)\Dataset\Introvert\IN_302.jpg,Introvert,True,612,404,RGB,4337fbada9fa4896f7f0a667d97bda0049ee8ac6c82a7d8b73188e434f63f4ac
C:\Users\koush\OneDrive\Documents\archive (4)\Dataset\Introvert\IN_303.jpg,Introvert,True,944,410,RGB,a4b19a364442093405ada503796f0841205e9b945f58cf90cd3fcb35f8454b54
C:\Users\koush\OneDrive\Documents\archive (4)\Dataset\Introvert\IN_304.jpg,Introvert,True,325,369,RGB,4317732737425d3c947ec78c0634763a04c70e18299f3c46d8b8539b9178b50a
C:\Users\koush\OneDrive\Documents\archive (4)\Dataset\Introvert\IN_305.jpg,Introvert,True,734,402,RGB,6605808f41ac02863c35df2b8b922ec0491f2afff3f3ad3b2972bddd82350527
C:\Users\koush\OneDrive\Documents\archive (4)\Dataset\Introvert\IN_306.jpg,Introvert,True,599,327,RGB,491661e322411fdef07ed1afdfa3f06cbbf6166f1a6fcb4093368ada4447f197
C:\Users\koush\OneDrive\Documents\archive (4)\Dataset\Introvert\IN_307.jpg,Introvert,True,381,518,RGB,f874ae5df5d52eda40ca4ca9af5486dd8d8ea8a87257771c2acf0931feea0735
C:\Users\koush\OneDrive\Documents\archive (4)\Dataset\Introvert\IN_308.jpg,Introvert,True,776,470,RGB,99b785a20afaa344e499f313e57f6013890ba893077f80f3baa37339ed81e30f
C:\Users\koush\OneDrive\Documents\archive (4)\Dataset\Introvert\IN_309.jpg,Introvert,True,640,382,RGB,c6fd2153e7f0d8cf2b599a17205260e7728dc18b0afba3e6c9fcbc25ad6af247
C:\Users\koush\OneDrive\Documents\archive (4)\Dataset\Introvert\IN_31.jpg,Introvert,True,617,459,RGB,7989c4ecd6b247d8f0ecb6511d3cee2092cc3aa5773ba8b6d8fe76427600d8fd
C:\Users\koush\OneDrive\Documents\archive (4)\Dataset\Introvert\IN_310.jpg,Introvert,True,404,287,RGB,8450cee6678bc41e3501dab5540e1f6d1f7a447b44ef9f23bcc52c0680cc1754
C:\Users\koush\OneDrive\Documents\archive (4)\Dataset\Introvert\IN_311.jpg,Introvert,True,769,340,RGB,b03e7aea40268fd02693f41cc7b9c8610d7347fdec97284c7bb152516a2f5aaa
C:\Users\koush\OneDrive\Documents\archive (4)\Dataset\Introvert\IN_312.jpg,Introvert,True,843,378,RGB,ec4837e5b5393cc4145b87730220faf7324170ab5a2a04823cc4d6583b7332dc
C:\Users\koush\OneDrive\Documents\archive (4)\Dataset\Introvert\IN_313.jpg,Introvert,True,216,199,RGB,b5c6460ffbe802ffc4690297df3809cabcb0ade7cab2f7da0e90cba451ec7310
C:\Users\koush\OneDrive\Documents\archive (4)\Dataset\Introvert\IN_314.jpg,Introvert,True,461,258,RGB,2afeb65c835b75f850a3d71a148863efbae23d007b16e9ae8be332725693fd32
C:\Users\koush\OneDrive\Documents\archive (4)\Dataset\Introvert\IN_315.jpg,Introvert,True,554,273,RGB,d7a4e6f4747f7fb78a42ccada8a6ba63d55db8ee575f9dbe6e6e40b604411c8c
C:\Users\koush\OneDrive\Documents\archive (4)\Dataset\Introvert\IN_316.jpg,Introvert,True,252,275,RGB,0aec0e67d45d013380db71cc46376863278ffe8a66d79965345c57a610916a30
C:\Users\koush\OneDrive\Documents\archive (4)\Dataset\Introvert\IN_317.jpg,Introvert,True,861,326,RGB,bc52d1850c3818d0207306831dbcb261773ecbdaea115aa48a93dcc7e1c8fd99
C:\Users\koush\OneDrive\Documents\archive (4)\Dataset\Introvert\IN_318.jpg,Introvert,True,811,427,RGB,82fbe1a06690fefd09952ea01e7055fdb55bb514044f5c0e596997dcc6985fa5
C:\Users\koush\OneDrive\Documents\archive (4)\Dataset\Introvert\IN_319.jpg,Introvert,True,375,224,RGB,d1517b0eb7f70743dd5631abb8112ad042f45f68d1a289b87bd793c6c30a6a57
C:\Users\koush\OneDrive\Documents\archive (4)\Dataset\Introvert\IN_32.jpg,Introvert,True,1181,588,RGB,4bfe60d3512931dbd8c12633805d764c6482459a4a5878a491148ef35853e438
C:\Users\koush\OneDrive\Documents\archive (4)\Dataset\Introvert\IN_320.jpg,Introvert,True,817,490,RGB,fb922c5859cff4afba4a690cfa10f766efa1ceb049d365169ff69acf9dc6048d
C:\Users\koush\OneDrive\Documents\archive (4)\Dataset\Introvert\IN_321.jpg,Introvert,True,926,471,RGB,6ccb15287bfa6cc2768f299ea66aba1cad775e697a40f56f6309ae070bf0bbc9
C:\Users\koush\OneDrive\Documents\archive (4)\Dataset\Introvert\IN_322.jpg,Introvert,True,262,227,RGB,433400e10b088ca305a8385c02a8947bbba85cb943392bfa688110dba7cc3524
C:\Users\koush\OneDrive\Documents\archive (4)\Dataset\Introvert\IN_323.jpg,Introvert,True,849,421,RGB,c41896720b9e81769cca1bee5dfbf930a50c32752bac47f37f745903ed67e649
C:\Users\koush\OneDrive\Documents\archive (4)\Dataset\Introvert\IN_324.jpg,Introvert,True,685,410,RGB,c547119809956f76ff29c8943489ba511f2fa231464c351688ef45f526bf65d2
C:\Users\koush\OneDrive\Documents\archive (4)\Dataset\Introvert\IN_325.jpg,Introvert,True,439,344,RGB,21d2c906cd925e8515468d8e74d0af01ab7060d5bf591ce92ade407e7410730f
C:\Users\koush\OneDrive\Documents\archive (4)\Dataset\Introvert\IN_326.jpg,Introvert,True,615,306,RGB,71fa9f9e8adc434a070b82667d75791ec18b4db12c0206d4f6ae197d2b42b996
C:\Users\koush\OneDrive\Documents\archive (4)\Dataset\Introvert\IN_327.jpg,Introvert,True,934,546,RGB,0042316c52cc07c771b2de702926fe295a4295e113d39774c9440005a555e155
C:\Users\koush\OneDrive\Documents\archive (4)\Dataset\Introvert\IN_328.jpg,Introvert,True,197,300,RGB,98f8585e31d30095c6d5daff9c57b9eadfc1445038d0264215563060ef7eabe1
C:\Users\koush\OneDrive\Documents\archive (4)\Dataset\Introvert\IN_329.jpg,Introvert,True,464,221,RGB,50eeeaa4b980d99c802b52069a3b4657ac18dd825f0816481422052d8e6af21a
C:\Users\koush\OneDrive\Documents\archive (4)\Dataset\Introvert\IN_33.jpg,Introvert,True,1163,534,RGB,a6cc48a0eb08bfd891c0ba3821525328517e9b827d2dae5cae5acc768f752a29
C:\Users\koush\OneDrive\Documents\archive (4)\Dataset\Introvert\IN_330.jpg,Introvert,True,768,484,RGB,8eb40167e4b22ed143b03047c5d80d73794fbfada3b409416b6a0e6d549643d0
C:\Users\koush\OneDrive\Documents\archive (4)\Dataset\Introvert\IN_331.jpg,Introvert,True,320,345,RGB,4258db8da3be554b83e118c14df113c9f36af51a682158b2114a9401dbd57216
C:\Users\koush\OneDrive\Documents\archive (4)\Dataset\Introvert\IN_332.jpg,Introvert,True,733,347,RGB,596a0756839b41d895d2791d094ef521f86c11d6c69613cee98884b1baddbd91
C:\Users\koush\OneDrive\Documents\archive (4)\Dataset\Introvert\IN_333.jpg,Introvert,True,694,328,RGB,8ad688cf0b0b5a3fee762564f191e37b853aaf69687a76598d9c284cc3a4f1cc
C:\Users\koush\OneDrive\Documents\archive (4)\Dataset\Introvert\IN_334.jpg,Introvert,True,352,322,RGB,f1b2abc9026585b91a67a5f9ec2592bf92418ad4aab3d8ea79f16b0af7fce0bb
C:\Users\koush\OneDrive\Documents\archive (4)\Dataset\Introvert\IN_335.jpg,Introvert,True,827,497,RGB,009ad009d27ae0d534bee1ad64392e3e00cb19cb4dd39614267d135b323dc6e0
C:\Users\koush\OneDrive\Documents\archive (4)\Dataset\Introvert\IN_336.jpg,Introvert,True,751,389,RGB,f7f00808731d83de55c1dc81b6632f847bf7bbb98e386c0e8b278776884cd4b6
C:\Users\koush\OneDrive\Documents\archive (4)\Dataset\Introvert\IN_337.jpg,Introvert,True,504,428,RGB,c988afef53de545ae7717b2c30f950ae0d55f23a0eddd4a921dc5b39489be790
C:\Users\koush\OneDrive\Documents\archive (4)\Dataset\Introvert\IN_338.jpg,Introvert,True,813,453,RGB,42759202bb2dfba911d21e6a89731387a8ea45316494db9b7f75fe1a9041496a
C:\Users\koush\OneDrive\Documents\archive (4)\Dataset\Introvert\IN_339.jpg,Introvert,True,986,547,RGB,82678c2aebe59efe65b5c64c9bb8947b611653b667fb17b02fa1c6f6facb6f40
C:\Users\koush\OneDrive\Documents\archive (4)\Dataset\Introvert\IN_34.jpg,Introvert,True,567,541,RGB,ad0bff82f285c7cc9b88f7c00505ad68caf56ba6078e2323c2b7412eb1ae33f7
C:\Users\koush\OneDrive\Documents\archive (4)\Dataset\Introvert\IN_340.jpg,Introvert,True,216,267,RGB,db38ea4e546edee9daea69c9d801ae156cd8d4122d11413a48c93e027874c730
C:\Users\koush\OneDrive\Documents\archive (4)\Dataset\Introvert\IN_341.jpg,Introvert,True,625,400,RGB,6197d8b4fcb9f7871760af5b18200498efebc653bca86feab780f6bd2f37ae37
C:\Users\koush\OneDrive\Documents\archive (4)\Dataset\Introvert\IN_342.jpg,Introvert,True,702,401,RGB,c1297e56abc139a805592684bb73b2a72559f75e6c25199726a33eec710608be
C:\Users\koush\OneDrive\Documents\archive (4)\Dataset\Introvert\IN_343.jpg,Introvert,True,264,339,RGB,85b8b1791fbbee2c7a00386bc9c2573544cf5d3c56abdeba2995bce41f64c261
C:\Users\koush\OneDrive\Documents\archive (4)\Dataset\Introvert\IN_344.jpg,Introvert,True,715,468,RGB,b481b768def6ea306ef43bacc2c5f345351d0ef8ca93fdfda81f03ced8bf3683
C:\Users\koush\OneDrive\Documents\archive (4)\Dataset\Introvert\IN_345.jpg,Introvert,True,780,528,RGB,993a41360d43db286c2b282fb0af308e5c205afe387d519867140f350076fa1f
C:\Users\koush\OneDrive\Documents\archive (4)\Dataset\Introvert\IN_346.jpg,Introvert,True,346,314,RGB,fe2a09a94a0ab2adc779b4bc2765b5489fb22d4a90e34f5ef197b45020ada0db
C:\Users\koush\OneDrive\Documents\archive (4)\Dataset\Introvert\IN_347.jpg,Introvert,True,785,464,RGB,bf929b4b42fde014aeb829b278151923c583f77a4010fa6cffdbc8ad8d1cb8d4
C:\Users\koush\OneDrive\Documents\archive (4)\Dataset\Introvert\IN_348.jpg,Introvert,True,832,554,RGB,3e900e9836236611f470af0d3daa06ec47ae42d22c709f3d42df3116475e56b2
C:\Users\koush\OneDrive\Documents\archive (4)\Dataset\Introvert\IN_349.jpg,Introvert,True,332,378,RGB,fe99a2959fc3a36c2aa27c65ed0e6a3f432053617a42b6ef98199f1a896ac15c
C:\Users\koush\OneDrive\Documents\archive (4)\Dataset\Introvert\IN_35.jpg,Introvert,True,1301,570,RGB,4431cc2c89c3e059501f5cabadd5a2cda308c02e25873fb54ae0845e5553370b
C:\Users\koush\OneDrive\Documents\archive (4)\Dataset\Introvert\IN_350.jpg,Introvert,True,764,451,RGB,13a62f327f45eacb4826dacca1ae8c57cca49910d502635d04208d6799e07081
C:\Users\koush\OneDrive\Documents\archive (4)\Dataset\Introvert\IN_351.jpg,Introvert,True,1004,640,RGB,326225ad1256791ebb6684305ff97298d5cf8d5b6a4ce43ec5820529f53831ec
C:\Users\koush\OneDrive\Documents\archive (4)\Dataset\Introvert\IN_352.jpg,Introvert,True,388,377,RGB,605c4c17ea7920ea53f578bd5dc2446d35d63f1837325260768e9827e8a5fee1
C:\Users\koush\OneDrive\Documents\archive (4)\Dataset\Introvert\IN_353.jpg,Introvert,True,738,398,RGB,b79c8b62b699791916d9bfe1565afbf543063baf05f15633ea1120ab29be6c99
C:\Users\koush\OneDrive\Documents\archive (4)\Dataset\Introvert\IN_354.jpg,Introvert,True,989,545,RGB,b18f1bb0078974e1db08b4d570d05348c84877dde12fa570db523fae5c67dc6d
C:\Users\koush\OneDrive\Documents\archive (4)\Dataset\Introvert\IN_355.jpg,Introvert,True,419,327,RGB,44737f467bf297e30ec3ca2d2e257cc81041f3b5d7bb5acdb66c9bf9f2ae968f
C:\Users\koush\OneDrive\Documents\archive (4)\Dataset\Introvert\IN_356.jpg,Introvert,True,795,401,RGB,b658aac48b0b7f9984beeeaa0a1756b4c4739b77cfcfcb25c3e26a77a4a8d8fd
C:\Users\koush\OneDrive\Documents\archive (4)\Dataset\Introvert\IN_357.jpg,Introvert,True,1048,450,RGB,1ad8584de2aa90355a3b21053dfc546bd5aeb480b98667441b19ac0ec2b5c350
C:\Users\koush\OneDrive\Documents\archive (4)\Dataset\Introvert\IN_358.jpg,Introvert,True,448,390,RGB,fee1f499b0fd97a893fc275de81ddabcb0f0378f97817476abefa14f5f85cee8
C:\Users\koush\OneDrive\Documents\archive (4)\Dataset\Introvert\IN_359.jpg,Introvert,True,829,436,RGB,bb5d8d5d7c556b8dadcff4d5f99a7e8c5846a6201bee8412f2e4316332cf66d6
C:\Users\koush\OneDrive\Documents\archive (4)\Dataset\Introvert\IN_36.jpg,Introvert,True,1373,670,RGB,29b55735174b1d2a2ddf62707d7bd8b5a85967bfb9b9f9c12ab6723e63b312b9
C:\Users\koush\OneDrive\Documents\archive (4)\Dataset\Introvert\IN_360.jpg,Introvert,True,811,431,RGB,74756c255fd6cf9b6b6decef4f27739426b69035f8e49670973f8ea6bbada148
C:\Users\koush\OneDrive\Documents\archive (4)\Dataset\Introvert\IN_361.jpg,Introvert,True,360,287,RGB,71f99cb8821ade4391e315b03d3d8a0d5a9d446ebcb86c1352f29246ef02ef35
C:\Users\koush\OneDrive\Documents\archive (4)\Dataset\Introvert\IN_362.jpg,Introvert,True,704,454,RGB,d2cda1b0882b1756a9c4942cdcbe915312847b41b42de83ccf502bb2ee030522
C:\Users\koush\OneDrive\Documents\archive (4)\Dataset\Introvert\IN_363.jpg,Introvert,True,798,454,RGB,361656500b3480af64b770390c1670d1fa44c03839281828c4f908337cff255e
C:\Users\koush\OneDrive\Documents\archive (4)\Dataset\Introvert\IN_364.jpg,Introvert,True,336,266,RGB,b2f344f1eb4067ad3b040aa22abd8e76f3b260ed4196639fd9e257969fd7ec22
C:\Users\koush\OneDrive\Documents\archive (4)\Dataset\Introvert\IN_365.jpg,Introvert,True,738,415,RGB,c8ae27eb24fbd3811c6cf31d56470e906754c13ece8433e7397cec496e612b6b
C:\Users\koush\OneDrive\Documents\archive (4)\Dataset\Introvert\IN_366.jpg,Introvert,True,716,430,RGB,4359cfd592424a1f8f5467cc8463eda48d16daf1d0fd99505d839f77ae4c64e8
C:\Users\koush\OneDrive\Documents\archive (4)\Dataset\Introvert\IN_367.jpg,Introvert,True,704,436,RGB,8ffe487b467685b3a126611158ec6c92ce8d626b6c7e04c6763af0365004ad2d
C:\Users\koush\OneDrive\Documents\archive (4)\Dataset\Introvert\IN_368.jpg,Introvert,True,1368,592,RGB,27eb9d9b7c4697bf2fd1e2df2dba25cda638147066423b093866942c30090738
C:\Users\koush\OneDrive\Documents\archive (4)\Dataset\Introvert\IN_369.jpg,Introvert,True,1385,692,RGB,5d3b352cb7192d82d3c5c35d86122c4e5a7fa10d616bf27699878efe70f6b3cf
C:\Users\koush\OneDrive\Documents\archive (4)\Dataset\Introvert\IN_37.jpg,Introvert,True,542,481,RGB,a879a573643e690841f5474a2ab7196e79efb6d6c8892edec6ed3684814c18f3
C:\Users\koush\OneDrive\Documents\archive (4)\Dataset\Introvert\IN_370.jpg,Introvert,True,286,332,RGB,d34b6a4d8911c60c863f9e7539e2b19dc34708b1d1eb095c7cfe2d4078c3944c
C:\Users\koush\OneDrive\Documents\archive (4)\Dataset\Introvert\IN_371.jpg,Introvert,True,724,438,RGB,ccfb23fc7e08c88dfaa34125c6cd254040ae6ad9388a73619c1c45d2e5d914ad
C:\Users\koush\OneDrive\Documents\archive (4)\Dataset\Introvert\IN_372.jpg,Introvert,True,895,530,RGB,13051f9fc65f21f92820a6379da3e32f4230e7da36780d25dfe367b012b2c8fc
C:\Users\koush\OneDrive\Documents\archive (4)\Dataset\Introvert\IN_373.jpg,Introvert,True,414,337,RGB,ba2664900649f284881a8fd7a66113e84217cc01005af011ec3ee86f8f36efae
C:\Users\koush\OneDrive\Documents\archive (4)\Dataset\Introvert\IN_374.jpg,Introvert,True,915,491,RGB,b7a19d59579f315e13266269ce7641d0ed5f3a77e4248dc598f4ce2baf8aa182
C:\Users\koush\OneDrive\Documents\archive (4)\Dataset\Introvert\IN_375.jpg,Introvert,True,849,545,RGB,49703e1f87cbc18541e0f7df4013d04b6aea0dd5aa16e4ac81bc8494b89b06ca
C:\Users\koush\OneDrive\Documents\archive (4)\Dataset\Introvert\IN_376.jpg,Introvert,True,478,493,RGB,ce0a07c7d7a5b84d448bcb3e8fa82897aba134d3253773ad0bde54312f34da9b
C:\Users\koush\OneDrive\Documents\archive (4)\Dataset\Introvert\IN_377.jpg,Introvert,True,618,432,RGB,501e7065699050478091c733f3c19615fbb2c8e15eb0b21509c68def4e70abe5
C:\Users\koush\OneDrive\Documents\archive (4)\Dataset\Introvert\IN_378.jpg,Introvert,True,1379,821,RGB,24261f6b5f2a0efe4c8ed23770289d2a3a1260f96ae77a6fab4a5d1b8ef4af8a
C:\Users\koush\OneDrive\Documents\archive (4)\Dataset\Introvert\IN_379.jpg,Introvert,True,489,431,RGB,7a5a848fcb4b66c77177ef32953c848a33095c24f886e9656bf9bc278721c209
C:\Users\koush\OneDrive\Documents\archive (4)\Dataset\Introvert\IN_38.jpg,Introvert,True,1425,537,RGB,4be838e8288fd452af21eb83ec78c22c4bc1b8f4de44f9bd931953f3ce171551
C:\Users\koush\OneDrive\Documents\archive (4)\Dataset\Introvert\IN_380.jpg,Introvert,True,775,471,RGB,8984d388b156f498f8b6277fc2ebee75a9886549bd2b22167d753127c7bf750d
C:\Users\koush\OneDrive\Documents\archive (4)\Dataset\Introvert\IN_381.jpg,Introvert,True,1219,791,RGB,c3a4e9397c71d28b08230be0fd87228057473317d57bf8c7810c754446478565
C:\Users\koush\OneDrive\Documents\archive (4)\Dataset\Introvert\IN_382.jpg,Introvert,True,450,467,RGB,ce9be6c2a3b293033cf9c483afc66ea9d5269d714707b3d770702516d73d5fa1
C:\Users\koush\OneDrive\Documents\archive (4)\Dataset\Introvert\IN_383.jpg,Introvert,True,798,422,RGB,5852a052f9b8137344acaf69a6e9fbb88d37c5f4cba39bedd7b4d5a11361476e
C:\Users\koush\OneDrive\Documents\archive (4)\Dataset\Introvert\IN_384.jpg,Introvert,True,1110,762,RGB,6778e756fa8035d091629e33be7addc799576ceb5f7225ce585457be6662e98f
C:\Users\koush\OneDrive\Documents\archive (4)\Dataset\Introvert\IN_385.jpg,Introvert,True,529,470,RGB,527d850a6498ce6a60e9133a4f697c22d49176fae3b66be0caf51d769370d055
C:\Users\koush\OneDrive\Documents\archive (4)\Dataset\Introvert\IN_386.jpg,Introvert,True,818,447,RGB,6238db7c0f171f3932d6480fb7835a164e03e429b0e42a771b1404bc9837db95
C:\Users\koush\OneDrive\Documents\archive (4)\Dataset\Introvert\IN_387.jpg,Introvert,True,1070,733,RGB,86704e6f396a1024a583b382ac36626c222c913d9e8caa7963c8aca2f997cb12
C:\Users\koush\OneDrive\Documents\archive (4)\Dataset\Introvert\IN_388.jpg,Introvert,True,937,518,RGB,d1ea8a9fa8a70aaf12d0e2ed0fc9754790febfd46bcd787005bdc2a99cec5ef0
C:\Users\koush\OneDrive\Documents\archive (4)\Dataset\Introvert\IN_389.jpg,Introvert,True,966,514,RGB,ea63e45439401506445df12db15e4cd358b10ac741061504a4e1ee95b9db3403
C:\Users\koush\OneDrive\Documents\archive (4)\Dataset\Introvert\IN_39.jpg,Introvert,True,953,462,RGB,3a0a633a3b9cce4d12ba90e6585c4f48cb1ce480cb57129804c99712d7975c21
C:\Users\koush\OneDrive\Documents\archive (4)\Dataset\Introvert\IN_390.jpg,Introvert,True,1224,584,RGB,5b0368cbe48aaa762a979ef35e9380f1fd42c821eafd63d6d70ef6c7286b7663
C:\Users\koush\OneDrive\Documents\archive (4)\Dataset\Introvert\IN_391.jpg,Introvert,True,906,535,RGB,906d1351887263ae3068d5472c2fae04c594d9360878f84b03f7a272bc9cf004
C:\Users\koush\OneDrive\Documents\archive (4)\Dataset\Introvert\IN_392.jpg,Introvert,True,956,426,RGB,0ebad8dd0f2a370503af0006bed54a1c281ffb251a8dc52949a6ed3df7d3bcbd
C:\Users\koush\OneDrive\Documents\archive (4)\Dataset\Introvert\IN_393.jpg,Introvert,True,1511,916,RGB,c4ee4da933d09955fced98558e881efa891587f4553b22a17e5e705de30d6a18
C:\Users\koush\OneDrive\Documents\archive (4)\Dataset\Introvert\IN_394.jpg,Introvert,True,1310,623,RGB,3879112bed82808f07b2fe5d0f2132e03e3d173b3789d4aa46694bf7c3367899
C:\Users\koush\OneDrive\Documents\archive (4)\Dataset\Introvert\IN_395.jpg,Introvert,True,1231,560,RGB,a48f467c409d83adc63701e4fb578495917a888e6d3b0df0904667de869a2184
C:\Users\koush\OneDrive\Documents\archive (4)\Dataset\Introvert\IN_396.jpg,Introvert,True,2051,1116,RGB,0cac9a6450c7ccae5d96f72b9345fd5a934f6a598111975017bd8b4f84de26f6
C:\Users\koush\OneDrive\Documents\archive (4)\Dataset\Introvert\IN_397.jpg,Introvert,True,1203,642,RGB,9024e61a004ebe9bd1c95ba6f72da12db98c094c4a20d4cdad14ad058d63bbcf
C:\Users\koush\OneDrive\Documents\archive (4)\Dataset\Introvert\IN_398.jpg,Introvert,True,1231,560,RGB,a48f467c409d83adc63701e4fb578495917a888e6d3b0df0904667de869a2184
C:\Users\koush\OneDrive\Documents\archive (4)\Dataset\Introvert\IN_399.jpg,Introvert,True,1801,1056,RGB,ddbf54371a554b12ab5fcf71e0c0e6077378176bb2fa4f69a5c85efb2ed4c19e
C:\Users\koush\OneDrive\Documents\archive (4)\Dataset\Introvert\IN_4.jpg,Introvert,True,1620,922,RGB,bc749a00f1f8a8571e933a706f9d10bd31e3a515609a9cc46ef6130178e3100a
C:\Users\koush\OneDrive\Documents\archive (4)\Dataset\Introvert\IN_40.jpg,Introvert,True,614,434,RGB,24838f0930b29adedaed84ebb19f7aa9ef67ec8e3fccd6b513005af0925fb0a0
C:\Users\koush\OneDrive\Documents\archive (4)\Dataset\Introvert\IN_400.jpg,Introvert,True,305,517,RGB,4cee672dc26b2c18975c34862de4b1283aae90f9474b60f0162d1d1123fb4284
C:\Users\koush\OneDrive\Documents\archive (4)\Dataset\Introvert\IN_401.jpg,Introvert,True,1105,540,RGB,67126f19dd5ee5a155c44f8786cd537782cf53dfafcabee05b6a4865a6816ebf
C:\Users\koush\OneDrive\Documents\archive (4)\Dataset\Introvert\IN_402.jpg,Introvert,True,1757,928,RGB,164089291a7cc5dca563ee7f98525280e5f77aa602dcc8cb0b08d53d1ef26ef1
C:\Users\koush\OneDrive\Documents\archive (4)\Dataset\Introvert\IN_403.jpg,Introvert,True,707,506,RGB,1d25a388e8f3f87cc38303234331365a5048966bce57661c580dcdf20c0663bb
C:\Users\koush\OneDrive\Documents\archive (4)\Dataset\Introvert\IN_404.jpg,Introvert,True,766,522,RGB,8c37cd72f0ce9bc1d3b9aba643542ef66d3be29b37110963ff6aaa9417d7e7e3
C:\Users\koush\OneDrive\Documents\archive (4)\Dataset\Introvert\IN_405.jpg,Introvert,True,1418,794,RGB,650c152e37444cf90bb8cc73e2f7df380e3e9396b4e0f9919d576658ab20bf9f
C:\Users\koush\OneDrive\Documents\archive (4)\Dataset\Introvert\IN_406.jpg,Introvert,True,786,429,RGB,3fe2f1df31ced80d5b59c17880208455e323ac42c50d7fe94e267c33283c34df
C:\Users\koush\OneDrive\Documents\archive (4)\Dataset\Introvert\IN_407.jpg,Introvert,True,831,421,RGB,77445cd136548c74147b4c1b12d627feb4caf4a3e268475cf5a9d08659d6fd91
C:\Users\koush\OneDrive\Documents\archive (4)\Dataset\Introvert\IN_408.jpg,Introvert,True,1441,722,RGB,13ae4eb9a9d5897e26e70b9fada574e0b9fe85a79e08f7466ef43d5592d77c4a
C:\Users\koush\OneDrive\Documents\archive (4)\Dataset\Introvert\IN_409.jpg,Introvert,True,565,404,RGB,422528bcc8db7e00ffbb3da0dcd1eff212fa53065be5bedddafc45289eb2600e
C:\Users\koush\OneDrive\Documents\archive (4)\Dataset\Introvert\IN_41.jpg,Introvert,True,1423,547,RGB,3a8db5609d9020bc779c6c003dca86ca685772e5170e3023848a2fb15c807463
C:\Users\koush\OneDrive\Documents\archive (4)\Dataset\Introvert\IN_410.jpg,Introvert,True,822,424,RGB,bd619e8baf24436de3b818d5c3213fa630efa2b525c329ea9f6499773cf10b7a
C:\Users\koush\OneDrive\Documents\archive (4)\Dataset\Introvert\IN_411.jpg,Introvert,True,910,613,RGB,0610b4510344dbedcf019956052d0d5edffb53ddaf323a5f8976b8098caf8acb
C:\Users\koush\OneDrive\Documents\archive (4)\Dataset\Introvert\IN_412.jpg,Introvert,True,877,550,RGB,f9144a2d02e11c2c1aeb2762cafae694633c3b601182dd0fd39f8719a2f6e972
C:\Users\koush\OneDrive\Documents\archive (4)\Dataset\Introvert\IN_413.jpg,Introvert,True,915,482,RGB,079810bf31211cd35286a8f493019aaa47fd6574f44b30075494f9d2352776d2
C:\Users\koush\OneDrive\Documents\archive (4)\Dataset\Introvert\IN_414.jpg,Introvert,True,1742,904,RGB,ecc5ee02e10a40965c54b02a745fafb7d1e7039d1474fdc4679556993ab7b2c5
C:\Users\koush\OneDrive\Documents\archive (4)\Dataset\Introvert\IN_415.jpg,Introvert,True,791,424,RGB,20dc8fa2c67fbbc4ed984cda49bb46b9c14be60c73c3ba1df39e52bc7450691a
C:\Users\koush\OneDrive\Documents\archive (4)\Dataset\Introvert\IN_416.jpg,Introvert,True,956,426,RGB,0ebad8dd0f2a370503af0006bed54a1c281ffb251a8dc52949a6ed3df7d3bcbd
C:\Users\koush\OneDrive\Documents\archive (4)\Dataset\Introvert\IN_417.jpg,Introvert,True,1397,730,RGB,351166647f3d6cd3682a9826457f983713a1360e315abb7c8ad1b9d306f6c2dd
C:\Users\koush\OneDrive\Documents\archive (4)\Dataset\Introvert\IN_418.jpg,Introvert,True,357,673,RGB,7ec6d6180b7023d37dd3e686186c1e14db432a032fa478345ddd300e24480627
C:\Users\koush\OneDrive\Documents\archive (4)\Dataset\Introvert\IN_419.jpg,Introvert,True,1147,610,RGB,665f9038a03617c797d686b9a8bfa59668550932a38b3055d83d37dc5fa0fd41
C:\Users\koush\OneDrive\Documents\archive (4)\Dataset\Introvert\IN_42.jpg,Introvert,True,1199,545,RGB,144e258bfcd17d8fc83799c81c43011ef3bb4d9adbda5bdcf31c9ef2afcbcbc7
C:\Users\koush\OneDrive\Documents\archive (4)\Dataset\Introvert\IN_420.jpg,Introvert,True,1972,1152,RGB,04e9caae3573414ae6ae80378a021cf91e77bffe81acf3b4fc745261c1d80b41
C:\Users\koush\OneDrive\Documents\archive (4)\Dataset\Introvert\IN_421.jpg,Introvert,True,134,120,RGB,79ac53759effd5a31c3b1ed85dedb58820d65e2e972d71e0e66019177a522590
C:\Users\koush\OneDrive\Documents\archive (4)\Dataset\Introvert\IN_422.jpg,Introvert,True,864,470,RGB,5124bbb81175ae9b173856231552f2b9a6915773e3c712f492d3cc942cea8f49
C:\Users\koush\OneDrive\Documents\archive (4)\Dataset\Introvert\IN_423.jpg,Introvert,True,770,477,RGB,139ccd411420f68e35ea4a60eb32fa51b8a6dc85345067f3713f143b278ad240
C:\Users\koush\OneDrive\Documents\archive (4)\Dataset\Introvert\IN_424.jpg,Introvert,True,179,127,RGB,343480da32475b301dc28e5b1fa097a771131967a322dd1acb3b742443da0b30
C:\Users\koush\OneDrive\Documents\archive (4)\Dataset\Introvert\IN_425.jpg,Introvert,True,980,496,RGB,6ae101f511c03434e1610544c919f9e886638e76631d9b331fdd3826b1d7ddcc
C:\Users\koush\OneDrive\Documents\archive (4)\Dataset\Introvert\IN_426.jpg,Introvert,True,164,128,RGB,3dcfd341032520899f2c5fd3eabe5da27fe723c6aed266711b8a68eca8d27e29
C:\Users\koush\OneDrive\Documents\archive (4)\Dataset\Introvert\IN_427.jpg,Introvert,True,203,61,RGB,2ee2a5626df5857c76d44d9cad44512245378494f73dcdd4569e2e4a03247958
C:\Users\koush\OneDrive\Documents\archive (4)\Dataset\Introvert\IN_428.jpg,Introvert,True,817,459,RGB,b853dfbc92c858076a9c69fb5162386d5784950abafd76bdd6b2bbf8fc57e810
C:\Users\koush\OneDrive\Documents\archive (4)\Dataset\Introvert\IN_429.jpg,Introvert,True,248,68,RGB,4818e14c2408f419adaf6b7e8389f2fc2ea6f1eb54d509ac2f47beb87874cd83
C:\Users\koush\OneDrive\Documents\archive (4)\Dataset\Introvert\IN_43.jpg,Introvert,True,554,550,RGB,69ea9756a985fb774d8b393de846d39ac434703ffaed0f37c8b9c487934a8e56
C:\Users\koush\OneDrive\Documents\archive (4)\Dataset\Introvert\IN_430.jpg,Introvert,True,127,138,RGB,63fc3e68de718eca4f51ea4bdbae7a2abcbafe81fd58370a721050a0803f4df4
C:\Users\koush\OneDrive\Documents\archive (4)\Dataset\Introvert\IN_431.jpg,Introvert,True,427,236,RGB,bde7c022f2fad7172be00917cae88f5e77fd8e25154038fd00d20edab967d77a
C:\Users\koush\OneDrive\Documents\archive (4)\Dataset\Introvert\IN_432.jpg,Introvert,True,340,108,RGB,e8b605c7c51f832fc64592493d2a3f503c00a080eb57e8dd56306414ec5b7ef8
C:\Users\koush\OneDrive\Documents\archive (4)\Dataset\Introvert\IN_433.jpg,Introvert,True,176,111,RGB,955ebd685fde40528912efa237eea29785da78c6b0b0ee17466e54b05667bbb6
C:\Users\koush\OneDrive\Documents\archive (4)\Dataset\Introvert\IN_434.jpg,Introvert,True,749,350,RGB,dc99c2c10f3e492cc995dedfdb15b824c89c267b456a9f8e5f1a49831b1a45ea
C:\Users\koush\OneDrive\Documents\archive (4)\Dataset\Introvert\IN_435.jpg,Introvert,True,585,374,RGB,0950ab0b45f5d3c7c9df42e29487e3b3e6263a9be0959f3e99ddca19a467987b
C:\Users\koush\OneDrive\Documents\archive (4)\Dataset\Introvert\IN_436.jpg,Introvert,True,190,120,RGB,f5694ab67bd424a0f7d48eed4f59753270ebafa5779fe6883760e103e8131b8f
C:\Users\koush\OneDrive\Documents\archive (4)\Dataset\Introvert\IN_437.jpg,Introvert,True,748,373,RGB,5ee8229cc1a90f6b910a460b2777eb7cf250f1242f826ae375abbdecb9c9b1f2
C:\Users\koush\OneDrive\Documents\archive (4)\Dataset\Introvert\IN_438.jpg,Introvert,True,928,534,RGB,a6605b2e6de0757629dc3fe257e37412ccb74c0554e5644ed562dbbaba5d3b3b
C:\Users\koush\OneDrive\Documents\archive (4)\Dataset\Introvert\IN_439.jpg,Introvert,True,171,299,RGB,b53b1517aa64edef04527d3af917e7738f973d385b14f2bfb237d1f0615808b9
C:\Users\koush\OneDrive\Documents\archive (4)\Dataset\Introvert\IN_44.jpg,Introvert,True,1373,563,RGB,7ae0aa0f144b1970fd2fcac80c38fa111bc195461ff5744631d17cf9bc7190d6
C:\Users\koush\OneDrive\Documents\archive (4)\Dataset\Introvert\IN_440.jpg,Introvert,True,746,252,RGB,75faed18efd15846b799029640a7b382e9aa98b05aa88ec292e34aa04b3c622e
C:\Users\koush\OneDrive\Documents\archive (4)\Dataset\Introvert\IN_441.jpg,Introvert,True,1080,535,RGB,a3d1d7b7b90bdf2b30d7ee3cb4e5f730ea082a45b986bbbb7e9691604c9f428e
C:\Users\koush\OneDrive\Documents\archive (4)\Dataset\Introvert\IN_442.jpg,Introvert,True,224,126,RGB,96c90829c0f668008040a1730fe33f8706130e7fab469cc21f2045936ba13901
C:\Users\koush\OneDrive\Documents\archive (4)\Dataset\Introvert\IN_443.jpg,Introvert,True,792,306,RGB,a3d13924baf518f1db8562e842fe7b0849607d305eab1f43567b14e139d4ca98
C:\Users\koush\OneDrive\Documents\archive (4)\Dataset\Introvert\IN_444.jpg,Introvert,True,1167,561,RGB,7024a0852fde6bea59f82eaf6989f605b56ced33b5fbf1ef4fe298af08f322a7
C:\Users\koush\OneDrive\Documents\archive (4)\Dataset\Introvert\IN_445.jpg,Introvert,True,279,232,RGB,7321d7eda9e8475801cf0e453898f262ca2ecbf18fc011f71cf5090cbffa9d84
C:\Users\koush\OneDrive\Documents\archive (4)\Dataset\Introvert\IN_446.jpg,Introvert,True,741,353,RGB,cde46477697f935d4002bea82f861ae78fe475eacee074a2050aca1b9b24c0c6
C:\Users\koush\OneDrive\Documents\archive (4)\Dataset\Introvert\IN_447.jpg,Introvert,True,934,473,RGB,112a1ed2d60f55440d28983ecaef2c5e912d07f07f133cab1841eba9750147fb
C:\Users\koush\OneDrive\Documents\archive (4)\Dataset\Introvert\IN_448.jpg,Introvert,True,111,135,RGB,0b7ba30a1cb844f644edff43037a2dcd8d7b3d9d3ecd625742e7fd734416ffc4
C:\Users\koush\OneDrive\Documents\archive (4)\Dataset\Introvert\IN_449.jpg,Introvert,True,410,233,RGB,e489299c46fe61dc7b70beba218b2691ad823c5897c0a4f9b3c4162f9d9f603a
C:\Users\koush\OneDrive\Documents\archive (4)\Dataset\Introvert\IN_45.jpg,Introvert,True,1099,495,RGB,62c036c5e2a46556a18251bcad4748191ee86ec147667f6e3df33543f3111435
C:\Users\koush\OneDrive\Documents\archive (4)\Dataset\Introvert\IN_450.jpg,Introvert,True,1008,428,RGB,5b58bd231e3f43d9ebaf63ff8d4cf00201c6c0d06b19601ed6ffe91002f799b4
C:\Users\koush\OneDrive\Documents\archive (4)\Dataset\Introvert\IN_451.jpg,Introvert,True,129,127,RGB,2aaa7c4b5dd451a785704ff33a4e6d584a5c4ce1cba02402fed9ce5e526bac7e
C:\Users\koush\OneDrive\Documents\archive (4)\Dataset\Introvert\IN_452.jpg,Introvert,True,792,411,RGB,2f7b8f1f5811ee724fa8e036b71d06a551c9cbc8ac5baa5343cf50417c48b709
C:\Users\koush\OneDrive\Documents\archive (4)\Dataset\Introvert\IN_453.jpg,Introvert,True,236,108,RGB,f14a2ed95f9c098983d183ee465ea9f5c018efdf12f2e9be0c750320dda4cbec
C:\Users\koush\OneDrive\Documents\archive (4)\Dataset\Introvert\IN_454.jpg,Introvert,True,106,180,RGB,2bfbe8a33e030839831cd634f0b796689bcfb6e5a6cf7eaf3149167866f9b6d0
C:\Users\koush\OneDrive\Documents\archive (4)\Dataset\Introvert\IN_455.jpg,Introvert,True,819,405,RGB,979f3cb3f9fc2e39d3d41ac19ec0c9e03a889633904b5766b4dec8a1bb38646c
C:\Users\koush\OneDrive\Documents\archive (4)\Dataset\Introvert\IN_456.jpg,Introvert,True,1068,560,RGB,f84350e4df98405109b11c1829c9db36edb8cb927ed8c0214b21f7932bb01135
C:\Users\koush\OneDrive\Documents\archive (4)\Dataset\Introvert\IN_457.jpg,Introvert,True,178,126,RGB,c207b15d11ba27c617d67e7fa0a9141181685d960b90a12daa95b8c886547f5f
C:\Users\koush\OneDrive\Documents\archive (4)\Dataset\Introvert\IN_458.jpg,Introvert,True,849,457,RGB,2ad7ba996ece8218cdbd593182ee1ebc2bf0cd5652f7ece1b70e9a3473179adf
C:\Users\koush\OneDrive\Documents\archive (4)\Dataset\Introvert\IN_459.jpg,Introvert,True,934,522,RGB,873dd7ad606e8e6cf5fef68aa6999c2750d40411833e5016026c667d25fb8eba
C:\Users\koush\OneDrive\Documents\archive (4)\Dataset\Introvert\IN_46.jpg,Introvert,True,648,707,RGB,1910e17efcdf936ef3c2512d4f6406d7984aeace42b006d721822b9862d6e0ae
C:\Users\koush\OneDrive\Documents\archive (4)\Dataset\Introvert\IN_460.jpg,Introvert,True,88,135,RGB,840a8a2649bd3bbc151b1a47b1a2636c971ac0009120b178aed484f17522e3ec
C:\Users\koush\OneDrive\Documents\archive (4)\Dataset\Introvert\IN_461.jpg,Introvert,True,756,369,RGB,29f11d8e6ae85fb4dafcf54305ab5fc5101e00ef5dc4414fd5e2bb970968b3b9
C:\Users\koush\OneDrive\Documents\archive (4)\Dataset\Introvert\IN_462.jpg,Introvert,True,140,76,RGB,531d73fbdb5f814156160ad3f7ca0bf49e31a927c23e3a7b5f49e9386f0ec0aa
C:\Users\koush\OneDrive\Documents\archive (4)\Dataset\Introvert\IN_463.jpg,Introvert,True,79,128,RGB,9a4904f9fff4a1423ec09e989c37dd6337bd053555d9b92e11f8681ad5bd393f
C:\Users\koush\OneDrive\Documents\archive (4)\Dataset\Introvert\IN_464.jpg,Introvert,True,669,319,RGB,8a786f7fd36327a390f6a5378d7929a511dea53413f997e7a0394adb07f000a0
C:\Users\koush\OneDrive\Documents\archive (4)\Dataset\Introvert\IN_465.jpg,Introvert,True,160,80,RGB,3c8ff209bcef5b042825e25799464a70b0336e254334efd980e1e7c2615b3f57
C:\Users\koush\OneDrive\Documents\archive (4)\Dataset\Introvert\IN_466.jpg,Introvert,True,111,128,RGB,2eb2be189f43a39751dd07948c082b10937e6ddb260e7abddd62d680da24b0ca
C:\Users\koush\OneDrive\Documents\archive (4)\Dataset\Introvert\IN_467.jpg,Introvert,True,622,313,RGB,05723248982b69e35edf6f25d754ec6c7f72958cbe6f170b51c2f8976a4c733a
C:\Users\koush\OneDrive\Documents\archive (4)\Dataset\Introvert\IN_468.jpg,Introvert,True,1003,453,RGB,d74483cd24ce4d73530059aabeebd9eda8ebdb41ce08a606f96193261a9b679f
C:\Users\koush\OneDrive\Documents\archive (4)\Dataset\Introvert\IN_469.jpg,Introvert,True,87,122,RGB,579ff8f99533b6dbd6bbccb56d9e5ba2f8d8a949b8ec1b657a7fcf09f06c41c9
C:\Users\koush\OneDrive\Documents\archive (4)\Dataset\Introvert\IN_47.jpg,Introvert,True,823,325,RGB,be5c41fe72678eeb902627e5b98f63b50ff0d0880997de1308254e74978089cf
C:\Users\koush\OneDrive\Documents\archive (4)\Dataset\Introvert\IN_470.jpg,Introvert,True,864,425,RGB,fb1e7d3a0cc3277373c65fa7ab19d8ecfecf1b97fd9c94810748f93d899130da
C:\Users\koush\OneDrive\Documents\archive (4)\Dataset\Introvert\IN_471.jpg,Introvert,True,816,467,RGB,3136f6a3d01a596f4d1fc06f8596e95cd93225a4cc999601234809e75d079e72
C:\Users\koush\OneDrive\Documents\archive (4)\Dataset\Introvert\IN_472.jpg,Introvert,True,103,182,RGB,b861eeb0de19abd19f3567df29acedf422ba79eaed194835b321f3e62de4f8de
C:\Users\koush\OneDrive\Documents\archive (4)\Dataset\Introvert\IN_473.jpg,Introvert,True,895,371,RGB,d4e0dbb97c6fdd67a245a4ba66615a09bbe042165c17d44797b1ca08d0bc1852
C:\Users\koush\OneDrive\Documents\archive (4)\Dataset\Introvert\IN_474.jpg,Introvert,True,737,425,RGB,051417d763c2f575dc9e7d7b6a1deee36fe4dd82ac49659e23180ff2423b1dc4
C:\Users\koush\OneDrive\Documents\archive (4)\Dataset\Introvert\IN_475.jpg,Introvert,True,98,126,RGB,2741334cdd7158d131dcd7f41cc0a74a1c1aa7a3038b1600dc7d38b858481c10
C:\Users\koush\OneDrive\Documents\archive (4)\Dataset\Introvert\IN_476.jpg,Introvert,True,898,379,RGB,19f99e2d3628431e9ad0fbb08c1ac728964767bae68c19a16941dc4dea337cdb
C:\Users\koush\OneDrive\Documents\archive (4)\Dataset\Introvert\IN_477.jpg,Introvert,True,639,390,RGB,318d6904ae061f27c1c711843084390be641eaa922517affa9a9b94e9ff88847
C:\Users\koush\OneDrive\Documents\archive (4)\Dataset\Introvert\IN_478.jpg,Introvert,True,97,119,RGB,17b3d06d20971d47a5dcdd36fef50d96014c8116e339c57e8eccecc157ef09ac
C:\Users\koush\OneDrive\Documents\archive (4)\Dataset\Introvert\IN_479.jpg,Introvert,True,1065,428,RGB,59aeaafceb6a0924499594a5a7c686298afa931e1a1bd2af5f53b8a9334777d8
C:\Users\koush\OneDrive\Documents\archive (4)\Dataset\Introvert\IN_48.jpg,Introvert,True,1255,647,RGB,4ef1be74ae514c3ae06a86c0a3bd9de1d19737792d5a82ab6f0e52536fda0ea3
C:\Users\koush\OneDrive\Documents\archive (4)\Dataset\Introvert\IN_480.jpg,Introvert,True,951,422,RGB,69670a24e1514af3b3df131e59ad14c6d92e858784ea9386fbe0b5995d358fea
C:\Users\koush\OneDrive\Documents\archive (4)\Dataset\Introvert\IN_481.jpg,Introvert,True,112,175,RGB,6227996a56ecdb7c5136a9a2097bdf8df2b8ce7e4db70e8632e783cb67e403ef
C:\Users\koush\OneDrive\Documents\archive (4)\Dataset\Introvert\IN_482.jpg,Introvert,True,614,300,RGB,cb6defedcdf39542deaff43f704e6412b0719880d9c6479a6872615ca78b2ee2
C:\Users\koush\OneDrive\Documents\archive (4)\Dataset\Introvert\IN_483.jpg,Introvert,True,826,475,RGB,ea706b7c796bbd08c153b1fc007799a4e809c891606d5f6c1e3415d606947d30
C:\Users\koush\OneDrive\Documents\archive (4)\Dataset\Introvert\IN_484.jpg,Introvert,True,119,111,RGB,7a3067dafc914092074d56dc867939c3fb1a5c5f6ce82c1901c496fc88ef0a2c
C:\Users\koush\OneDrive\Documents\archive (4)\Dataset\Introvert\IN_485.jpg,Introvert,True,430,219,RGB,1991d9c6617ef05a9850a77acb952877cf49b03f9e77c1e2f43f1ac48ecf172f
C:\Users\koush\OneDrive\Documents\archive (4)\Dataset\Introvert\IN_486.jpg,Introvert,True,950,483,RGB,225d8e5038f02db9d3f1c9ccb8caf1407642797466bded0d4587b52a21bffdb8
C:\Users\koush\OneDrive\Documents\archive (4)\Dataset\Introvert\IN_487.jpg,Introvert,True,238,115,RGB,fb7efecb072ae1b29c51f96e389603ef2d1858c1e383a04157c57e8457fbb8af
C:\Users\koush\OneDrive\Documents\archive (4)\Dataset\Introvert\IN_488.jpg,Introvert,True,713,388,RGB,adbb9be1371a7969be10499edc0fe25eb69a6f788b37a4bccaa41340a4efa0c6
C:\Users\koush\OneDrive\Documents\archive (4)\Dataset\Introvert\IN_489.jpg,Introvert,True,168,80,RGB,1e8964df5acdb754677b37970918c5dfdee360deeaddc7ca934cde23a4bce025
C:\Users\koush\OneDrive\Documents\archive (4)\Dataset\Introvert\IN_49.jpg,Introvert,True,722,776,RGB,796876848f6b2cea07698465b844298c729fa2f7808da71388dd0e5d01e3f963
C:\Users\koush\OneDrive\Documents\archive (4)\Dataset\Introvert\IN_490.jpg,Introvert,True,96,119,RGB,cdff03f150ce75d7914e6db10d2eaf39a2902705901a1acd8e5c13ef52024e91
C:\Users\koush\OneDrive\Documents\archive (4)\Dataset\Introvert\IN_491.jpg,Introvert,True,1271,555,RGB,43ef91d828b30528b7d279e7cd07b7cc53d7a9a4dc95f5f986b937322f558def
C:\Users\koush\OneDrive\Documents\archive (4)\Dataset\Introvert\IN_492.jpg,Introvert,True,158,74,RGB,06a8d065213f7dbefab7ee1a6cd58803157965ec91a18c3410d92f6f1ae2bdc3
C:\Users\koush\OneDrive\Documents\archive (4)\Dataset\Introvert\IN_493.jpg,Introvert,True,115,105,RGB,3c75e8688ab4ce62dbad155c4e1a79f4085505c2e2731f68f7d571b3e8855313
C:\Users\koush\OneDrive\Documents\archive (4)\Dataset\Introvert\IN_494.jpg,Introvert,True,1312,587,RGB,afeca66fd6c4981fdd6b78a320cbcc99762eccbc2db201a363544eb8c32823c4
C:\Users\koush\OneDrive\Documents\archive (4)\Dataset\Introvert\IN_495.jpg,Introvert,True,1013,474,RGB,7e1ccbf52e6886ec0eeb280233410575cb747df41360b14df072dc21c7fcb2fd
C:\Users\koush\OneDrive\Documents\archive (4)\Dataset\Introvert\IN_496.jpg,Introvert,True,110,123,RGB,4357c5166274264f10705bafeaeb18e08e385c40fec789e0239696a6826e8dfe
C:\Users\koush\OneDrive\Documents\archive (4)\Dataset\Introvert\IN_497.jpg,Introvert,True,1203,480,RGB,aff93c3150c0926bff6fa4cccabdbc931a5e38d4deea90cb2312e5c0db132662
C:\Users\koush\OneDrive\Documents\archive (4)\Dataset\Introvert\IN_498.jpg,Introvert,True,152,76,RGB,a7d30ee47367424d0b8d5a161ec667abba72e7cec468d4c2e844ced18964e7a8
C:\Users\koush\OneDrive\Documents\archive (4)\Dataset\Introvert\IN_499.jpg,Introvert,True,119,225,RGB,876cc97d190cbd06dcfba8fae4e902616b0733b96c2a685c3a3704458cb37310
C:\Users\koush\OneDrive\Documents\archive (4)\Dataset\Introvert\IN_5.jpg,Introvert,True,1701,1009,RGB,1088ea6822e57da3c59f391ebd59a16b4884aff91c3165142441320bb9b9d1aa
C:\Users\koush\OneDrive\Documents\archive (4)\Dataset\Introvert\IN_50.jpg,Introvert,True,1264,518,RGB,0f30227867f7020773f9a29b325f17216fbb00bc5207affbb36a9c1d78f2037f
C:\Users\koush\OneDrive\Documents\archive (4)\Dataset\Introvert\IN_500.jpg,Introvert,True,1726,746,RGB,aa9d6d5b340fdc920fde75b6fcacf5f032fea67b1e6b5624af23bf1550f4260a
C:\Users\koush\OneDrive\Documents\archive (4)\Dataset\Introvert\IN_501.jpg,Introvert,True,1099,480,RGB,edab2650b30ad82441431fd1cd9de6d8a7bf91e7a335e13d308fb71ad448d7d7
C:\Users\koush\OneDrive\Documents\archive (4)\Dataset\Introvert\IN_502.jpg,Introvert,True,97,124,RGB,f148080a41f53cf64b90bbb5b0e825e4e8d3e39817b190cc4900c7cac683d1af
C:\Users\koush\OneDrive\Documents\archive (4)\Dataset\Introvert\IN_503.jpg,Introvert,True,316,116,RGB,031285ac6caef7caddadc5e41afc219ea13e3b9d817975aa6c417b66571b704a
C:\Users\koush\OneDrive\Documents\archive (4)\Dataset\Introvert\IN_504.jpg,Introvert,True,148,72,RGB,6905d3a83ee81dbda53c700a0de912fa20e74e792537c9c601a8f94566a6c370
C:\Users\koush\OneDrive\Documents\archive (4)\Dataset\Introvert\IN_505.jpg,Introvert,True,94,116,RGB,a7ca0042bf5139291b2e8fbec083027a341599aba1d7de1e63291d693e490c3b
C:\Users\koush\OneDrive\Documents\archive (4)\Dataset\Introvert\IN_506.jpg,Introvert,True,209,107,RGB,f01ca4133095b46778f93c55330896612d8224d39d4ada4d3d6f7eea0c6a8155
C:\Users\koush\OneDrive\Documents\archive (4)\Dataset\Introvert\IN_507.jpg,Introvert,True,705,259,RGB,f9c090a78cd0a8fdef1a43edf47c06dd859cd40b8b8eee73a6371cbb957d9f89
C:\Users\koush\OneDrive\Documents\archive (4)\Dataset\Introvert\IN_508.jpg,Introvert,True,80,111,RGB,b754b0ccc31ee5ff2e3276266dc30e06b268ef5077a58de23ed679b3258f8aed
C:\Users\koush\OneDrive\Documents\archive (4)\Dataset\Introvert\IN_509.jpg,Introvert,True,160,120,RGB,52da20bb6ef4a4494b790ef79715ab6bbe84c3cacc3df62c3f2523745a1e66b4
C:\Users\koush\OneDrive\Documents\archive (4)\Dataset\Introvert\IN_51.jpg,Introvert,True,1166,507,RGB,6eed812440e02a234196f0a1e89fe807295d6a36352d188dee661510048566b3
C:\Users\koush\OneDrive\Documents\archive (4)\Dataset\Introvert\IN_510.jpg,Introvert,True,212,64,RGB,c45e05c6244adaa9e45cf2733b7d8605ad8ca9dd276b4b82037c1d97b5d3b998
C:\Users\koush\OneDrive\Documents\archive (4)\Dataset\Introvert\IN_511.jpg,Introvert,True,91,109,RGB,603b3a42cf62dbbd9ee27ca5bdbe6f8fb24de956f35a5d5c80c17248013e5df9
C:\Users\koush\OneDrive\Documents\archive (4)\Dataset\Introvert\IN_512.jpg,Introvert,True,418,166,RGB,e939f99dee151901476233925fc51c3d193040935fb5a59e413d7c893e66cb2a
C:\Users\koush\OneDrive\Documents\archive (4)\Dataset\Introvert\IN_513.jpg,Introvert,True,264,68,RGB,a7e49a053af4f8356321853ec8531ab3da7ae3033170b86ac267bf8accd2ec93
C:\Users\koush\OneDrive\Documents\archive (4)\Dataset\Introvert\IN_514.jpg,Introvert,True,101,112,RGB,7527d320b3a95d497dc9b249cd3ae572e1a740bf7bd886ea0a72ed8d8a621d8f
C:\Users\koush\OneDrive\Documents\archive (4)\Dataset\Introvert\IN_515.jpg,Introvert,True,260,56,RGB,738a459423cd16a8b4f7f5cc67bc2da8d0ba4552bd931f5bd150fd4592f09dc4
C:\Users\koush\OneDrive\Documents\archive (4)\Dataset\Introvert\IN_516.jpg,Introvert,True,103,127,RGB,357acba4674fe0e8e48c2ab97e550942c8a6045b026f3d95867740e53fc15641
C:\Users\koush\OneDrive\Documents\archive (4)\Dataset\Introvert\IN_517.jpg,Introvert,True,87,110,RGB,e791362d0d780dc5749661e35bcbf365357cca8c50d81b5d19fb061bafa4dded
C:\Users\koush\OneDrive\Documents\archive (4)\Dataset\Introvert\IN_518.jpg,Introvert,True,247,115,RGB,3b8878ce30473a2c348f5d620b4edb7ee6a03505aad86754343c6648b4bb9636
C:\Users\koush\OneDrive\Documents\archive (4)\Dataset\Introvert\IN_519.jpg,Introvert,True,649,276,RGB,27ed212410d5dd0ee4d2bc8f6a604e05c990c34391efb444bacc98186994cb8d
C:\Users\koush\OneDrive\Documents\archive (4)\Dataset\Introvert\IN_52.jpg,Introvert,True,743,606,RGB,0992e079a1061fda0b7e0c9850551c3aa31117d754f6a8474a74a07d43fb09d2
C:\Users\koush\OneDrive\Documents\archive (4)\Dataset\Introvert\IN_520.jpg,Introvert,True,106,111,RGB,17e0b34c66a8803652138d7be9b7d52ca9e7ae4b2826bd2a48695e1fe686fdef
C:\Users\koush\OneDrive\Documents\archive (4)\Dataset\Introvert\IN_521.jpg,Introvert,True,365,463,RGB,46823f9b80ee4580f0e507e47a8d8ec32589e85cc215d01a48a760c095e384c0
C:\Users\koush\OneDrive\Documents\archive (4)\Dataset\Introvert\IN_522.jpg,Introvert,True,225,54,RGB,b87f9b62564e3069adaff07dde6eaf2025b34d41424d1012b21e3edeb2ee6281
C:\Users\koush\OneDrive\Documents\archive (4)\Dataset\Introvert\IN_523.jpg,Introvert,True,92,142,RGB,cf1c48570228e11dc52a753ee9742a5366517abea0e49dfede32bcc0857199cb
C:\Users\koush\OneDrive\Documents\archive (4)\Dataset\Introvert\IN_524.jpg,Introvert,True,352,335,RGB,0084a96fe1e389314fd79d2fd88244a5b08c2312faa3340ffe300f25447f91c3
C:\Users\koush\OneDrive\Documents\archive (4)\Dataset\Introvert\IN_525.jpg,Introvert,True,677,230,RGB,34aed3ff5afb5a5db8b1ee1d8cdcb785d5d839161778b4feac8376fc97b3e6b6
C:\Users\koush\OneDrive\Documents\archive (4)\Dataset\Introvert\IN_526.jpg,Introvert,True,198,106,RGB,a148c6ac30fe09950dfa8178c13590a4eb323746220293733cee427173d21bfe
C:\Users\koush\OneDrive\Documents\archive (4)\Dataset\Introvert\IN_527.jpg,Introvert,True,266,445,RGB,e07fe6f3ba231ff7ebb1879fcbfd6c1e82b80ac014c1a30e2219ee37b95781f7
C:\Users\koush\OneDrive\Documents\archive (4)\Dataset\Introvert\IN_528.jpg,Introvert,True,664,289,RGB,a57e545edb154766c6f5396ae6aae6972b3f6b3bd3dd6061af2ab580a60fd47e
C:\Users\koush\OneDrive\Documents\archive (4)\Dataset\Introvert\IN_529.jpg,Introvert,True,187,113,RGB,9b0342028b08b8486942928306f34441614b50254dc797749054e60a85c36cb7
C:\Users\koush\OneDrive\Documents\archive (4)\Dataset\Introvert\IN_53.jpg,Introvert,True,1203,486,RGB,df6d587374491f2ee8b02eded6ae4814bdf62a4722457f2ddaf17ae32044a10b
C:\Users\koush\OneDrive\Documents\archive (4)\Dataset\Introvert\IN_530.jpg,Introvert,True,248,227,RGB,16b42656de4e203716fbf384969b8d3d5d136cbf6c4c23eff33bcfa01ab5c3af
C:\Users\koush\OneDrive\Documents\archive (4)\Dataset\Introvert\IN_531.jpg,Introvert,True,598,280,RGB,48f9b0a09a64a98683237b10d250863ef51796e5adf596a90b32b7ef8ec75a2e
C:\Users\koush\OneDrive\Documents\archive (4)\Dataset\Introvert\IN_532.jpg,Introvert,True,147,121,RGB,e5a81f7ac2ffb8e692b07a783c651a4aca8f44e15b606018605a3d8f8fd063ae
C:\Users\koush\OneDrive\Documents\archive (4)\Dataset\Introvert\IN_533.jpg,Introvert,True,267,325,RGB,9131f49b425536d0c71d293c8ad2308362f3f77c50df2bb492ef4124b36678ee
C:\Users\koush\OneDrive\Documents\archive (4)\Dataset\Introvert\IN_534.jpg,Introvert,True,580,244,RGB,fa4e99dbdf7e0e1109d1aef744ccead3e14577d89e7722a954b409617fd16a7b
C:\Users\koush\OneDrive\Documents\archive (4)\Dataset\Introvert\IN_535.jpg,Introvert,True,260,122,RGB,c9ed0c9aedbae611953fb6dc68eba4845e198c6001d9f83396b029b4e0eaabca
C:\Users\koush\OneDrive\Documents\archive (4)\Dataset\Introvert\IN_536.jpg,Introvert,True,316,116,RGB,031285ac6caef7caddadc5e41afc219ea13e3b9d817975aa6c417b66571b704a
C:\Users\koush\OneDrive\Documents\archive (4)\Dataset\Introvert\IN_537.jpg,Introvert,True,724,276,RGB,28fc6a5266ca65fd6aa2a360514a21debcae1d7e65368307b7d333b6b6d5df38
C:\Users\koush\OneDrive\Documents\archive (4)\Dataset\Introvert\IN_538.jpg,Introvert,True,117,224,RGB,c2c30fb5deda1d1ad30ab14e8bf918ee565f6a0d48fb75c8be549d624fd1b805
C:\Users\koush\OneDrive\Documents\archive (4)\Dataset\Introvert\IN_539.jpg,Introvert,True,340,400,RGB,ee327edac88fb7b55a36c825c5245aa793b951cc7d4be8de854d0187cc49bbc0
C:\Users\koush\OneDrive\Documents\archive (4)\Dataset\Introvert\IN_54.jpg,Introvert,True,1560,676,RGB,06a3511413e297ad2ad9f1f46d47c79eac2b0f237e0c00a1050a494b9cac7595
C:\Users\koush\OneDrive\Documents\archive (4)\Dataset\Introvert\IN_540.jpg,Introvert,True,647,261,RGB,6a073b248d57808537c43f597d1aacebd5c43466fdcf94d8d9cd4b963adb9069
C:\Users\koush\OneDrive\Documents\archive (4)\Dataset\Introvert\IN_541.jpg,Introvert,True,213,290,RGB,a0e357512bb529ec6ad9bf1e1da894542ea667e6f80f044fa57c0ac322190493
C:\Users\koush\OneDrive\Documents\archive (4)\Dataset\Introvert\IN_542.jpg,Introvert,True,288,112,RGB,7aff91b874f20d04c31533b0ab752accc5f18153673d51e154506892684d9c4e
C:\Users\koush\OneDrive\Documents\archive (4)\Dataset\Introvert\IN_543.jpg,Introvert,True,704,296,RGB,fd3df5dbfa638222988484fa04e662b4d8baaafc1cf90bbfe2e46b732573bcd8
C:\Users\koush\OneDrive\Documents\archive (4)\Dataset\Introvert\IN_544.jpg,Introvert,True,117,275,RGB,6c565326df432aa1f4a584a909a955840ba32b96af378193a2ebac41be1ecbc7
C:\Users\koush\OneDrive\Documents\archive (4)\Dataset\Introvert\IN_545.jpg,Introvert,True,438,342,RGB,f55b64b6c64f41165d48c5c760d8c389083c7543ad1397961579fd14ae00c2c9
C:\Users\koush\OneDrive\Documents\archive (4)\Dataset\Introvert\IN_546.jpg,Introvert,True,750,290,RGB,d6d3176f19ac276bcb927d6ad25a4e591bce88b7a323bc2503407b78a93b740c
C:\Users\koush\OneDrive\Documents\archive (4)\Dataset\Introvert\IN_547.jpg,Introvert,True,664,616,RGB,0832fafb843a6a81641bef4ba319ad406954d938025e322e3cb3fa6b9a8f4b7c
C:\Users\koush\OneDrive\Documents\archive (4)\Dataset\Introvert\IN_548.jpg,Introvert,True,329,273,RGB,eb946319d71e24947bfca0643e9171dbb01fa9e3683b4ec09c5ab42e227b25c8
C:\Users\koush\OneDrive\Documents\archive (4)\Dataset\Introvert\IN_549.jpg,Introvert,True,750,242,RGB,33ac65c73a620de22422d9fc5973b027a1f3c15561542c10cf40712f7f78f4cf
C:\Users\koush\OneDrive\Documents\archive (4)\Dataset\Introvert\IN_55.jpg,Introvert,True,560,619,RGB,bf06c575781e288d1296ed9b4e87d1ba4d5d52da07ba68c224dd0d3f2b3c0d69
C:\Users\koush\OneDrive\Documents\archive (4)\Dataset\Introvert\IN_550.jpg,Introvert,True,722,581,RGB,439285412afeca69ad0d5630ae2d7753412424d1bf60d80ce2ee8b431e2226c9
C:\Users\koush\OneDrive\Documents\archive (4)\Dataset\Introvert\IN_551.jpg,Introvert,True,290,277,RGB,fae3e61b3eff0f438fbd27cf6616fed8fc5d76428fe9c58ce66cb1a57a7f8bf4
C:\Users\koush\OneDrive\Documents\archive (4)\Dataset\Introvert\IN_552.jpg,Introvert,True,1824,791,RGB,b49f0ac75d1b0e1f73ddb463271a2e42d249b94682d689ed631142b15d909659
C:\Users\koush\OneDrive\Documents\archive (4)\Dataset\Introvert\IN_553.jpg,Introvert,True,281,180,RGB,a472a5fde433aeb7cbfa88380f31d2e023bc17f1cfb659e900b100f70c2f4f69
C:\Users\koush\OneDrive\Documents\archive (4)\Dataset\Introvert\IN_554.jpg,Introvert,True,339,339,RGB,e0bef17071858b2cb4a706f7851743db06eef991cc4cd3deea27a496dd0648bc
C:\Users\koush\OneDrive\Documents\archive (4)\Dataset\Introvert\IN_555.jpg,Introvert,True,236,105,RGB,ccdab990197a0f1e1d7156ba7a8548681f54c65f64b1ef2b87ef56bbbdc030ff
C:\Users\koush\OneDrive\Documents\archive (4)\Dataset\Introvert\IN_556.jpg,Introvert,True,295,291,RGB,4a7918d5c29af6345c42dca7eede6c50b60fb0abb788585a90ad4264788798bb
C:\Users\koush\OneDrive\Documents\archive (4)\Dataset\Introvert\IN_557.jpg,Introvert,True,279,315,RGB,1ec732151bef3bd8c2f79d2495545ce16efebc9f506959587f4aaf722c5a715c
C:\Users\koush\OneDrive\Documents\archive (4)\Dataset\Introvert\IN_558.jpg,Introvert,True,600,208,RGB,e543436c2b8eee782cdf7156459dfccaa7ece894582b4accb8dcbcbdbbbd47c9
C:\Users\koush\OneDrive\Documents\archive (4)\Dataset\Introvert\IN_559.jpg,Introvert,True,326,259,RGB,47f4beb11e9bf4fc3885b062f39f3341b4c7b5c23b108aa519d4c8586205dd46
C:\Users\koush\OneDrive\Documents\archive (4)\Dataset\Introvert\IN_56.jpg,Introvert,True,976,435,RGB,6e2fa5ca0144b0f98c20bd153405fa6ce7b0ea9ac3f79ef48b9e7aa78384fda1
C:\Users\koush\OneDrive\Documents\archive (4)\Dataset\Introvert\IN_560.jpg,Introvert,True,353,235,RGB,c55c51ae5ecb941d87986639ff0f7d3262c1740464a0895eecca9af00a2a3f3b
C:\Users\koush\OneDrive\Documents\archive (4)\Dataset\Introvert\IN_561.jpg,Introvert,True,158,70,RGB,a537aaa073451e012a911e436ea1ad0557587c7394c3ba290129ab69e9a7511c
C:\Users\koush\OneDrive\Documents\archive (4)\Dataset\Introvert\IN_562.jpg,Introvert,True,748,561,RGB,e0cdd08ca4c1a0ed3ec2f17d6626dc46e260346a3ba0e3e99aec5fb0edc6a77a
C:\Users\koush\OneDrive\Documents\archive (4)\Dataset\Introvert\IN_563.jpg,Introvert,True,314,201,RGB,3190be8482191efdc6899d0289080ccdb258bf38145a4cd63a772d530685b43b
C:\Users\koush\OneDrive\Documents\archive (4)\Dataset\Introvert\IN_564.jpg,Introvert,True,255,77,RGB,bf55e06c40ec2da50ee31146667ac0f2f31fbb5a10336406928b6244a20b0edf
C:\Users\koush\OneDrive\Documents\archive (4)\Dataset\Introvert\IN_565.jpg,Introvert,True,275,291,RGB,8bfb670199d4f7bef939f707bf00ec66cbac503e84d553d709b11d7f31af979f
C:\Users\koush\OneDrive\Documents\archive (4)\Dataset\Introvert\IN_566.jpg,Introvert,True,112,224,RGB,d9d32ecde061950549f4078711a6073216c5efce2bb43a3779bb6115830aaf7f
C:\Users\koush\OneDrive\Documents\archive (4)\Dataset\Introvert\IN_567.jpg,Introvert,True,600,208,RGB,e543436c2b8eee782cdf7156459dfccaa7ece894582b4accb8dcbcbdbbbd47c9
C:\Users\koush\OneDrive\Documents\archive (4)\Dataset\Introvert\IN_568.jpg,Introvert,True,190,98,RGB,145d133e4394881c55d68f757cd5e57722c0c1a4da707719200a47e84d76bd65
C:\Users\koush\OneDrive\Documents\archive (4)\Dataset\Introvert\IN_569.jpg,Introvert,True,160,120,RGB,52da20bb6ef4a4494b790ef79715ab6bbe84c3cacc3df62c3f2523745a1e66b4
C:\Users\koush\OneDrive\Documents\archive (4)\Dataset\Introvert\IN_57.jpg,Introvert,True,1329,631,RGB,085e6a4b09a81fa90e924a2a173e0a674c680e91b103a68b2c157eb7363689c6
C:\Users\koush\OneDrive\Documents\archive (4)\Dataset\Introvert\IN_570.jpg,Introvert,True,144,74,RGB,c697e3b6885f0f3ab193b524cc85b988532941f918c0c1a94a858a3d1fe80929
C:\Users\koush\OneDrive\Documents\archive (4)\Dataset\Introvert\IN_571.jpg,Introvert,True,272,263,RGB,6bd3bf1e35e22a184b15299852401be368105cb71e1b5303b1335bcfe7a575cc
C:\Users\koush\OneDrive\Documents\archive (4)\Dataset\Introvert\IN_572.jpg,Introvert,True,155,267,RGB,b18b18a4783896769657182d98c1220df22e8a4abeec93d642e222d876cc0cb7
C:\Users\koush\OneDrive\Documents\archive (4)\Dataset\Introvert\IN_573.jpg,Introvert,True,580,244,RGB,fa4e99dbdf7e0e1109d1aef744ccead3e14577d89e7722a954b409617fd16a7b
C:\Users\koush\OneDrive\Documents\archive (4)\Dataset\Introvert\IN_574.jpg,Introvert,True,184,280,RGB,e05decef222d556e77510c6477ce8bc9a5cbdf66194f0f89e8a5a2550b185351
C:\Users\koush\OneDrive\Documents\archive (4)\Dataset\Introvert\IN_575.jpg,Introvert,True,125,118,RGB,8e505a8333bc025b7623dd5759cdf18c919f31f7be5bbe04ba8f34665b75b3f6
C:\Users\koush\OneDrive\Documents\archive (4)\Dataset\Introvert\IN_576.jpg,Introvert,True,186,104,RGB,86916dd1a5ef7790d708a527952f66652a435a0b291d9a0b54cc001806eb3ffe
C:\Users\koush\OneDrive\Documents\archive (4)\Dataset\Introvert\IN_577.jpg,Introvert,True,353,261,RGB,035650d1010fa07fc4706fa715606781b3d720b495f6becc5cbbadf4e860dd30
C:\Users\koush\OneDrive\Documents\archive (4)\Dataset\Introvert\IN_578.jpg,Introvert,True,156,100,RGB,b1f465765c5e829c741b6934200806729d7bf6411964627b77cdd8c0010f0f69
C:\Users\koush\OneDrive\Documents\archive (4)\Dataset\Introvert\IN_579.jpg,Introvert,True,188,108,RGB,3939495be69629e2ddb36ebadced10b544f44babc4e0f360903ed1697eb1d8df
C:\Users\koush\OneDrive\Documents\archive (4)\Dataset\Introvert\IN_58.jpg,Introvert,True,436,533,RGB,825247d5410338dd3198fa3d001e5df65be9fd2348b24d366b06025568a70c93
C:\Users\koush\OneDrive\Documents\archive (4)\Dataset\Introvert\IN_580.jpg,Introvert,True,163,278,RGB,52dea30ad273637c6a3d43cde83f6f4da1ede90af2bf06b827e50eca33ea41e2
C:\Users\koush\OneDrive\Documents\archive (4)\Dataset\Introvert\IN_581.jpg,Introvert,True,710,627,RGB,8b273197af5b8555d66773922e602f30816ef968eee7bc4698a9e92ee676fb3f
C:\Users\koush\OneDrive\Documents\archive (4)\Dataset\Introvert\IN_582.jpg,Introvert,True,306,98,RGB,d3cd43594a3985caf3fb8eb33a6740f3a982a9ed6e58a428016a7393dc007cf7
C:\Users\koush\OneDrive\Documents\archive (4)\Dataset\Introvert\IN_583.jpg,Introvert,True,199,62,RGB,15ef3e6dffe7360f0c9633a156b40b76068af0effb3b4a42b9166ddfc236915b
C:\Users\koush\OneDrive\Documents\archive (4)\Dataset\Introvert\IN_584.jpg,Introvert,True,90,140,RGB,b32540fcf2a9a727756de4c0eaeb24b76f4ed4bcf32454cc506b5a9c04769291
C:\Users\koush\OneDrive\Documents\archive (4)\Dataset\Introvert\IN_585.jpg,Introvert,True,1686,732,RGB,24114eadaf92a49a59a06a9ce83b27e30491aa268c5de198fc4df2dd2de46d88
C:\Users\koush\OneDrive\Documents\archive (4)\Dataset\Introvert\IN_586.jpg,Introvert,True,129,142,RGB,f8603db85914bddd8956264251d36367d2f95ed5fba7afacaade004289b6a1fd
C:\Users\koush\OneDrive\Documents\archive (4)\Dataset\Introvert\IN_587.jpg,Introvert,True,312,108,RGB,320c210888aa745e6dd34e23cab7c6ca935c27da420156d3461f0d35d2f1e4b8
C:\Users\koush\OneDrive\Documents\archive (4)\Dataset\Introvert\IN_588.jpg,Introvert,True,192,120,RGB,4f357d40ded043884f3ef4f734881dad2fe1b0e9a30cba3f66d8a397ef4ca3be
C:\Users\koush\OneDrive\Documents\archive (4)\Dataset\Introvert\IN_589.jpg,Introvert,True,186,120,RGB,7876bbb5d7a0a6be1e660667a6c8ea4a96060c5869c98b689dd414b999c9c5fc
C:\Users\koush\OneDrive\Documents\archive (4)\Dataset\Introvert\IN_59.jpg,Introvert,True,1095,509,RGB,26de568123393b85d52c50609a02984c15660240bba32b4671b0c302020052bd
C:\Users\koush\OneDrive\Documents\archive (4)\Dataset\Introvert\IN_590.jpg,Introvert,True,163,106,RGB,98023f4cd53d9d52a3b2eee6625fd1a64c77d1333bb796eb3addde93baf1f8f0
C:\Users\koush\OneDrive\Documents\archive (4)\Dataset\Introvert\IN_591.jpg,Introvert,True,117,70,RGB,35856257c8e04588e57019609e38cf598adec4effd0c706d57f3edaa86fac4bb
C:\Users\koush\OneDrive\Documents\archive (4)\Dataset\Introvert\IN_592.jpg,Introvert,True,163,300,RGB,4574e620d96eb8c85f77245b8d04890d797c9219a990cf57d88be5864f5ffb9e
C:\Users\koush\OneDrive\Documents\archive (4)\Dataset\Introvert\IN_593.jpg,Introvert,True,203,265,RGB,f193854510f5dde3f466bc57ea81ff239da768841f1e32f2ccfe3b67db39875a
C:\Users\koush\OneDrive\Documents\archive (4)\Dataset\Introvert\IN_594.jpg,Introvert,True,201,103,RGB,66141d025b49a16ff4a32c1496576b7bfc01d7943fbf1b06d078d770550b9e76
C:\Users\koush\OneDrive\Documents\archive (4)\Dataset\Introvert\IN_595.jpg,Introvert,True,275,232,RGB,b8a0c7b4495962303b8d24606ef203b9814916ffa88ed974cbed5fcf80673078
C:\Users\koush\OneDrive\Documents\archive (4)\Dataset\Introvert\IN_596.jpg,Introvert,True,121,213,RGB,7b649ddbba5575db1fade5d6033c63146085a2e92ecd6293ed39816254e3dcdb
C:\Users\koush\OneDrive\Documents\archive (4)\Dataset\Introvert\IN_597.jpg,Introvert,True,1757,804,RGB,14b482ca6109a3484724a191465ce3d547d62c84889f4be99b0d6c1297a4ec5d
C:\Users\koush\OneDrive\Documents\archive (4)\Dataset\Introvert\IN_598.jpg,Introvert,True,96,181,RGB,6c7d7be03e572b28375b64e65db5be9bf85bc51467428b6b7255fd272a2d370f
C:\Users\koush\OneDrive\Documents\archive (4)\Dataset\Introvert\IN_599.jpg,Introvert,True,220,107,RGB,ae5b620c1c647a1695db4167f73275bfe58905134ddab2a736bc5eae14db02f4
C:\Users\koush\OneDrive\Documents\archive (4)\Dataset\Introvert\IN_6.jpg,Introvert,True,2131,841,RGB,30f75cca32f81f25ce56d812bd09e009d8ea7f45f180efcc08795e0aaa24a1d5
C:\Users\koush\OneDrive\Documents\archive (4)\Dataset\Introvert\IN_60.jpg,Introvert,True,1463,789,RGB,fb08f58069cd56dd8f869f88ad7b348744e8711eed119f8e73fd1f6e1a7413db
C:\Users\koush\OneDrive\Documents\archive (4)\Dataset\Introvert\IN_600.jpg,Introvert,True,1544,689,RGB,83f6c5f54a77e4982904387c28017d9fdb03e1aefb08b67a662444ef58068d82
C:\Users\koush\OneDrive\Documents\archive (4)\Dataset\Introvert\IN_601.jpg,Introvert,True,178,128,RGB,98e6cac8c084ccd32825685ef26ca3ce21c6bd5cb3a4e12d29278fc27e8b9022
C:\Users\koush\OneDrive\Documents\archive (4)\Dataset\Introvert\IN_602.jpg,Introvert,True,173,103,RGB,40bd5e7c58f8c8476394749fce48265bb96a35d6c2cce20ea8e00d4328d7635e
C:\Users\koush\OneDrive\Documents\archive (4)\Dataset\Introvert\IN_61.jpg,Introvert,True,753,641,RGB,c83ace2e6a78e915cfb9cbb90e55ce209cc9519848ee78faeafd17d982696249
C:\Users\koush\OneDrive\Documents\archive (4)\Dataset\Introvert\IN_62.jpg,Introvert,True,1312,587,RGB,afeca66fd6c4981fdd6b78a320cbcc99762eccbc2db201a363544eb8c32823c4
C:\Users\koush\OneDrive\Documents\archive (4)\Dataset\Introvert\IN_63.jpg,Introvert,True,1824,791,RGB,b49f0ac75d1b0e1f73ddb463271a2e42d249b94682d689ed631142b15d909659
C:\Users\koush\OneDrive\Documents\archive (4)\Dataset\Introvert\IN_64.jpg,Introvert,True,729,542,RGB,3b1b9414794f36eefe30394736ff665f9fbf8c3e85c82b835956c545517af1d5
C:\Users\koush\OneDrive\Documents\archive (4)\Dataset\Introvert\IN_65.jpg,Introvert,True,1203,480,RGB,aff93c3150c0926bff6fa4cccabdbc931a5e38d4deea90cb2312e5c0db132662
C:\Users\koush\OneDrive\Documents\archive (4)\Dataset\Introvert\IN_66.jpg,Introvert,True,1544,689,RGB,83f6c5f54a77e4982904387c28017d9fdb03e1aefb08b67a662444ef58068d82
C:\Users\koush\OneDrive\Documents\archive (4)\Dataset\Introvert\IN_67.jpg,Introvert,True,697,583,RGB,c1008587c1afdcff6a00c227e4abf797b34a95db8cbb2603cb2a3adfdb852935
C:\Users\koush\OneDrive\Documents\archive (4)\Dataset\Introvert\IN_68.jpg,Introvert,True,1726,746,RGB,aa9d6d5b340fdc920fde75b6fcacf5f032fea67b1e6b5624af23bf1550f4260a
C:\Users\koush\OneDrive\Documents\archive (4)\Dataset\Introvert\IN_69.jpg,Introvert,True,1757,804,RGB,14b482ca6109a3484724a191465ce3d547d62c84889f4be99b0d6c1297a4ec5d
C:\Users\koush\OneDrive\Documents\archive (4)\Dataset\Introvert\IN_7.jpg,Introvert,True,821,546,RGB,218cf38f3f4aa8d6baec6cae037a6efc7e6c4abe53be24598aa469360eb99908
C:\Users\koush\OneDrive\Documents\archive (4)\Dataset\Introvert\IN_70.jpg,Introvert,True,634,602,RGB,b5af8cec5f96443d9b6c6b6305948801f33ea4e7d76bc4083b4b6be2555b090f
C:\Users\koush\OneDrive\Documents\archive (4)\Dataset\Introvert\IN_71.jpg,Introvert,True,1271,555,RGB,43ef91d828b30528b7d279e7cd07b7cc53d7a9a4dc95f5f986b937322f558def
C:\Users\koush\OneDrive\Documents\archive (4)\Dataset\Introvert\IN_72.jpg,Introvert,True,1686,732,RGB,24114eadaf92a49a59a06a9ce83b27e30491aa268c5de198fc4df2dd2de46d88
C:\Users\koush\OneDrive\Documents\archive (4)\Dataset\Introvert\IN_73.jpg,Introvert,True,614,760,RGB,756ee490fdc9a2d081d0f4a6e01db631d054e54953517ec6b40300c1782f1cc1
C:\Users\koush\OneDrive\Documents\archive (4)\Dataset\Introvert\IN_74.jpg,Introvert,True,956,474,RGB,3dbbc086084441e20ddb2098053bbcaa606f153419893ee05fee2c3fdc043029
C:\Users\koush\OneDrive\Documents\archive (4)\Dataset\Introvert\IN_75.jpg,Introvert,True,1204,610,RGB,6d6271a22c90581d3d7c2b856c9494fb43d3e33a0e1e14c46028889fd7ec4b3b
C:\Users\koush\OneDrive\Documents\archive (4)\Dataset\Introvert\IN_76.jpg,Introvert,True,655,768,RGB,abd36bbb8d389a83f47a78f5a0b57bab3f0ede44b35e641cc8c5aeeec7bfc371
C:\Users\koush\OneDrive\Documents\archive (4)\Dataset\Introvert\IN_77.jpg,Introvert,True,1442,751,RGB,29770df083797f4c304305f7e31bec81c0922bae261c2b685b1f75d8e29609e1
C:\Users\koush\OneDrive\Documents\archive (4)\Dataset\Introvert\IN_78.jpg,Introvert,True,1605,705,RGB,954a87302f86c48e627cf56c5d918b675190a05f195a17e1a1008b3f68bf1451
C:\Users\koush\OneDrive\Documents\archive (4)\Dataset\Introvert\IN_79.jpg,Introvert,True,888,646,RGB,9c80a11148ed65c3d45f6daf7850e7a736d950b1255d5ab99138193b402ec1cd
C:\Users\koush\OneDrive\Documents\archive (4)\Dataset\Introvert\IN_8.jpg,Introvert,True,1190,551,RGB,a1c06aeb3c59c741d06f67e1882e1ef0f9b7f7a1f41611c56b4f93113cd124b6
C:\Users\koush\OneDrive\Documents\archive (4)\Dataset\Introvert\IN_80.jpg,Introvert,True,1266,569,RGB,bc47dd9568e1d1c9d03abf09da2e590f5b777b96f72af3064c4d606d65302ee0
C:\Users\koush\OneDrive\Documents\archive (4)\Dataset\Introvert\IN_81.jpg,Introvert,True,1749,720,RGB,53fea763b62dcbb40a7d5e0b22b5ead6c7722b728a9eead8981e96da46fb7981
C:\Users\koush\OneDrive\Documents\archive (4)\Dataset\Introvert\IN_82.jpg,Introvert,True,848,869,RGB,d74efaa33ed0e91f618ae1dbf39a7a0a6d67d793c60ee06065e8cb866b10d816
C:\Users\koush\OneDrive\Documents\archive (4)\Dataset\Introvert\IN_83.jpg,Introvert,True,2245,999,RGB,7875a9d17fee294b41c968306b8ad778e799ceb691c3ffdd320ea6993c92a552
C:\Users\koush\OneDrive\Documents\archive (4)\Dataset\Introvert\IN_84.jpg,Introvert,True,1467,655,RGB,6409484f89e02e5ce0d7a1822157e739f6ad4a4a97e218e78d35e94cc0de9ca9
C:\Users\koush\OneDrive\Documents\archive (4)\Dataset\Introvert\IN_85.jpg,Introvert,True,803,593,RGB,19f5171d9ea2ae91ec1b9666227c4e81be478d6ce77752c3e5458f73b78ce13e
C:\Users\koush\OneDrive\Documents\archive (4)\Dataset\Introvert\IN_86.jpg,Introvert,True,1375,539,RGB,91d5d1b9c2ede39ed028b803bdbc76c6e70a96b8054bf3a44580355d182a6340
C:\Users\koush\OneDrive\Documents\archive (4)\Dataset\Introvert\IN_87.jpg,Introvert,True,1428,550,RGB,b1a945ff20968bb44e225182902f2fe13fe4b14adc962eb0f534f9042c5459e4
C:\Users\koush\OneDrive\Documents\archive (4)\Dataset\Introvert\IN_88.jpg,Introvert,True,1284,885,RGB,cfb1410ab5219ac5e00f2717e2a74c4f9bf4678326eab937b9873313e73ed580
C:\Users\koush\OneDrive\Documents\archive (4)\Dataset\Introvert\IN_89.jpg,Introvert,True,1350,511,RGB,e40d394793abda728ac64586f31fc79130121db9bd9b431a4e2ff29e9af9c2f3
C:\Users\koush\OneDrive\Documents\archive (4)\Dataset\Introvert\IN_9.jpg,Introvert,True,1234,675,RGB,21f1ea748298d9a615ea922ae20378451978b26db29807b647c1e5cf0467f0c8
C:\Users\koush\OneDrive\Documents\archive (4)\Dataset\Introvert\IN_90.jpg,Introvert,True,2139,799,RGB,38d38e7c119506a5993555601640a7865d64c219f35d2f206f830ddef231d91e
C:\Users\koush\OneDrive\Documents\archive (4)\Dataset\Introvert\IN_91.jpg,Introvert,True,996,590,RGB,1c3050cf366b423a4dee8c03f73ab174c79cafc5cbde31de45b74bb59ca3ed4b
C:\Users\koush\OneDrive\Documents\archive (4)\Dataset\Introvert\IN_92.jpg,Introvert,True,2205,801,RGB,318191378cd93f262e4d37c4739408536f324b1289fc29cb1903085713930028
C:\Users\koush\OneDrive\Documents\archive (4)\Dataset\Introvert\IN_93.jpg,Introvert,True,1799,629,RGB,d779100e9a46af6e5b8c03fa3b427151d7e6b8c36bb40a1c8c794c2dd5c04a2f
C:\Users\koush\OneDrive\Documents\archive (4)\Dataset\Introvert\IN_94.jpg,Introvert,True,930,632,RGB,b7a85b53d3700a6dfcdb7cbbdf4ca0657e17a5a73677c75cea504ffefcfaa3b9
C:\Users\koush\OneDrive\Documents\archive (4)\Dataset\Introvert\IN_95.jpg,Introvert,True,2200,734,RGB,6a013cffebe2c5881d0fadd219b053ae23f475cd8e497b4b42190a5632b5e13c
C:\Users\koush\OneDrive\Documents\archive (4)\Dataset\Introvert\IN_96.jpg,Introvert,True,1460,576,RGB,cbb604b0828b84c1acdb700c4c3e78fe4a028f206673c3434d133e49b045f369
C:\Users\koush\OneDrive\Documents\archive (4)\Dataset\Introvert\IN_97.jpg,Introvert,True,1828,783,RGB,47231bbac34cd6ef8cde9a708432fef5691f89581d4c860f765ed71f7c078027
C:\Users\koush\OneDrive\Documents\archive (4)\Dataset\Introvert\IN_98.jpg,Introvert,True,1685,480,RGB,0b07e8d7cfcf00dfc0706d542f36a070117989a93e6f5205f3c9c8d7a02f9a03
C:\Users\koush\OneDrive\Documents\archive (4)\Dataset\Introvert\IN_99.jpg,Introvert,True,1828,632,RGB,1355d97bb916aa7069f4d97be50b63ad10a8689e4f77d08d98d8b8d691450646
C:\Users\koush\OneDrive\Documents\archive (4)\Dataset\Optimistic\OP_1.jpg,Optimistic,True,1468,853,RGB,e97a835133e0e0fb0a3d7a83df8ae492cc73e3bad2b448daa23561777e361a3c
C:\Users\koush\OneDrive\Documents\archive (4)\Dataset\Optimistic\OP_10.jpg,Optimistic,True,924,462,RGB,2bd5f30283ff0bd452ef27786f17a6cd588adb53d2f4ce3d17f2b36e5c7d758d
C:\Users\koush\OneDrive\Documents\archive (4)\Dataset\Optimistic\OP_100.jpg,Optimistic,True,1621,656,RGB,daf850d8d999082c7dc73d9e76b2c25b8ef3e178f3537ee28c1185061aaf1901
C:\Users\koush\OneDrive\Documents\archive (4)\Dataset\Optimistic\OP_101.jpg,Optimistic,True,2171,548,RGB,eae4baafeb9ef30b1d48226805a18aed3a581d7eca3e0ad430f9ec6cf97ded8e
C:\Users\koush\OneDrive\Documents\archive (4)\Dataset\Optimistic\OP_102.jpg,Optimistic,True,1520,373,RGB,81d387f4b9d95d4defe69b30898117947725dc0828e4e4c54543b27e53578008
C:\Users\koush\OneDrive\Documents\archive (4)\Dataset\Optimistic\OP_103.jpg,Optimistic,True,1216,534,RGB,bcc962dffe988c3cc6bd57b8a9543527ecade7d96c477b05cf79412347427a43
C:\Users\koush\OneDrive\Documents\archive (4)\Dataset\Optimistic\OP_104.jpg,Optimistic,True,1392,346,RGB,9a94ee25ff560530e7d7bc521d0d015f92e355192001f59fd5000185b8eb025a
C:\Users\koush\OneDrive\Documents\archive (4)\Dataset\Optimistic\OP_105.jpg,Optimistic,True,1481,486,RGB,b3e16d85017387293c4a05c25dc673ee679b88c4fb5b11c1f4cd9dc4c497f997
C:\Users\koush\OneDrive\Documents\archive (4)\Dataset\Optimistic\OP_106.jpg,Optimistic,True,1358,637,RGB,8032a4af92b2c35abd33683a8c478d0786e6c3ffd89d85bedcaeadc1c37587c8
C:\Users\koush\OneDrive\Documents\archive (4)\Dataset\Optimistic\OP_107.jpg,Optimistic,True,1266,375,RGB,739d7a3aa0a8619a178a7a09559070b2eed8f4ea13fec1dc495d1d1d1e0e9b7d
C:\Users\koush\OneDrive\Documents\archive (4)\Dataset\Optimistic\OP_108.jpg,Optimistic,True,1270,453,RGB,2890d9821afe16582c179b2a692b3696f7489549d1bbdbf1d8451eea51cb55e4
C:\Users\koush\OneDrive\Documents\archive (4)\Dataset\Optimistic\OP_109.jpg,Optimistic,True,1357,668,RGB,b5412582ee260aee2ddaf9ef310f9069bbae24787be759748a4a9a938895f718
C:\Users\koush\OneDrive\Documents\archive (4)\Dataset\Optimistic\OP_11.jpg,Optimistic,True,991,457,RGB,bcacf63162481bc94d9e64f63447a5a99c68cb9e89392517d27b8ac80b8cd885
C:\Users\koush\OneDrive\Documents\archive (4)\Dataset\Optimistic\OP_110.jpg,Optimistic,True,2033,531,RGB,5b05fd889fcdab858feea1817baf778c4820d815bd65728629539e0a9e076d56
C:\Users\koush\OneDrive\Documents\archive (4)\Dataset\Optimistic\OP_111.jpg,Optimistic,True,1192,478,RGB,b960519ac48520bcebfcced311fec71883b53ec5fd5e99bbdb0cc54fb8f83fa8
C:\Users\koush\OneDrive\Documents\archive (4)\Dataset\Optimistic\OP_112.jpg,Optimistic,True,1390,565,RGB,52a4ed928f15da8ac10d8eaf36df09b16b14d673998bdcb6c19766eb435d1397
C:\Users\koush\OneDrive\Documents\archive (4)\Dataset\Optimistic\OP_113.jpg,Optimistic,True,2346,621,RGB,1a364a910c4dfc5196a0124784e2c1fe08a71da152811fb22ff72fe4ac895c34
C:\Users\koush\OneDrive\Documents\archive (4)\Dataset\Optimistic\OP_114.jpg,Optimistic,True,1432,466,RGB,352ae56cd63f0fcacf65ea1f32246839c53e562f56949fa818e6218d372f80a4
C:\Users\koush\OneDrive\Documents\archive (4)\Dataset\Optimistic\OP_115.jpg,Optimistic,True,1367,646,RGB,5991ca80914d0e8fb8f289e09a1a3ff7ab5ed9c3c000bfa4e1c323d3c4fb5f45
C:\Users\koush\OneDrive\Documents\archive (4)\Dataset\Optimistic\OP_116.jpg,Optimistic,True,1615,482,RGB,fc004c99aad0e15b61813f56426029d251644c336a82043cf8e5a41ffc3d1ef7
C:\Users\koush\OneDrive\Documents\archive (4)\Dataset\Optimistic\OP_117.jpg,Optimistic,True,1004,449,RGB,3fd7243e739ec0f82ed1c37fea5d9e7be28e64fe90a4050784da0d23016c530e
C:\Users\koush\OneDrive\Documents\archive (4)\Dataset\Optimistic\OP_118.jpg,Optimistic,True,1007,434,RGB,124431bc5b0f7ec373caeb347abfecf7714b795116450100ba32dabc7d5f1d12
C:\Users\koush\OneDrive\Documents\archive (4)\Dataset\Optimistic\OP_119.jpg,Optimistic,True,1506,424,RGB,b3d2b5d3668ae7a6cb6a0c0195e23a08bf1749a2c59bc14997a20c75fed88eae
C:\Users\koush\OneDrive\Documents\archive (4)\Dataset\Optimistic\OP_12.jpg,Optimistic,True,1591,569,RGB,07f07fa41b703bdc2fe0e0272f6867da020dac6c96874eb33fb7305cb4578665
C:\Users\koush\OneDrive\Documents\archive (4)\Dataset\Optimistic\OP_120.jpg,Optimistic,True,1451,442,RGB,2bc8d538598e6a55b8bfc5957189f8416764a55b09ede556fcd6d39f48e9bf2e
C:\Users\koush\OneDrive\Documents\archive (4)\Dataset\Optimistic\OP_121.jpg,Optimistic,True,1594,572,RGB,65fedfb319de65de9e2ca071ae92e510d551f7e951622a8e2a7144b49d4e939f
C:\Users\koush\OneDrive\Documents\archive (4)\Dataset\Optimistic\OP_122.jpg,Optimistic,True,2357,473,RGB,f1b2108ce24961a7cf75add85da730e9495c9bdfc0e7fac7096318adf17d86c3
C:\Users\koush\OneDrive\Documents\archive (4)\Dataset\Optimistic\OP_123.jpg,Optimistic,True,1039,468,RGB,2692a49c012715b6ee15a98107ee86f8f137c2c7bd855e772364d4187d57c6ab
C:\Users\koush\OneDrive\Documents\archive (4)\Dataset\Optimistic\OP_124.jpg,Optimistic,True,1943,743,RGB,728d3593f9aa3c7a0cff6505d68ec1174767407ad90191eb80d220c8a339da19
C:\Users\koush\OneDrive\Documents\archive (4)\Dataset\Optimistic\OP_125.jpg,Optimistic,True,2209,514,RGB,ce5e143b11ffc25a69a26919d69b54d1a64bafa3bd669e192a34476eba91a366
C:\Users\koush\OneDrive\Documents\archive (4)\Dataset\Optimistic\OP_126.jpg,Optimistic,True,1299,421,RGB,be5dae9f0fc99e2224819db22d4c91fea06ab0ee2a6722da98a068a51356b1b9
C:\Users\koush\OneDrive\Documents\archive (4)\Dataset\Optimistic\OP_127.jpg,Optimistic,True,1434,684,RGB,502698cc2be76d00229ca694467504db9e3d7be768331c6818a94257ba7ead87
C:\Users\koush\OneDrive\Documents\archive (4)\Dataset\Optimistic\OP_128.jpg,Optimistic,True,1958,483,RGB,f732ab0726e91eec2dfa6df91cdfd9bad61c8229e0f17189159b6d237ac1cbe5
C:\Users\koush\OneDrive\Documents\archive (4)\Dataset\Optimistic\OP_129.jpg,Optimistic,True,1656,386,RGB,726880f487cede7ec563d974454cdf66386e9fe4aa00fba73877c40843c97d23
C:\Users\koush\OneDrive\Documents\archive (4)\Dataset\Optimistic\OP_13.jpg,Optimistic,True,1003,557,RGB,a6fdec6cf2e0fbc0f28d12884587fc2cf1ce4dc6e58064436c7a2fac774274ff
C:\Users\koush\OneDrive\Documents\archive (4)\Dataset\Optimistic\OP_130.jpg,Optimistic,True,1297,629,RGB,c7bac15abba506804ab4b882c144a57793cedc7feccc1603223feffc4873c2f8
C:\Users\koush\OneDrive\Documents\archive (4)\Dataset\Optimistic\OP_131.jpg,Optimistic,True,2125,570,RGB,dd72e85371a561935b05594f78b06b73fd34c1ceff93c5c773ac01555f80abb1
C:\Users\koush\OneDrive\Documents\archive (4)\Dataset\Optimistic\OP_132.jpg,Optimistic,True,1430,414,RGB,dbf6d5ae0731615b71189ceed0b41ca1f3f5cc9d81970ac0b068c11625269a43
C:\Users\koush\OneDrive\Documents\archive (4)\Dataset\Optimistic\OP_133.jpg,Optimistic,True,1333,573,RGB,626d7bf6354b681f695613b4919e6bffa0d5c600277b49e9cdeff4279668da29
C:\Users\koush\OneDrive\Documents\archive (4)\Dataset\Optimistic\OP_134.jpg,Optimistic,True,1956,480,RGB,c305239a65d8b7b46e0f2f5dfe07ff515d98246af8b000660b633a2129232380
C:\Users\koush\OneDrive\Documents\archive (4)\Dataset\Optimistic\OP_135.jpg,Optimistic,True,1423,413,RGB,1344300e638f5d9ed134a5693ccf59bd74e8f2a7ae28907c538abaa9d325c835
C:\Users\koush\OneDrive\Documents\archive (4)\Dataset\Optimistic\OP_136.jpg,Optimistic,True,1160,554,RGB,595c4a228a61fc7287f66dc70ef89f621d123f8148778b24aa4e8118ea764014
C:\Users\koush\OneDrive\Documents\archive (4)\Dataset\Optimistic\OP_137.jpg,Optimistic,True,2047,604,RGB,3b0c98a4bfd834906f983ce111a0a62c87688d2186547d0063b3c3b136cfa071
C:\Users\koush\OneDrive\Documents\archive (4)\Dataset\Optimistic\OP_138.jpg,Optimistic,True,788,272,RGB,677e02cb9342a7c4d762654ce6d8125753f8d053b3f78e2eee5c8225ca0d9821
C:\Users\koush\OneDrive\Documents\archive (4)\Dataset\Optimistic\OP_139.jpg,Optimistic,True,1402,685,RGB,0b71500d7a440e7bde84fc9c753f758ca62f4a2226b7e5b683a97fa6e0777854
C:\Users\koush\OneDrive\Documents\archive (4)\Dataset\Optimistic\OP_14.jpg,Optimistic,True,1169,480,RGB,f88d87a42ab97b8aab8614b9a61c6085a1538c377a7bac1c998195b84c5f0292
C:\Users\koush\OneDrive\Documents\archive (4)\Dataset\Optimistic\OP_140.jpg,Optimistic,True,2387,692,RGB,d33f190089e821c5281ce18c72a38938761b25fde6d679cd0dd48616f9b47010
C:\Users\koush\OneDrive\Documents\archive (4)\Dataset\Optimistic\OP_141.jpg,Optimistic,True,782,309,RGB,8c3d337a09664d19638acb9c146f79c02a17334aea71a9ff39bd79604f84aa51
C:\Users\koush\OneDrive\Documents\archive (4)\Dataset\Optimistic\OP_142.jpg,Optimistic,True,1353,576,RGB,07dd29f7345c8958425d70f5baf8f313776464f8fa3492de4013b2caf1bc77eb
C:\Users\koush\OneDrive\Documents\archive (4)\Dataset\Optimistic\OP_143.jpg,Optimistic,True,1666,551,RGB,cfb79574ab1c36a4f5c2f6b875dacb72e38d22efd89d9834fb65d5d1ce995d24
C:\Users\koush\OneDrive\Documents\archive (4)\Dataset\Optimistic\OP_144.jpg,Optimistic,True,1581,436,RGB,ddc162768d44cc40d39ec84158a7eec8f80fdddcd4132c175639c5adebb433c9
C:\Users\koush\OneDrive\Documents\archive (4)\Dataset\Optimistic\OP_145.jpg,Optimistic,True,1509,735,RGB,0c1437fc6fd58f2b0143984cd0cc438ce5457f1be3f77de77af5448840b7ae0b
C:\Users\koush\OneDrive\Documents\archive (4)\Dataset\Optimistic\OP_146.jpg,Optimistic,True,1852,469,RGB,b581fc3a0c02b6eec1f895fc372e078f64b7cd9c2ef02a6c66beada0603ee7d3
C:\Users\koush\OneDrive\Documents\archive (4)\Dataset\Optimistic\OP_147.jpg,Optimistic,True,1232,519,RGB,d2899b031c55933f82901c0f8f4196f2eb5b56cfe290e0d7af42cd14e1993c3a
C:\Users\koush\OneDrive\Documents\archive (4)\Dataset\Optimistic\OP_148.jpg,Optimistic,True,1676,580,RGB,e5a67e3479017a269092ba1050f39cb71e9486176d87c2bc5ebb70ad6ba5ea08
C:\Users\koush\OneDrive\Documents\archive (4)\Dataset\Optimistic\OP_149.jpg,Optimistic,True,1949,567,RGB,75ff8e106d7997cbebb49975060fab57d991029f39dbf5c17122c3cd5e4825a4
C:\Users\koush\OneDrive\Documents\archive (4)\Dataset\Optimistic\OP_15.jpg,Optimistic,True,1512,517,RGB,4aadde8f4b2f49482ca94f01480a605822f5171189e1dafbb50613f4afbfe74e
C:\Users\koush\OneDrive\Documents\archive (4)\Dataset\Optimistic\OP_150.jpg,Optimistic,True,1230,398,RGB,8ec88e53c3d14d0b12e4a590923f8024ec431851460e3163f13f2ce2088791ac
C:\Users\koush\OneDrive\Documents\archive (4)\Dataset\Optimistic\OP_151.jpg,Optimistic,True,1334,837,RGB,8cab15a08b6df1ef8a9abaae1a7a3840213625888210029c51a0f5461ed80202
C:\Users\koush\OneDrive\Documents\archive (4)\Dataset\Optimistic\OP_152.jpg,Optimistic,True,2242,1096,RGB,0ab0a42f9779584da8a13f74101427479c868e329f8c4c3dcc3c3005d220bf6c
C:\Users\koush\OneDrive\Documents\archive (4)\Dataset\Optimistic\OP_153.jpg,Optimistic,True,2175,734,RGB,eb00cb75b4f363168e6deadd486a996358eaae419273c3faad4795c647e7bfaa
C:\Users\koush\OneDrive\Documents\archive (4)\Dataset\Optimistic\OP_154.jpg,Optimistic,True,661,361,RGB,99229b32bce5461bed74a49468fb97ef656c444ef004289e8580df8acc50558b
C:\Users\koush\OneDrive\Documents\archive (4)\Dataset\Optimistic\OP_155.jpg,Optimistic,True,720,344,RGB,850ac77d981bd4a8bf4c9714b94f27d5ce2ac7c04b6481f753500ff3d9302711
C:\Users\koush\OneDrive\Documents\archive (4)\Dataset\Optimistic\OP_156.jpg,Optimistic,True,2120,747,RGB,ff4d15663422426ccab57c8826bec983a2124de2ad11a3913f42362d2db0dcbb
C:\Users\koush\OneDrive\Documents\archive (4)\Dataset\Optimistic\OP_157.jpg,Optimistic,True,944,488,RGB,db9c182fcff3715e168fbfe37c3f24c356a982329b2455100bd144dd0a63b578
C:\Users\koush\OneDrive\Documents\archive (4)\Dataset\Optimistic\OP_158.jpg,Optimistic,True,1356,571,RGB,51f6ff76d900c93ba1d600e528547ba2d74e9470f898d8387a0389c8f3e9c28b
C:\Users\koush\OneDrive\Documents\archive (4)\Dataset\Optimistic\OP_159.jpg,Optimistic,True,479,1217,RGB,aaa6b988bf8b647b99f2d415405b8d37c56ba25d5f453bc9e0e2db452cc6137a
C:\Users\koush\OneDrive\Documents\archive (4)\Dataset\Optimistic\OP_16.jpg,Optimistic,True,1142,700,RGB,8a677c7fb9c3d5d834e2a0a4c1b2df3bb8d530318d45bdb891307d7208000ba0
C:\Users\koush\OneDrive\Documents\archive (4)\Dataset\Optimistic\OP_160.jpg,Optimistic,True,884,428,RGB,2ab233b531385afcfafee85f06e1bd2bcc6eca8a012b72222b5de8520c0a2d23
C:\Users\koush\OneDrive\Documents\archive (4)\Dataset\Optimistic\OP_161.jpg,Optimistic,True,899,379,RGB,c8f8dffdea9b10af35268083828ef864ddb242752bd9d852e58f8228659b7c08
C:\Users\koush\OneDrive\Documents\archive (4)\Dataset\Optimistic\OP_162.jpg,Optimistic,True,2152,626,RGB,100864a780c8c68e460b07cebf6a1c5ed5afdd433028d826e31e37efc3914f8c
C:\Users\koush\OneDrive\Documents\archive (4)\Dataset\Optimistic\OP_163.jpg,Optimistic,True,950,535,RGB,05ace2dc1c851fa558ef0eb25390b4be6ef583f4c31c0c45c35cb02758533b86
C:\Users\koush\OneDrive\Documents\archive (4)\Dataset\Optimistic\OP_164.jpg,Optimistic,True,1169,490,RGB,e67e6d9e456c2d974fe00c8a3487d65be5643ece58dde5fb7fa88c0117d542fa
C:\Users\koush\OneDrive\Documents\archive (4)\Dataset\Optimistic\OP_165.jpg,Optimistic,True,1678,490,RGB,13b635caa66e83dc5cc42e508f119f70a5e9ea220c8bcc66601a21f3919c53db
C:\Users\koush\OneDrive\Documents\archive (4)\Dataset\Optimistic\OP_166.jpg,Optimistic,True,1138,664,RGB,22e9be2adbb83101ce1de48faf4f76171b44dffc4480d50209d142e904ef067c
C:\Users\koush\OneDrive\Documents\archive (4)\Dataset\Optimistic\OP_167.jpg,Optimistic,True,1225,515,RGB,51496ac57961213d892ccd0519f514008532c3558d39ec589a93cbfd09c8e61a
C:\Users\koush\OneDrive\Documents\archive (4)\Dataset\Optimistic\OP_168.jpg,Optimistic,True,1034,371,RGB,03de52f973f45dbb7eea15529c96d082101cac7dee6c412667d9bbe4b6265eee
C:\Users\koush\OneDrive\Documents\archive (4)\Dataset\Optimistic\OP_169.jpg,Optimistic,True,1002,620,RGB,c263e470af750947c9a5c97c57da7ec495614d3fecee6e2a100b37c7d93eed22
C:\Users\koush\OneDrive\Documents\archive (4)\Dataset\Optimistic\OP_17.jpg,Optimistic,True,1214,499,RGB,7b7655859c84592a4fd7bda9a0c80511c61bd50928739dbd4de42e9ca1fcc630
C:\Users\koush\OneDrive\Documents\archive (4)\Dataset\Optimistic\OP_170.jpg,Optimistic,True,1534,620,RGB,36b19f9fed72d73dfed7c5cc8ae156f6fc6ffb550c8903d5008faa0930eecde8
C:\Users\koush\OneDrive\Documents\archive (4)\Dataset\Optimistic\OP_171.jpg,Optimistic,True,1737,458,RGB,0a87bfcab908392bb987a74d392127e471c30a2d08abf66352ae2ebbd0e6df36
C:\Users\koush\OneDrive\Documents\archive (4)\Dataset\Optimistic\OP_172.jpg,Optimistic,True,910,475,RGB,cbd05992990b909ce929d7fd5249a3122243d38540e4d04b692ce73e85515c7b
C:\Users\koush\OneDrive\Documents\archive (4)\Dataset\Optimistic\OP_173.jpg,Optimistic,True,1326,629,RGB,9dfb972d701e1b7805b91f80d256666c04b8e672e758a17665459d030cd7cc5b
C:\Users\koush\OneDrive\Documents\archive (4)\Dataset\Optimistic\OP_174.jpg,Optimistic,True,2033,555,RGB,66b13fbd64d7eb7d29444ff62c63c97d61888200703faf6f0d30f46958e21531
C:\Users\koush\OneDrive\Documents\archive (4)\Dataset\Optimistic\OP_175.jpg,Optimistic,True,777,476,RGB,d795211de39c3ef6786c4e9c751a69b7aaa34b2e7c85d476d98fbcd7a53d0821
C:\Users\koush\OneDrive\Documents\archive (4)\Dataset\Optimistic\OP_176.jpg,Optimistic,True,1418,632,RGB,a21df32fd276860d59b066b1003f133632e1521811bac8104008cceb3d25ef38
C:\Users\koush\OneDrive\Documents\archive (4)\Dataset\Optimistic\OP_177.jpg,Optimistic,True,2244,518,RGB,bdf74c9ebbcbfbd57281c80c028e0007fd93df4349616407844b072014efee27
C:\Users\koush\OneDrive\Documents\archive (4)\Dataset\Optimistic\OP_178.jpg,Optimistic,True,583,361,RGB,c486face73fb39982773a74a1501e3a3fbdbda0edb4d9f74b660280ecfd9d04a
C:\Users\koush\OneDrive\Documents\archive (4)\Dataset\Optimistic\OP_179.jpg,Optimistic,True,887,387,RGB,bc7a2f950b9b3a11966fa742a5a247182721987f978d36414778cfdaed67d93d
C:\Users\koush\OneDrive\Documents\archive (4)\Dataset\Optimistic\OP_18.jpg,Optimistic,True,1255,441,RGB,1ef5389984f0da5f61d32188747fe50bf7b088e7c794b877987de3ccfc0b512f
C:\Users\koush\OneDrive\Documents\archive (4)\Dataset\Optimistic\OP_180.jpg,Optimistic,True,2090,611,RGB,dac0563c393fd3ae13258e29223fc20736d2fdacf6f4f75ec1e1aa1bd0f7b235
C:\Users\koush\OneDrive\Documents\archive (4)\Dataset\Optimistic\OP_181.jpg,Optimistic,True,799,413,RGB,259777e4f04dbc0c72be42e5a3b75742b732794abaea8d480a53687ab1369bae
C:\Users\koush\OneDrive\Documents\archive (4)\Dataset\Optimistic\OP_182.jpg,Optimistic,True,932,382,RGB,82f8c0d260c43547543b360f162bfb73bf5467b6b5fff7220ca159805aea8441
C:\Users\koush\OneDrive\Documents\archive (4)\Dataset\Optimistic\OP_183.jpg,Optimistic,True,2271,623,RGB,f72a0e9e156aa81ef09920b9b34cd5af2b58f665796c562210e57fff3c53d6ae
C:\Users\koush\OneDrive\Documents\archive (4)\Dataset\Optimistic\OP_184.jpg,Optimistic,True,896,462,RGB,a6e82ed11e1abc0ef5b0d64ae8e9240ff8f90f60b16ec886cdaec578f5a449e0
C:\Users\koush\OneDrive\Documents\archive (4)\Dataset\Optimistic\OP_185.jpg,Optimistic,True,986,490,RGB,b5e47027ee6d8eb529d7ce0dbae317d6717840ddf92e7fa8dc42b9cef0d9a8f7
C:\Users\koush\OneDrive\Documents\archive (4)\Dataset\Optimistic\OP_186.jpg,Optimistic,True,2446,652,RGB,0420884ff008ed9238d300a75995f3c9da1f2e8786814a4513eec5f4687f5f06
C:\Users\koush\OneDrive\Documents\archive (4)\Dataset\Optimistic\OP_187.jpg,Optimistic,True,802,441,RGB,299457026f8619e1277904aa5e4c71fc15a55bc9f899a17eed410fa4f29368c7
C:\Users\koush\OneDrive\Documents\archive (4)\Dataset\Optimistic\OP_188.jpg,Optimistic,True,975,443,RGB,fdf780d947b8dc1e77286e75bbf79aabd85441b322295e30a8df493e0f4b908b
C:\Users\koush\OneDrive\Documents\archive (4)\Dataset\Optimistic\OP_189.jpg,Optimistic,True,2410,644,RGB,812c38d27cf120a13cd887bce666625b50a9c73ae648468f164331d06d0d4cd4
C:\Users\koush\OneDrive\Documents\archive (4)\Dataset\Optimistic\OP_19.jpg,Optimistic,True,1134,679,RGB,4cb5649aa9adad7afc733050c90769a13456abc2bfb8723f6d4f15331c9da1b9
C:\Users\koush\OneDrive\Documents\archive (4)\Dataset\Optimistic\OP_190.jpg,Optimistic,True,834,420,RGB,4cd6c1ce973e49dd383c260449e60d4a819bbacaaebdf8dede4db6d98b1ae65d
C:\Users\koush\OneDrive\Documents\archive (4)\Dataset\Optimistic\OP_191.jpg,Optimistic,True,1037,349,RGB,58da605030c9259f658245124f38fad3afdd5ada37e66545b4b35e8c3d82d186
C:\Users\koush\OneDrive\Documents\archive (4)\Dataset\Optimistic\OP_192.jpg,Optimistic,True,2112,597,RGB,e5df6eb46e38d5863adc86ea2625dac44ce94f03ab397cb9318fc7cc0b8d82ec
C:\Users\koush\OneDrive\Documents\archive (4)\Dataset\Optimistic\OP_193.jpg,Optimistic,True,677,293,RGB,0f6c39c583b994e5233a42874fd6ee56bbf5a9ea2c32023aaabbe2d763d55a9e
C:\Users\koush\OneDrive\Documents\archive (4)\Dataset\Optimistic\OP_194.jpg,Optimistic,True,1381,570,RGB,98de76f8d9453c90afc9e6afaa9da94504bcad36be00a396b513101ec376eaeb
C:\Users\koush\OneDrive\Documents\archive (4)\Dataset\Optimistic\OP_195.jpg,Optimistic,True,1481,486,RGB,71ceb8ab9bf8c9e38cce57acbc4ba6d5d2816665401a54021f93a1c620e4b766
C:\Users\koush\OneDrive\Documents\archive (4)\Dataset\Optimistic\OP_196.jpg,Optimistic,True,921,490,RGB,c8c00b302406920fdb76a2083fd6002f88fda7aebf56eddeadf2eb5ccde84b0c
C:\Users\koush\OneDrive\Documents\archive (4)\Dataset\Optimistic\OP_197.jpg,Optimistic,True,1153,416,RGB,ad069b02683b50fc17ac6b63038ed7a5d6ac78675cbc84145ed3ae681e0d931f
C:\Users\koush\OneDrive\Documents\archive (4)\Dataset\Optimistic\OP_198.jpg,Optimistic,True,1337,447,RGB,a1ee3b4b02380cc08c542098c4d3f8eb5c2dcf897e73601cd61d7c9bde75ec1c
C:\Users\koush\OneDrive\Documents\archive (4)\Dataset\Optimistic\OP_199.jpg,Optimistic,True,871,566,RGB,81735635f3154d0d2390f35624fd428dea44afd0fd984cd106d9e3a84caaa2e7
C:\Users\koush\OneDrive\Documents\archive (4)\Dataset\Optimistic\OP_2.jpg,Optimistic,True,2225,1044,RGB,5cfae4ab5b8ca2c421d252d6659f2a0287bc4f860fedae3fdbd1e5caa90a893f
C:\Users\koush\OneDrive\Documents\archive (4)\Dataset\Optimistic\OP_20.jpg,Optimistic,True,1539,568,RGB,2626eec91d8f32fd3c0aacf06a610d84d2da0df0d06d57345d27e25e45a105ab
C:\Users\koush\OneDrive\Documents\archive (4)\Dataset\Optimistic\OP_200.jpg,Optimistic,True,1513,576,RGB,ec29341eefc04e2a529dc3effb67e0abb0f139ff7eddecabf0150ffdefbeafb6
C:\Users\koush\OneDrive\Documents\archive (4)\Dataset\Optimistic\OP_201.jpg,Optimistic,True,1192,478,RGB,555e5e45d207421c5eae8a5e243df7c2cc32708ebc160355e34b2fb4a41a60e1
C:\Users\koush\OneDrive\Documents\archive (4)\Dataset\Optimistic\OP_202.jpg,Optimistic,True,566,319,RGB,f433b92dcccaf46e51b187276d57ff85f3bff1d8135b2747f17bb44a0f4adc21
C:\Users\koush\OneDrive\Documents\archive (4)\Dataset\Optimistic\OP_203.jpg,Optimistic,True,1290,486,RGB,55a87f7b4e1e3a968d950d0b0157a0e81faf73dca5cdab45e9c20665daf17669
C:\Users\koush\OneDrive\Documents\archive (4)\Dataset\Optimistic\OP_204.jpg,Optimistic,True,1432,466,RGB,cc3b9c5fdd3daecb47a82edd6d2c5703c2beb80a82a651e133135d824764fa11
C:\Users\koush\OneDrive\Documents\archive (4)\Dataset\Optimistic\OP_205.jpg,Optimistic,True,873,472,RGB,a25f89a8b41426bc7d6254b492693a33ac74a8f609bc94ce899c0b263bf54f77
C:\Users\koush\OneDrive\Documents\archive (4)\Dataset\Optimistic\OP_206.jpg,Optimistic,True,1057,450,RGB,4d2384df0d58031516eea47cf028238852e254f2c07df2fdd713d650f8433b8f
C:\Users\koush\OneDrive\Documents\archive (4)\Dataset\Optimistic\OP_207.jpg,Optimistic,True,1004,449,RGB,c54c2618524dbe2d1092ff2d7345f8d7c5551954afe1b992cc5121f38485d72a
C:\Users\koush\OneDrive\Documents\archive (4)\Dataset\Optimistic\OP_208.jpg,Optimistic,True,1517,947,RGB,38de7e799f3dd44c39b862b9027300c1077b9d9e8bbed7958d87fc9ab3fb26e8
C:\Users\koush\OneDrive\Documents\archive (4)\Dataset\Optimistic\OP_209.jpg,Optimistic,True,828,351,RGB,7a5dc556b230aa50b116a49ec389cbd70b9ed5ac0a61a0a39010e8c54395cc12
C:\Users\koush\OneDrive\Documents\archive (4)\Dataset\Optimistic\OP_21.jpg,Optimistic,True,1123,447,RGB,31525945862151c15d134b4d06d0c7c76797a19599df1aba0526efe8f4074bb3
C:\Users\koush\OneDrive\Documents\archive (4)\Dataset\Optimistic\OP_210.jpg,Optimistic,True,1114,501,RGB,f9e40ae4994648f909d9b3ca9421a2587914b51da5c4b3857bc1058a9b6c49d3
C:\Users\koush\OneDrive\Documents\archive (4)\Dataset\Optimistic\OP_211.jpg,Optimistic,True,542,269,RGB,016c1d497d8aeb15147d77d15c31e1a6a10c83739c12be175f2d91c25c8c6a21
C:\Users\koush\OneDrive\Documents\archive (4)\Dataset\Optimistic\OP_212.jpg,Optimistic,True,636,233,RGB,1d10e2fbe83caedb11a5622d23c4f6ccc1d62e56707f9d8ef86ad01028528b7f
C:\Users\koush\OneDrive\Documents\archive (4)\Dataset\Optimistic\OP_213.jpg,Optimistic,True,1121,534,RGB,4807215b20096392ac81be8b6cd673f5788baf60e6aef0a8c489f6c3cd7cfdf9
C:\Users\koush\OneDrive\Documents\archive (4)\Dataset\Optimistic\OP_214.jpg,Optimistic,True,430,206,RGB,7c900d8406e8334867a81c3e16580b9bcc902787dd73f6f1ff587ced2bd3c367
C:\Users\koush\OneDrive\Documents\archive (4)\Dataset\Optimistic\OP_215.jpg,Optimistic,True,571,235,RGB,05b286fe456763423658025b8d807dd042ac4160771e651e044a08cd4bee776c
C:\Users\koush\OneDrive\Documents\archive (4)\Dataset\Optimistic\OP_216.jpg,Optimistic,True,1174,556,RGB,48026e0d38b8bf4341f9b6be03761f8817a7580b029fb588e22c9204cbd0641d
C:\Users\koush\OneDrive\Documents\archive (4)\Dataset\Optimistic\OP_217.jpg,Optimistic,True,731,361,RGB,797de10a1bb4e28625ef0cfc3e6265dc894e9127f26a9fc21a19c8585a9a2820
C:\Users\koush\OneDrive\Documents\archive (4)\Dataset\Optimistic\OP_218.jpg,Optimistic,True,811,294,RGB,197990291bb469aff6c317cd0a64e0d72fb9e235e8a0d4a1b225aabec791241d
C:\Users\koush\OneDrive\Documents\archive (4)\Dataset\Optimistic\OP_219.jpg,Optimistic,True,1299,421,RGB,a7c90e8e907b6172f6a0bbe6acb67cd8cdbc1c591ac809b3680c3fd7c60a07bc
C:\Users\koush\OneDrive\Documents\archive (4)\Dataset\Optimistic\OP_22.jpg,Optimistic,True,883,476,RGB,dae32207199721abd5c4820482278949bf3a878c4480f265f4b99bfc195f166d
C:\Users\koush\OneDrive\Documents\archive (4)\Dataset\Optimistic\OP_220.jpg,Optimistic,True,613,288,RGB,f834b521b5711a0d59a3dcf42204d20f704361a8758b65ed40a45d4fff55a1ef
C:\Users\koush\OneDrive\Documents\archive (4)\Dataset\Optimistic\OP_221.jpg,Optimistic,True,975,378,RGB,20b843d4fe2ad5733465ccf1445e00c7eb255e6fee5f21f41076a10f2af63d84
C:\Users\koush\OneDrive\Documents\archive (4)\Dataset\Optimistic\OP_222.jpg,Optimistic,True,997,380,RGB,4bace935d3e8d39810447eabfadbebe58a43edf0a403856efc73796d235f0993
C:\Users\koush\OneDrive\Documents\archive (4)\Dataset\Optimistic\OP_223.jpg,Optimistic,True,786,421,RGB,b0c842a7e73aa268b5875eb27d9c6a4485703c3cac97773a55bc0b03e9acc637
C:\Users\koush\OneDrive\Documents\archive (4)\Dataset\Optimistic\OP_224.jpg,Optimistic,True,1116,370,RGB,c16ec7b625accdf62fdf5c79dfb32c9162b8f5c1885b5054e69adfdfffd6d61d
C:\Users\koush\OneDrive\Documents\archive (4)\Dataset\Optimistic\OP_225.jpg,Optimistic,True,259,760,RGB,6f64450e2145f4ae3e462b02b8f82c1c85dfbadc7f39313628d240707058cf35
C:\Users\koush\OneDrive\Documents\archive (4)\Dataset\Optimistic\OP_226.jpg,Optimistic,True,286,168,RGB,ad8458b3825f121ed218d6cd50d0888aba6e060b608f54206ba40f52a514f062
C:\Users\koush\OneDrive\Documents\archive (4)\Dataset\Optimistic\OP_227.jpg,Optimistic,True,394,128,RGB,721d18732a9ed9c4fb482556694da63774a458df6d7dbb0fddc7c423d867a7d9
C:\Users\koush\OneDrive\Documents\archive (4)\Dataset\Optimistic\OP_228.jpg,Optimistic,True,387,746,RGB,3f3f25b80b1f660bafa1660f5a78d6686de2cba95fe9788388ae4130bed0b1dd
C:\Users\koush\OneDrive\Documents\archive (4)\Dataset\Optimistic\OP_229.jpg,Optimistic,True,295,104,RGB,d854591fa192204dbb1b105b77a552873fe4ea03271dab835ab891d8b0d2700d
C:\Users\koush\OneDrive\Documents\archive (4)\Dataset\Optimistic\OP_23.jpg,Optimistic,True,1305,632,RGB,63a02bbef5d02eeea4856fffd72d3b2301c99588e8e03db6e5dc1d38b7434864
C:\Users\koush\OneDrive\Documents\archive (4)\Dataset\Optimistic\OP_230.jpg,Optimistic,True,370,114,RGB,ae3ed5072773bd96c3e20107ab62e554513041bb96ea859a5d4ce5ae8046846c
C:\Users\koush\OneDrive\Documents\archive (4)\Dataset\Optimistic\OP_231.jpg,Optimistic,True,1232,519,RGB,836e002da1cb9066f99b8f425b89685a215aa4d0a0d2759c46dd6ff26a09736e
C:\Users\koush\OneDrive\Documents\archive (4)\Dataset\Optimistic\OP_232.jpg,Optimistic,True,273,123,RGB,02cf71b00b502b9a9ff2b425bad74cf0e9e429e4d897798b89f6ebcd06b44ef7
C:\Users\koush\OneDrive\Documents\archive (4)\Dataset\Optimistic\OP_233.jpg,Optimistic,True,364,133,RGB,11f2fc812e26ad98122a43cd233264338798e2c4285144d7762b4edadca56c86
C:\Users\koush\OneDrive\Documents\archive (4)\Dataset\Optimistic\OP_234.jpg,Optimistic,True,1048,527,RGB,f687cedb04741b8ddd93bc69db74e3e6cf9542f12ff9e09fb7fbe7147c958237
C:\Users\koush\OneDrive\Documents\archive (4)\Dataset\Optimistic\OP_235.jpg,Optimistic,True,325,206,RGB,c513349700fb8943a0ae0bcecc00007ab4fcffddccb08fa6cf6f8a02d2ae755f
C:\Users\koush\OneDrive\Documents\archive (4)\Dataset\Optimistic\OP_236.jpg,Optimistic,True,460,236,RGB,d2215a288557196eb329e4918637df9d371b4ae2693bc2932c48a00232084dae
C:\Users\koush\OneDrive\Documents\archive (4)\Dataset\Optimistic\OP_237.jpg,Optimistic,True,1174,556,RGB,fe9353980ca8ce817c7fd940d9c2691e733aceae84489bd52cb2219fc9bb613e
C:\Users\koush\OneDrive\Documents\archive (4)\Dataset\Optimistic\OP_238.jpg,Optimistic,True,647,297,RGB,20373ec54df55a810a748e4ed461ddf746bca2f0136b5792ae91e1704aacb4a2
C:\Users\koush\OneDrive\Documents\archive (4)\Dataset\Optimistic\OP_239.jpg,Optimistic,True,978,332,RGB,e4c0940f4b41232b3220eae1ebe46be37fd7f0a9789d5519215f3835923374ca
C:\Users\koush\OneDrive\Documents\archive (4)\Dataset\Optimistic\OP_24.jpg,Optimistic,True,1432,516,RGB,7836057dcab0d57256acf63d522fa4056f8d5cb9b8ef1406cef397d61f692cd2
C:\Users\koush\OneDrive\Documents\archive (4)\Dataset\Optimistic\OP_240.jpg,Optimistic,True,962,399,RGB,833bd998793904b2fcd07aa91e0364031466edc7efdf7a7cf6cc57fed92aad05
C:\Users\koush\OneDrive\Documents\archive (4)\Dataset\Optimistic\OP_241.jpg,Optimistic,True,530,285,RGB,1d77cbe4e2f550f75223d49055239647cdbc51ca22ad3482719b402b57db4b9e
C:\Users\koush\OneDrive\Documents\archive (4)\Dataset\Optimistic\OP_242.jpg,Optimistic,True,580,257,RGB,befa1ddb90d079b87f268e4a78b92b2593ec854e3db73842f772b9eaa5905969
C:\Users\koush\OneDrive\Documents\archive (4)\Dataset\Optimistic\OP_243.jpg,Optimistic,True,1444,599,RGB,0ace75d8b47342f0fc653c00913099a0c0005c4dc7b92defc4d8292b95dd14bd
C:\Users\koush\OneDrive\Documents\archive (4)\Dataset\Optimistic\OP_244.jpg,Optimistic,True,736,383,RGB,52642630adb107d617153f39d89857f7f61efe41818da5e7f2a2162ca0012876
C:\Users\koush\OneDrive\Documents\archive (4)\Dataset\Optimistic\OP_245.jpg,Optimistic,True,723,280,RGB,2e6bd472df16c0f56b2d5c0af939da336f5ade377a45a6d3ff2d337b6caa9e5a
C:\Users\koush\OneDrive\Documents\archive (4)\Dataset\Optimistic\OP_246.jpg,Optimistic,True,1531,586,RGB,bd27d84b944e1776dfa382c93e722ba8e9abe652d4a267f7443f546b98320f27
C:\Users\koush\OneDrive\Documents\archive (4)\Dataset\Optimistic\OP_247.jpg,Optimistic,True,648,302,RGB,e4bf2977203c51f9c3da6d18de1b6676cd8c2349b75fd67038b3d2cfeedb1002
C:\Users\koush\OneDrive\Documents\archive (4)\Dataset\Optimistic\OP_248.jpg,Optimistic,True,859,332,RGB,bedf6f4deeafad9d43f0024d9ab60a8ccbfd9fc552fb3fb24b02b0360ef1aeb1
C:\Users\koush\OneDrive\Documents\archive (4)\Dataset\Optimistic\OP_249.jpg,Optimistic,True,1428,579,RGB,63da8df048c7b21c428f982b00335bfc873cfde0db854d8273e8afec5ff3b906
C:\Users\koush\OneDrive\Documents\archive (4)\Dataset\Optimistic\OP_25.jpg,Optimistic,True,851,489,RGB,611810850f7816322c84629a8340316c8b230f3fda25a913731d94563ee53e56
C:\Users\koush\OneDrive\Documents\archive (4)\Dataset\Optimistic\OP_250.jpg,Optimistic,True,440,220,RGB,223271522a96053b2fa38272df92ee17a436b5d436bc9072f961759e863e0850
C:\Users\koush\OneDrive\Documents\archive (4)\Dataset\Optimistic\OP_251.jpg,Optimistic,True,574,223,RGB,b19f418560868bf0a30ce75bbdcc34cc87616821a89d0d336d3f7a37c07e7b2e
C:\Users\koush\OneDrive\Documents\archive (4)\Dataset\Optimistic\OP_252.jpg,Optimistic,True,1494,614,RGB,747c7dd4a8051c9a37e417c7ef068c20893af1fbf2f4df42644b20ceedb7c511
C:\Users\koush\OneDrive\Documents\archive (4)\Dataset\Optimistic\OP_253.jpg,Optimistic,True,428,238,RGB,f8f024d4643850abf54670a629df3ba2366a4f35e29feb62a44474c7789d5848
C:\Users\koush\OneDrive\Documents\archive (4)\Dataset\Optimistic\OP_254.jpg,Optimistic,True,554,248,RGB,bb2080408e954ea87296e1107cf99ce9612c185644b308f5a2529fea1794c2d5
C:\Users\koush\OneDrive\Documents\archive (4)\Dataset\Optimistic\OP_255.jpg,Optimistic,True,1048,527,RGB,f687cedb04741b8ddd93bc69db74e3e6cf9542f12ff9e09fb7fbe7147c958237
C:\Users\koush\OneDrive\Documents\archive (4)\Dataset\Optimistic\OP_256.jpg,Optimistic,True,373,237,RGB,623a713e2eae5ee8ebf829ccd5073fd479354803c2585d2c2707015401eb4137
C:\Users\koush\OneDrive\Documents\archive (4)\Dataset\Optimistic\OP_257.jpg,Optimistic,True,557,235,RGB,eebe3cd8f833550b805297452fdfdaafb6f213ad81583fd71f5853267f01de2b
C:\Users\koush\OneDrive\Documents\archive (4)\Dataset\Optimistic\OP_258.jpg,Optimistic,True,1048,527,RGB,7805e287a61c904e613d2a83620741c6d564cb76070348cb22268517721b8a6a
C:\Users\koush\OneDrive\Documents\archive (4)\Dataset\Optimistic\OP_259.jpg,Optimistic,True,685,371,RGB,381531d77a615e26e5a67a872ee3be680df9395b9043d700320f4f8fd760ba17
C:\Users\koush\OneDrive\Documents\archive (4)\Dataset\Optimistic\OP_26.jpg,Optimistic,True,1409,621,RGB,2089364ba9337548fdf9adb957b501663c1a2d84f6b4af01a25cf0fed614c9ff
C:\Users\koush\OneDrive\Documents\archive (4)\Dataset\Optimistic\OP_260.jpg,Optimistic,True,796,339,RGB,4b98cb7e777a976596d833a1cd045c2ac9632bf3f96d981581a2645b5e88a4d3
C:\Users\koush\OneDrive\Documents\archive (4)\Dataset\Optimistic\OP_261.jpg,Optimistic,True,1110,384,RGB,e9ab30b5fc87cc9643e7e0b4e56a6f694adfa148067f2ba587f204ad927ec997
C:\Users\koush\OneDrive\Documents\archive (4)\Dataset\Optimistic\OP_262.jpg,Optimistic,True,617,322,RGB,57e0a9b82ff8fda0e5fbf0251150f07736a37087b607b0c1ee122885a2c307e3
C:\Users\koush\OneDrive\Documents\archive (4)\Dataset\Optimistic\OP_263.jpg,Optimistic,True,816,320,RGB,8194048dd63ad1b522b9febebbd3d580012dfc6f92c478c0b09e6443a619c0bc
C:\Users\koush\OneDrive\Documents\archive (4)\Dataset\Optimistic\OP_264.jpg,Optimistic,True,1054,411,RGB,b1cdc2e774d31330d7e8536fa160b063eb76469efac294ad10b710597f9b544e
C:\Users\koush\OneDrive\Documents\archive (4)\Dataset\Optimistic\OP_265.jpg,Optimistic,True,628,354,RGB,bd8d05075185abaafd7c57847733daca8a49da2f51610b4a79453f1bb2a44076
C:\Users\koush\OneDrive\Documents\archive (4)\Dataset\Optimistic\OP_266.jpg,Optimistic,True,782,335,RGB,97034224142a3c0818c1a78e0b1ec2b3a3815e5dc4c1b42e8f657091b73c0012
C:\Users\koush\OneDrive\Documents\archive (4)\Dataset\Optimistic\OP_267.jpg,Optimistic,True,996,450,RGB,24a553a0f746a19e0c8b87bcab339da103fdb2759a61eeb901c30de022530dc8
C:\Users\koush\OneDrive\Documents\archive (4)\Dataset\Optimistic\OP_268.jpg,Optimistic,True,676,278,RGB,2e8b9676dc3ed9b877dcf8add2841b704c3e9f73f825a4f2c54f4f7d7976ac71
C:\Users\koush\OneDrive\Documents\archive (4)\Dataset\Optimistic\OP_269.jpg,Optimistic,True,916,303,RGB,02eee3c8906fb9f0369de082fb04f3e58ad0e20b9cadb8707a1b9371f876d8f7
C:\Users\koush\OneDrive\Documents\archive (4)\Dataset\Optimistic\OP_27.jpg,Optimistic,True,954,449,RGB,d724f4e7baf740554744d2069b1016e1aeb1860ab4f8d4bd2b4538c17797aeda
C:\Users\koush\OneDrive\Documents\archive (4)\Dataset\Optimistic\OP_270.jpg,Optimistic,True,1208,552,RGB,e8e466511f91423149c0604aa045e21db53cb0f44469226ca039e01ddd89123f
C:\Users\koush\OneDrive\Documents\archive (4)\Dataset\Optimistic\OP_271.jpg,Optimistic,True,774,376,RGB,aa859102384964075718f00b553ada6aa5ea48cee4a22caa96cc24627d35996d
C:\Users\koush\OneDrive\Documents\archive (4)\Dataset\Optimistic\OP_272.jpg,Optimistic,True,857,349,RGB,c4a01e1e63b2ca89b482387dfc4667e619c61d29a9bb7d8bc325afe80a206071
C:\Users\koush\OneDrive\Documents\archive (4)\Dataset\Optimistic\OP_273.jpg,Optimistic,True,975,361,RGB,ac98aa2a8bb9f7e20949cbb0051f693b9b811c097521f08ccb6f76b6a1da0c3d
C:\Users\koush\OneDrive\Documents\archive (4)\Dataset\Optimistic\OP_274.jpg,Optimistic,True,492,308,RGB,adc5d8e769f6245715ba5c9fc929befe6dac48596a95aa08e23352d77a7913e6
C:\Users\koush\OneDrive\Documents\archive (4)\Dataset\Optimistic\OP_275.jpg,Optimistic,True,621,265,RGB,7eb09c5896ad3192a7ea6cabecc9b6c59a54aab7daaaf3f06d0172cc569a8bfe
C:\Users\koush\OneDrive\Documents\archive (4)\Dataset\Optimistic\OP_276.jpg,Optimistic,True,922,390,RGB,07e78ee7320179c05a664837957a1ab49cbf71cf79a2eac22935245ccf899361
C:\Users\koush\OneDrive\Documents\archive (4)\Dataset\Optimistic\OP_277.jpg,Optimistic,True,557,327,RGB,23a8e9579a49392c85ac96d783ea21206f473d59626374e26814294deaacb780
C:\Users\koush\OneDrive\Documents\archive (4)\Dataset\Optimistic\OP_278.jpg,Optimistic,True,648,307,RGB,57eb88b037ebe15ef55269760037f499b4835d3187e75589b3849ce33f1f404f
C:\Users\koush\OneDrive\Documents\archive (4)\Dataset\Optimistic\OP_279.jpg,Optimistic,True,479,1217,RGB,668d68c972b5a20fdc1bc9434f30cc7476c657143b6df280f417373078f9aed4
C:\Users\koush\OneDrive\Documents\archive (4)\Dataset\Optimistic\OP_28.jpg,Optimistic,True,628,382,RGB,23a80a4077f137a871f575eff66cf4db6c456d10dc6214967a1907ea01d9c502
C:\Users\koush\OneDrive\Documents\archive (4)\Dataset\Optimistic\OP_280.jpg,Optimistic,True,642,332,RGB,ab29af0f99dbdf6c646d60a242acb45ac75d1ab6eb33c6e002e6e3231e7b4e16
C:\Users\koush\OneDrive\Documents\archive (4)\Dataset\Optimistic\OP_281.jpg,Optimistic,True,866,385,RGB,d71f23a659cb4dfd5a8a482d69ac72c670dfab074bed0cdc347ac6d2652bf4fb
C:\Users\koush\OneDrive\Documents\archive (4)\Dataset\Optimistic\OP_282.jpg,Optimistic,True,1042,605,RGB,bfdd41a0e81ab643f42c550c3c3f93b86eeff28c1376b7101d35263d40709bda
C:\Users\koush\OneDrive\Documents\archive (4)\Dataset\Optimistic\OP_283.jpg,Optimistic,True,602,367,RGB,60f08a8512d3b1b39afd1878de51989b1ea59ac77d8d4539be7269a76b880aeb
C:\Users\koush\OneDrive\Documents\archive (4)\Dataset\Optimistic\OP_284.jpg,Optimistic,True,780,356,RGB,ea606058de5c73b24c30332db41c0a914227651a0135f723527333c999ef3a2c
C:\Users\koush\OneDrive\Documents\archive (4)\Dataset\Optimistic\OP_285.jpg,Optimistic,True,406,1110,RGB,a3ce9bf4dc0731d34d8c5a04223f4a6d5537fc49a021a71fcecae2c96ad40a1b
C:\Users\koush\OneDrive\Documents\archive (4)\Dataset\Optimistic\OP_286.jpg,Optimistic,True,401,245,RGB,9428d0b21931a65376cdf153153e709ac739d7f1e1ad58f1db524ceed30779ab
C:\Users\koush\OneDrive\Documents\archive (4)\Dataset\Optimistic\OP_287.jpg,Optimistic,True,530,305,RGB,17e88081d0ae5da830fb140fe5750735cca4db40fb530d693b5100f491946df0
C:\Users\koush\OneDrive\Documents\archive (4)\Dataset\Optimistic\OP_288.jpg,Optimistic,True,1711,410,RGB,c5172c265ec67ca8b078166d22a27d3f226de237ef07d9582d046669fdd66815
C:\Users\koush\OneDrive\Documents\archive (4)\Dataset\Optimistic\OP_289.jpg,Optimistic,True,1103,498,RGB,212dc0e1beda80f528cb2b327fa15b7e30d46dcaf77d13f36be2936a3945fba5
C:\Users\koush\OneDrive\Documents\archive (4)\Dataset\Optimistic\OP_29.jpg,Optimistic,True,874,364,RGB,3859de49d797743bdb918649313624738b0d18c28adbf9c9532a57a465386107
C:\Users\koush\OneDrive\Documents\archive (4)\Dataset\Optimistic\OP_290.jpg,Optimistic,True,956,369,RGB,aae2b0061370499db9b35b7e8f818020ae4f630fab92fa758184b61aa7214e9e
C:\Users\koush\OneDrive\Documents\archive (4)\Dataset\Optimistic\OP_291.jpg,Optimistic,True,1392,439,RGB,d0473c850704d6575ce47dcd1b279e446f1e776a17f9b5ea3ac0ac45e9760732
C:\Users\koush\OneDrive\Documents\archive (4)\Dataset\Optimistic\OP_292.jpg,Optimistic,True,558,315,RGB,ebfe697cea777fe2078a0e2d87c0ea103f7bb912b21e628a27cd29d0617f559d
C:\Users\koush\OneDrive\Documents\archive (4)\Dataset\Optimistic\OP_293.jpg,Optimistic,True,840,342,RGB,954ea8ec8be9b2cff72525e34a302d9f843ce02ce429d665b930f3a662f80ea3
C:\Users\koush\OneDrive\Documents\archive (4)\Dataset\Optimistic\OP_294.jpg,Optimistic,True,1237,461,RGB,550154bc5190f615ee69978f4853a024d6d0b4661ecf1ef0f4d14647cd3323f1
C:\Users\koush\OneDrive\Documents\archive (4)\Dataset\Optimistic\OP_295.jpg,Optimistic,True,472,296,RGB,33e08091f8d9f5389b3b93f42bbe11d7ffda09d6c3099b221060e021863eb349
C:\Users\koush\OneDrive\Documents\archive (4)\Dataset\Optimistic\OP_296.jpg,Optimistic,True,484,245,RGB,caa7d1b9c049d49b87bab44eee32f5150e486b1f727ceeb10f195aa9dda504ca
C:\Users\koush\OneDrive\Documents\archive (4)\Dataset\Optimistic\OP_297.jpg,Optimistic,True,816,406,RGB,06dfb834e44b7486f0667e69e8e6995ce9265f4b9d2328fc551536137b3fe5fd
C:\Users\koush\OneDrive\Documents\archive (4)\Dataset\Optimistic\OP_298.jpg,Optimistic,True,438,265,RGB,0a655ff2187608e04e7d6fff89c71428f41a1f431aed4527d431bb15ddc796ef
C:\Users\koush\OneDrive\Documents\archive (4)\Dataset\Optimistic\OP_299.jpg,Optimistic,True,678,285,RGB,36371d6268ada87bdbbf783ad632d40ff9f3626e4cf2def9e927b65631d38237
C:\Users\koush\OneDrive\Documents\archive (4)\Dataset\Optimistic\OP_3.jpg,Optimistic,True,1145,519,RGB,97a77950c018d132dd7b9dd5a0d6c064a5448dcfcde36ce3e521d5c5ce6d8944
C:\Users\koush\OneDrive\Documents\archive (4)\Dataset\Optimistic\OP_30.jpg,Optimistic,True,1343,433,RGB,7ca008983e5816887a8c4a7b31d76bc02dfdc0108c51e3adf92f72b031df4ede
C:\Users\koush\OneDrive\Documents\archive (4)\Dataset\Optimistic\OP_300.jpg,Optimistic,True,1770,388,RGB,d0a850ceb0c98ff9fa45c60a11fe43ec71aeba4c528fef131ef2c4bd17eea831
C:\Users\koush\OneDrive\Documents\archive (4)\Dataset\Optimistic\OP_301.jpg,Optimistic,True,521,272,RGB,650425e6193e6090a0d44086ac33e580ec2cca680acacf7f5058657d66a51b87
C:\Users\koush\OneDrive\Documents\archive (4)\Dataset\Optimistic\OP_302.jpg,Optimistic,True,658,331,RGB,38ac46f0b72eef063781c7a9022b9becc464ebdda2872006073dd93396269152
C:\Users\koush\OneDrive\Documents\archive (4)\Dataset\Optimistic\OP_303.jpg,Optimistic,True,1876,666,RGB,dadf25284f8aaf59cc2e8174232208ca7741eed37b8d6cb0ded0a0cbfe251c52
C:\Users\koush\OneDrive\Documents\archive (4)\Dataset\Optimistic\OP_304.jpg,Optimistic,True,624,349,RGB,c3967a4105ab338bb3ee09097211e67a6f3b5731621a3af907511926205923d0
C:\Users\koush\OneDrive\Documents\archive (4)\Dataset\Optimistic\OP_305.jpg,Optimistic,True,843,439,RGB,4b2664edfe3448fac6ef5a7f9d9dc487da1e2a30bc964493c6fdd8ce8d1e2d34
C:\Users\koush\OneDrive\Documents\archive (4)\Dataset\Optimistic\OP_306.jpg,Optimistic,True,1476,541,RGB,d24164dd7745b2ec0c99042ea3658ba061906a2ab3aef2f5ab31edc05f747ef9
C:\Users\koush\OneDrive\Documents\archive (4)\Dataset\Optimistic\OP_307.jpg,Optimistic,True,653,346,RGB,feee0688a0c1c7bf47a4dc4a14582e788b34a989e1d229b7bcd6c291ef5c5206
C:\Users\koush\OneDrive\Documents\archive (4)\Dataset\Optimistic\OP_308.jpg,Optimistic,True,762,303,RGB,6dc1853b8669a38c019e3fd9127d417b5548cc00c0c37e519baff151a110e871
C:\Users\koush\OneDrive\Documents\archive (4)\Dataset\Optimistic\OP_309.jpg,Optimistic,True,1630,605,RGB,eb3add35c0a2dc6ed0ad67cb1e61aad73fa2d7d0b1dc5bada4463a770479dfd0
C:\Users\koush\OneDrive\Documents\archive (4)\Dataset\Optimistic\OP_31.jpg,Optimistic,True,806,420,RGB,bc6e33f4bad1189a5e184d9cf46f9afb2dbffa0da41233ab4b44031fb8d3bbe8
C:\Users\koush\OneDrive\Documents\archive (4)\Dataset\Optimistic\OP_310.jpg,Optimistic,True,427,292,RGB,f629ce187ba65c2a1ec6ee88b215032c74d3856182ab9d2b308475151162d143
C:\Users\koush\OneDrive\Documents\archive (4)\Dataset\Optimistic\OP_311.jpg,Optimistic,True,441,222,RGB,e06484ed3a22f7c60fee7374f10ceb05f3e7a5c0fa73a926c43eb8d066403a05
C:\Users\koush\OneDrive\Documents\archive (4)\Dataset\Optimistic\OP_312.jpg,Optimistic,True,1192,447,RGB,29197f8fcc8dfcd0e4be60d29274e6ede8cdd01dca1a9b64a6ae2267843143df
C:\Users\koush\OneDrive\Documents\archive (4)\Dataset\Optimistic\OP_313.jpg,Optimistic,True,480,277,RGB,b711992927dd6e970d6b3c339cdf76255858a1b2d5658db602a22b1fd644dd67
C:\Users\koush\OneDrive\Documents\archive (4)\Dataset\Optimistic\OP_314.jpg,Optimistic,True,483,267,RGB,b0841f18392d4d79d5b7268924ca92764fa3ba9e92258b050b692ea121034d59
C:\Users\koush\OneDrive\Documents\archive (4)\Dataset\Optimistic\OP_315.jpg,Optimistic,True,1688,632,RGB,97a539b92142bd4240073df898e5ada327e4266e86facb789c7e7f2fa7a724d1
C:\Users\koush\OneDrive\Documents\archive (4)\Dataset\Optimistic\OP_316.jpg,Optimistic,True,459,269,RGB,8c02e8d34f0c0f7d50c77723a6ea1398c46b03413eda234fae9d47f98932cf0b
C:\Users\koush\OneDrive\Documents\archive (4)\Dataset\Optimistic\OP_317.jpg,Optimistic,True,400,229,RGB,23fbae9aed2b24d16af44086018aac42e337106dc93c4ace74f43e9d92124bfd
C:\Users\koush\OneDrive\Documents\archive (4)\Dataset\Optimistic\OP_318.jpg,Optimistic,True,1827,697,RGB,76217359cec390656279c2d6f98a4e93056fedfe7f9395a28cc3ad286c472c17
C:\Users\koush\OneDrive\Documents\archive (4)\Dataset\Optimistic\OP_319.jpg,Optimistic,True,427,269,RGB,937d7346c437179a06823586de2d6a130d3b5c5af9b7ba4130b35e222b7a1354
C:\Users\koush\OneDrive\Documents\archive (4)\Dataset\Optimistic\OP_32.jpg,Optimistic,True,931,368,RGB,b9c6ec7ce5f7e45d7727a866aa91ae9c91f65f251fd073501cbb5d684f67bd39
C:\Users\koush\OneDrive\Documents\archive (4)\Dataset\Optimistic\OP_320.jpg,Optimistic,True,664,365,RGB,7136c5a64e294855aeb864d5023cc89cbc1a8d4c2dd6cf9abd5aef1e36e31af7
C:\Users\koush\OneDrive\Documents\archive (4)\Dataset\Optimistic\OP_321.jpg,Optimistic,True,1734,642,RGB,1e618fea06d06a13df90c7c515d9ac1f9d6351b312b1eed6e9327ea1335819d9
C:\Users\koush\OneDrive\Documents\archive (4)\Dataset\Optimistic\OP_322.jpg,Optimistic,True,472,269,RGB,13a9aa78a33ce3039b25e629bd569715a52ddffed4f923d33b499bada6b1d827
C:\Users\koush\OneDrive\Documents\archive (4)\Dataset\Optimistic\OP_323.jpg,Optimistic,True,480,278,RGB,f1b3cad6e3d61f08b910a7e79a81588c68a06afa1febbb5fa0c7863d11eb15cf
C:\Users\koush\OneDrive\Documents\archive (4)\Dataset\Optimistic\OP_324.jpg,Optimistic,True,1804,659,RGB,4e40846fec30136ba36312886e403cc7e16268394984c97063a099f1b03461f0
C:\Users\koush\OneDrive\Documents\archive (4)\Dataset\Optimistic\OP_325.jpg,Optimistic,True,611,360,RGB,156b8fec13ec6a90543c7d7947b3678f1923c9d64f72808fcae44760bb8ee37a
C:\Users\koush\OneDrive\Documents\archive (4)\Dataset\Optimistic\OP_326.jpg,Optimistic,True,681,345,RGB,6a25e1e31f4857783cdf63e560d969b168f7b83738b9142ebbf4f33a1aef885c
C:\Users\koush\OneDrive\Documents\archive (4)\Dataset\Optimistic\OP_327.jpg,Optimistic,True,1432,466,RGB,8ccaf26b9d9bcfaa6d79f72635560719dc1c6af71315277f3d7623392d33e26a
C:\Users\koush\OneDrive\Documents\archive (4)\Dataset\Optimistic\OP_328.jpg,Optimistic,True,665,384,RGB,ae4c6a5d8840e42142db657b7b3598ced17405a0eb870118f2d35caf41745778
C:\Users\koush\OneDrive\Documents\archive (4)\Dataset\Optimistic\OP_329.jpg,Optimistic,True,644,305,RGB,e2e6ae1201830033a481d3f4d40dc38811d39d8567fd54a06f053189fcd00c06
C:\Users\koush\OneDrive\Documents\archive (4)\Dataset\Optimistic\OP_33.jpg,Optimistic,True,387,1030,RGB,74c3e4fd177db3b7606287f0350cdcedbc461a261cd6037e6267cc1767c1b091
C:\Users\koush\OneDrive\Documents\archive (4)\Dataset\Optimistic\OP_330.jpg,Optimistic,True,1480,639,RGB,7e067e4d1551ea3bea3490a942bfeac1b347b5637b2a8787fa614d006c83fd2f
C:\Users\koush\OneDrive\Documents\archive (4)\Dataset\Optimistic\OP_331.jpg,Optimistic,True,523,341,RGB,e9755901584996c27bbd81ad486c387ab13edb2054d6ecb1266ef2fc23bf9a7c
C:\Users\koush\OneDrive\Documents\archive (4)\Dataset\Optimistic\OP_332.jpg,Optimistic,True,703,350,RGB,0e821b2ec7270c1d863e258d1a755c583bbb5e3516208e3d19a3a8907cce06ce
C:\Users\koush\OneDrive\Documents\archive (4)\Dataset\Optimistic\OP_333.jpg,Optimistic,True,1390,637,RGB,a16986a7a1aebee2a9dde713ae92232440875334ada16ebd3785b4cb25267510
C:\Users\koush\OneDrive\Documents\archive (4)\Dataset\Optimistic\OP_334.jpg,Optimistic,True,572,369,RGB,8a6b9972bd5613a46adf4afcbde041f6b009581893b8eccf0e9008210ace96df
C:\Users\koush\OneDrive\Documents\archive (4)\Dataset\Optimistic\OP_335.jpg,Optimistic,True,494,277,RGB,202f5a75ba721cc587710ac1bdad97e028abfe572949e1b4dd32519bc32ae484
C:\Users\koush\OneDrive\Documents\archive (4)\Dataset\Optimistic\OP_336.jpg,Optimistic,True,1111,540,RGB,0a16d6f0f2da398e17c1513dad37ea94868fe87eece68d28316871db69efa0d8
C:\Users\koush\OneDrive\Documents\archive (4)\Dataset\Optimistic\OP_337.jpg,Optimistic,True,629,411,RGB,d5dab2b2683aab1471b0f858e978ebed7fb67e373fc61fed5490c7caec89d97a
C:\Users\koush\OneDrive\Documents\archive (4)\Dataset\Optimistic\OP_338.jpg,Optimistic,True,519,312,RGB,f7e185a40d3ae773a6ca3607994b2244ff237049017cd623634c11750ce94939
C:\Users\koush\OneDrive\Documents\archive (4)\Dataset\Optimistic\OP_339.jpg,Optimistic,True,775,386,RGB,6ec48010e9ed999cc5e587cf6a173a4873a6401bb14e12945461a98cb377c79d
C:\Users\koush\OneDrive\Documents\archive (4)\Dataset\Optimistic\OP_34.jpg,Optimistic,True,752,440,RGB,940e7ddc8f1b153660da2488773718373aa4a0b4c65207b5243e4b300456bd87
C:\Users\koush\OneDrive\Documents\archive (4)\Dataset\Optimistic\OP_340.jpg,Optimistic,True,566,384,RGB,9a8b4196316bfd5d71f421b97b5e356d15901d747de85057e91b7e40cd6008cd
C:\Users\koush\OneDrive\Documents\archive (4)\Dataset\Optimistic\OP_341.jpg,Optimistic,True,617,367,RGB,f595b3709003be6ac45fd4a624f10bc180c9524cab3cc5e819bf247132dd798e
C:\Users\koush\OneDrive\Documents\archive (4)\Dataset\Optimistic\OP_342.jpg,Optimistic,True,805,392,RGB,d77e79b223d00b56f2b6a44510c2b42f5bf45d53fef08eb97b2e6f4257733ad3
C:\Users\koush\OneDrive\Documents\archive (4)\Dataset\Optimistic\OP_343.jpg,Optimistic,True,571,332,RGB,3ab148bb5ebc68988506c5be90d01d879959364164e7f389a1710de89c0769ec
C:\Users\koush\OneDrive\Documents\archive (4)\Dataset\Optimistic\OP_344.jpg,Optimistic,True,649,377,RGB,13b4c5b38e83a5201fd1010f94121e69462e345fafb4f7c51d65a48a874a3fc8
C:\Users\koush\OneDrive\Documents\archive (4)\Dataset\Optimistic\OP_345.jpg,Optimistic,True,638,341,RGB,c2ba098ee5cf296d506b21589badbf866cf23f4bd15694f8068637b07fba6afb
C:\Users\koush\OneDrive\Documents\archive (4)\Dataset\Optimistic\OP_346.jpg,Optimistic,True,473,299,RGB,99febfc865f743f393f2ec4bb665d6fded169da80ad63a6bb0ebe730c17db6bf
C:\Users\koush\OneDrive\Documents\archive (4)\Dataset\Optimistic\OP_347.jpg,Optimistic,True,667,402,RGB,b97ad237cdc7e51b817253f09de359822d34f189f9b191939fcc82a3b4cc0790
C:\Users\koush\OneDrive\Documents\archive (4)\Dataset\Optimistic\OP_348.jpg,Optimistic,True,689,335,RGB,3651759438933173c9925a9d62c83ee2bbea4bbaeb1fc51e4695ce36ac450950
C:\Users\koush\OneDrive\Documents\archive (4)\Dataset\Optimistic\OP_349.jpg,Optimistic,True,667,413,RGB,82793f595ef156639f37afad9f2c37e833c2eb84b952697cfeb7629f81623df2
C:\Users\koush\OneDrive\Documents\archive (4)\Dataset\Optimistic\OP_35.jpg,Optimistic,True,979,461,RGB,938be0eb2bbecf4882b0dddd4395c18cfbcdcf566c2ef2bdb85ddb0e03482a51
C:\Users\koush\OneDrive\Documents\archive (4)\Dataset\Optimistic\OP_350.jpg,Optimistic,True,751,429,RGB,5d298fad3306c908267706a15dc9a65928c68c33c6c474b1e6e6b274666c740f
C:\Users\koush\OneDrive\Documents\archive (4)\Dataset\Optimistic\OP_351.jpg,Optimistic,True,964,420,RGB,655eeef9ccec412700914777583b6be4012a0bc04ad5f3ca0a5f597b68952b6e
C:\Users\koush\OneDrive\Documents\archive (4)\Dataset\Optimistic\OP_352.jpg,Optimistic,True,692,442,RGB,04e1c71730e6f1e1814c0554ef1b4cc96b642cc8d0459fcfa06ffca00c5219b5
C:\Users\koush\OneDrive\Documents\archive (4)\Dataset\Optimistic\OP_353.jpg,Optimistic,True,825,445,RGB,c70a018c08acfdc0a052a6c5704e3d152d2d7460808f8cc282b9b39d9cca61f8
C:\Users\koush\OneDrive\Documents\archive (4)\Dataset\Optimistic\OP_354.jpg,Optimistic,True,845,389,RGB,299b62dff541a7e4394734eb8fe2254ec801d4f022f0c5e40e2d5c026e0c1da4
C:\Users\koush\OneDrive\Documents\archive (4)\Dataset\Optimistic\OP_355.jpg,Optimistic,True,697,461,RGB,b1c4c8a1b940f7af3da862fb1cf4ae56a3efb60927dd175ae4d03c01004257b8
C:\Users\koush\OneDrive\Documents\archive (4)\Dataset\Optimistic\OP_356.jpg,Optimistic,True,585,313,RGB,6818630c7586d6168969c1a79421bcebaa77f3244cdabc3067b1d292580affc1
C:\Users\koush\OneDrive\Documents\archive (4)\Dataset\Optimistic\OP_357.jpg,Optimistic,True,664,367,RGB,68c97dbbc18c13feebb29659d907b81d0183a68fb1aaaa02747695ea69e38782
C:\Users\koush\OneDrive\Documents\archive (4)\Dataset\Optimistic\OP_358.jpg,Optimistic,True,512,343,RGB,764c7c0670c94f6a550577dd61e3a4c772f13a49d43647169a7f5e68723e6af0
C:\Users\koush\OneDrive\Documents\archive (4)\Dataset\Optimistic\OP_359.jpg,Optimistic,True,677,401,RGB,97191891250f9a0db987b9b77b8cc9ff7510c8a8a8540147b266bc272fdc045e
C:\Users\koush\OneDrive\Documents\archive (4)\Dataset\Optimistic\OP_36.jpg,Optimistic,True,727,313,RGB,287750ed38c6579705699d4a9dc84c676ca1ddac454270560c75244838cc79be
C:\Users\koush\OneDrive\Documents\archive (4)\Dataset\Optimistic\OP_360.jpg,Optimistic,True,783,386,RGB,c577d3149af147a6b1ec636f33e70cb0fd6801707b58df7dedb62b9f1eb32fef
C:\Users\koush\OneDrive\Documents\archive (4)\Dataset\Optimistic\OP_361.jpg,Optimistic,True,1022,523,RGB,6559aac46462b3014417d077faa5b52672217e980e1933c4b03a87cda8bb21e7
C:\Users\koush\OneDrive\Documents\archive (4)\Dataset\Optimistic\OP_362.jpg,Optimistic,True,791,401,RGB,237d8f51164d73bc4e73e2d9a360f83c6cfe92d56d9ff7f5f0162db9a771aec0
C:\Users\koush\OneDrive\Documents\archive (4)\Dataset\Optimistic\OP_363.jpg,Optimistic,True,907,424,RGB,b748616c215548adecfd13e4150b74ab65193f23317d9294ceb3a368ff45082b
C:\Users\koush\OneDrive\Documents\archive (4)\Dataset\Optimistic\OP_364.jpg,Optimistic,True,375,266,RGB,4de10c39108e6acf24a6d58bb1253fd85fde1ecd7b730f85bb40fe7a61acdcd5
C:\Users\koush\OneDrive\Documents\archive (4)\Dataset\Optimistic\OP_365.jpg,Optimistic,True,569,342,RGB,b0a9f327c1d72539e57bc0de1872ba42e659804a77b5634d19e42d7777769066
C:\Users\koush\OneDrive\Documents\archive (4)\Dataset\Optimistic\OP_366.jpg,Optimistic,True,1214,500,RGB,1709afa55cf54687a16f231966dd1835d861f157cb804abdc4570c60a6b2c885
C:\Users\koush\OneDrive\Documents\archive (4)\Dataset\Optimistic\OP_367.jpg,Optimistic,True,539,225,RGB,905dbeca745ce1fcf33fb5caa351bd3589321fd61ad5425bd96d8db7e486d94c
C:\Users\koush\OneDrive\Documents\archive (4)\Dataset\Optimistic\OP_368.jpg,Optimistic,True,649,297,RGB,b20e6cf8b9bf97ff4d77e18fc1a7b5b7f4f502818558f1730bbf22b3d1c50885
C:\Users\koush\OneDrive\Documents\archive (4)\Dataset\Optimistic\OP_369.jpg,Optimistic,True,1004,418,RGB,60bfdeb3f546b945375224ad8ca0d79fe039f23fac4f3cfeb287f6687e24911a
C:\Users\koush\OneDrive\Documents\archive (4)\Dataset\Optimistic\OP_37.jpg,Optimistic,True,748,441,RGB,ec36c7d7a06538523be25b10fef1e89e8fc52dd105cc64ab64080ec5682de1ca
C:\Users\koush\OneDrive\Documents\archive (4)\Dataset\Optimistic\OP_370.jpg,Optimistic,True,698,450,RGB,5b0e0d1fff35a35c1388bb03c5688516647ba5e3a29f3f09b29d392a6e78eb55
C:\Users\koush\OneDrive\Documents\archive (4)\Dataset\Optimistic\OP_371.jpg,Optimistic,True,896,418,RGB,3e950f5b8d39d5fae50dbdbacbfa0c1ce19448b32ababb952e30848e649e2815
C:\Users\koush\OneDrive\Documents\archive (4)\Dataset\Optimistic\OP_372.jpg,Optimistic,True,1139,500,RGB,cc0c21f63973b3543df42a04994f570f46c2664c5578ebbdd88cbc8ac8d88e61
C:\Users\koush\OneDrive\Documents\archive (4)\Dataset\Optimistic\OP_373.jpg,Optimistic,True,808,452,RGB,debf04c17700b65aa4f1c2b44e933f997842ed23ee1c1e7d3dd6e03645389e29
C:\Users\koush\OneDrive\Documents\archive (4)\Dataset\Optimistic\OP_374.jpg,Optimistic,True,787,403,RGB,7478997f77d49d091a0d0c2d2aa0eda1291f7d5b6740de7160ef47461947acef
C:\Users\koush\OneDrive\Documents\archive (4)\Dataset\Optimistic\OP_375.jpg,Optimistic,True,1253,406,RGB,89826302232324e99498d5271155dc506071198b875d01fa9e7a8839cd5178c8
C:\Users\koush\OneDrive\Documents\archive (4)\Dataset\Optimistic\OP_376.jpg,Optimistic,True,711,418,RGB,21e582601ac6bb8adcf6666aa2c56f2d07b95d20d259dd3257ff340a3a77211c
C:\Users\koush\OneDrive\Documents\archive (4)\Dataset\Optimistic\OP_377.jpg,Optimistic,True,765,405,RGB,6e57c302863a838ed2773e4f64ffae56c0f423772fd7c58f9278b4cb40827ce7
C:\Users\koush\OneDrive\Documents\archive (4)\Dataset\Optimistic\OP_378.jpg,Optimistic,True,263,757,RGB,8caba2e0bab122a85511b2cc33b3cbc7b02d6aec49ff5d1e807fb001d615ea2b
C:\Users\koush\OneDrive\Documents\archive (4)\Dataset\Optimistic\OP_379.jpg,Optimistic,True,895,553,RGB,50936ee0eefa3dea17e21d2cfc0152633c05d1cc9b9643ebb0166071256e7461
C:\Users\koush\OneDrive\Documents\archive (4)\Dataset\Optimistic\OP_38.jpg,Optimistic,True,969,430,RGB,cf048c979e0e3f0468a7771bb2746b3d5b43599921fbe85bd1f242d5501fcf8a
C:\Users\koush\OneDrive\Documents\archive (4)\Dataset\Optimistic\OP_380.jpg,Optimistic,True,819,481,RGB,58df584d244f167daf33ef014c7622dc6acffa8d87490ae18135d3ba790a3d2a
C:\Users\koush\OneDrive\Documents\archive (4)\Dataset\Optimistic\OP_381.jpg,Optimistic,True,1112,543,RGB,4ff7e21b8e8d0e2996089c12af86d78f4f00ee3057f502ec9463ac1fbdf4cc22
C:\Users\koush\OneDrive\Documents\archive (4)\Dataset\Optimistic\OP_382.jpg,Optimistic,True,1085,609,RGB,4bb5ce1836e3db6d4e31e5f9d2e13b50a291fef9de7f6bc499dc511ef97d1e06
C:\Users\koush\OneDrive\Documents\archive (4)\Dataset\Optimistic\OP_383.jpg,Optimistic,True,1214,521,RGB,5008d07e1a619d7a1bdc54b84274455cf5035d977419630cc829085410fc34b4
C:\Users\koush\OneDrive\Documents\archive (4)\Dataset\Optimistic\OP_384.jpg,Optimistic,True,895,439,RGB,f0e2733f2f9a388be9d67467747fe4eff679dbced40a06acc1cd21f4a5c674de
C:\Users\koush\OneDrive\Documents\archive (4)\Dataset\Optimistic\OP_385.jpg,Optimistic,True,897,440,RGB,415895c7349fa5a8037fbba5c3b0e1e6539e5bda63667587da0d411fd540dd7f
C:\Users\koush\OneDrive\Documents\archive (4)\Dataset\Optimistic\OP_386.jpg,Optimistic,True,1179,549,RGB,00839c01335af2a6bfd70970de2f1b46859956c9014ea57f0eb50c9b14ad0ccb
C:\Users\koush\OneDrive\Documents\archive (4)\Dataset\Optimistic\OP_387.jpg,Optimistic,True,1437,542,RGB,3e96c7343bfa65da4212d2dd61a6f3c04874772384a8d6b12ae3ced106804778
C:\Users\koush\OneDrive\Documents\archive (4)\Dataset\Optimistic\OP_388.jpg,Optimistic,True,1340,676,RGB,6926412ca5210fdc428ec12250d921439a5dac816ce7a775e6934ab12407dacb
C:\Users\koush\OneDrive\Documents\archive (4)\Dataset\Optimistic\OP_389.jpg,Optimistic,True,1641,719,RGB,7db5f60c0b1dde274cbb752ec29f4fb81ba2e0f775f74285b6aa3b75285b7157
C:\Users\koush\OneDrive\Documents\archive (4)\Dataset\Optimistic\OP_39.jpg,Optimistic,True,378,846,RGB,6cd90f1672a4810d5824b6a1b5195d3a43db6b029e999c2d78dc7d7a2323e6a3
C:\Users\koush\OneDrive\Documents\archive (4)\Dataset\Optimistic\OP_390.jpg,Optimistic,True,1036,542,RGB,3d78cdcff66dcb4e3794f67c33b83e52aab3e8769297cca3996abe5686e8419f
C:\Users\koush\OneDrive\Documents\archive (4)\Dataset\Optimistic\OP_391.jpg,Optimistic,True,1260,703,RGB,5f9fcddd3e6aa86820598dd62adcd91714e57e691b54f84e3a3d15596a776543
C:\Users\koush\OneDrive\Documents\archive (4)\Dataset\Optimistic\OP_392.jpg,Optimistic,True,1448,659,RGB,b1a898eacfc04485e1c1dd1c5ef9486f463f7f6f13d3d7cacd9f9937199b2060
C:\Users\koush\OneDrive\Documents\archive (4)\Dataset\Optimistic\OP_393.jpg,Optimistic,True,1198,549,RGB,e209570f0846ef2706ac484edeaf5b079e4c7dc590771f3b7f25621a5283ebbd
C:\Users\koush\OneDrive\Documents\archive (4)\Dataset\Optimistic\OP_394.jpg,Optimistic,True,1037,529,RGB,112259081e87da85295023abfb20a4ce058bf306e9d7391f003928825dd797f5
C:\Users\koush\OneDrive\Documents\archive (4)\Dataset\Optimistic\OP_395.jpg,Optimistic,True,1353,626,RGB,cfed629423f824194951d59b1d479bf7c4e605dbb5cb5fcf26a149d459668a92
C:\Users\koush\OneDrive\Documents\archive (4)\Dataset\Optimistic\OP_396.jpg,Optimistic,True,1504,726,RGB,3f16ee4270dda5dc56db46a3a2422a8273a9349fb3367b3a50770c8c20bc5d89
C:\Users\koush\OneDrive\Documents\archive (4)\Dataset\Optimistic\OP_397.jpg,Optimistic,True,739,462,RGB,2987293b7157d6040d0551d72a5c81130f4249ed4cac47cc2f3d5ab84d458da7
C:\Users\koush\OneDrive\Documents\archive (4)\Dataset\Optimistic\OP_398.jpg,Optimistic,True,1049,471,RGB,f116ee75707f9fb8b4bb78fd4c2983b62c286688ad9c29d4824eddeda9aef481
C:\Users\koush\OneDrive\Documents\archive (4)\Dataset\Optimistic\OP_399.jpg,Optimistic,True,1271,646,RGB,3758c766fa410de685aad14c21c2f52e45bc842ab51d700b49130692b84dfbd1
C:\Users\koush\OneDrive\Documents\archive (4)\Dataset\Optimistic\OP_4.jpg,Optimistic,True,1511,642,RGB,98110ead4ffc098047bbeff52fb9ef6c5c78a6cead65155cec998687749b9cbc
C:\Users\koush\OneDrive\Documents\archive (4)\Dataset\Optimistic\OP_40.jpg,Optimistic,True,826,409,RGB,3bdac1dbd49d338154c2ff3e9d4a2734dcb90a8701e70cc877c6ed93a9765a91
C:\Users\koush\OneDrive\Documents\archive (4)\Dataset\Optimistic\OP_400.jpg,Optimistic,True,797,396,RGB,b108c0b4eb44997c88f4ecc2bd24fd88fe808a2247232a53901a7e5b73c8283d
C:\Users\koush\OneDrive\Documents\archive (4)\Dataset\Optimistic\OP_401.jpg,Optimistic,True,1096,497,RGB,12d2b4a4ead06c01261df03eae7f66917c0dc30a38d942ba6894de34b223aae3
C:\Users\koush\OneDrive\Documents\archive (4)\Dataset\Optimistic\OP_402.jpg,Optimistic,True,1062,629,RGB,5f40024bcd61f0ae712bfac6922952449b729472d1f982e9a7a6dd56349bb0ab
C:\Users\koush\OneDrive\Documents\archive (4)\Dataset\Optimistic\OP_403.jpg,Optimistic,True,747,374,RGB,8fd04a926fee0e882d3acbcd218fb35e4c0f8e5aeba3df14e3bb4ee51ba07557
C:\Users\koush\OneDrive\Documents\archive (4)\Dataset\Optimistic\OP_404.jpg,Optimistic,True,748,358,RGB,31ad30cde5f2c0044b6208d9db88443db4ace9e991097c70ca00aab8f3ae9f7b
C:\Users\koush\OneDrive\Documents\archive (4)\Dataset\Optimistic\OP_405.jpg,Optimistic,True,367,758,RGB,6dc382e71d75c63ea39cdc923392239250309978044e5608caac2f46e2cf4ff5
C:\Users\koush\OneDrive\Documents\archive (4)\Dataset\Optimistic\OP_406.jpg,Optimistic,True,1001,537,RGB,a478e3db7da3c31868a7a29b2e3dfd5e61d37510039ffb5aebd01a97968837ef
C:\Users\koush\OneDrive\Documents\archive (4)\Dataset\Optimistic\OP_407.jpg,Optimistic,True,1209,542,RGB,5eab16bd93fd013c031daddae868ac1461e3ba22e6e7bc9dbd03f9af25d40f99
C:\Users\koush\OneDrive\Documents\archive (4)\Dataset\Optimistic\OP_408.jpg,Optimistic,True,1030,443,RGB,a2a90cb0643f4fb40bfae267019eaca7c3f906211c21eae7827a3b52d9745bf4
C:\Users\koush\OneDrive\Documents\archive (4)\Dataset\Optimistic\OP_409.jpg,Optimistic,True,1111,554,RGB,0141681c6e75c827864b1775c1ea8c7566b39aa9220d69ab2c08537827a07609
C:\Users\koush\OneDrive\Documents\archive (4)\Dataset\Optimistic\OP_41.jpg,Optimistic,True,1028,353,RGB,1f731ab4a77ff51f4b62ed6603a78629d33a9e4b158f03a7b86a0925a2d8d468
C:\Users\koush\OneDrive\Documents\archive (4)\Dataset\Optimistic\OP_410.jpg,Optimistic,True,1103,495,RGB,52d3898146e63e9d33daf442867ab930431a6f50725e73dfa3db7354c54f0567
C:\Users\koush\OneDrive\Documents\archive (4)\Dataset\Optimistic\OP_411.jpg,Optimistic,True,1232,519,RGB,10a48d51936447d521cc7ca320d4ec971556e58b99fcaaea940ecf8b3bf1efdf
C:\Users\koush\OneDrive\Documents\archive (4)\Dataset\Optimistic\OP_412.jpg,Optimistic,True,1251,661,RGB,547ddab9bd8e5e4930c57a09c24a672248cb86e35c1278b65817c2fd23189998
C:\Users\koush\OneDrive\Documents\archive (4)\Dataset\Optimistic\OP_413.jpg,Optimistic,True,1643,737,RGB,21ddba5b8e2296996b2533117eb28e35a920782e2d1b7d15b480d721d699ebf3
C:\Users\koush\OneDrive\Documents\archive (4)\Dataset\Optimistic\OP_414.jpg,Optimistic,True,1088,551,RGB,d98aea96f892221bc462aa2aaba92ec2644724e1541ee95ce477e3f01bd98f1c
C:\Users\koush\OneDrive\Documents\archive (4)\Dataset\Optimistic\OP_415.jpg,Optimistic,True,550,287,RGB,66aa7ec54fa21e5df3067c5aa4c9f664f720708aefc162c5dfcdd9ccf44a5043
C:\Users\koush\OneDrive\Documents\archive (4)\Dataset\Optimistic\OP_416.jpg,Optimistic,True,609,280,RGB,49cbff9ab3a15d6cc311a4df5037f3cc29ac09a20566d4bd3610364ff20a3408
C:\Users\koush\OneDrive\Documents\archive (4)\Dataset\Optimistic\OP_417.jpg,Optimistic,True,479,1217,RGB,5fb305900082fd2674e9fa33f60ff9e3495b5fa873ef6b10f916b8d7dcd8a6c9
C:\Users\koush\OneDrive\Documents\archive (4)\Dataset\Optimistic\OP_418.jpg,Optimistic,True,540,273,RGB,256eb1fb82e266f7bb1a8dbc43ee7febb17d4858a22658d5a2906093540c9780
C:\Users\koush\OneDrive\Documents\archive (4)\Dataset\Optimistic\OP_419.jpg,Optimistic,True,715,338,RGB,9330d38a49e9df63799367794ef8a48c66b9745c2aaacc261ebc5702ed97803f
C:\Users\koush\OneDrive\Documents\archive (4)\Dataset\Optimistic\OP_42.jpg,Optimistic,True,1232,519,RGB,926cf5ca69f590fd1329428f841424df4296d0f9dde938a4f20fd48717fbec18
C:\Users\koush\OneDrive\Documents\archive (4)\Dataset\Optimistic\OP_420.jpg,Optimistic,True,2090,839,RGB,4c596ec56642c4897348f194bca697ccd31037a1f81394d99f444ce5cbfc9bdf
C:\Users\koush\OneDrive\Documents\archive (4)\Dataset\Optimistic\OP_421.jpg,Optimistic,True,110,88,RGB,9fefc2de36ea42304a0034a08ca3595979f1cc20ddd79d7ec43f9074eef1382c
C:\Users\koush\OneDrive\Documents\archive (4)\Dataset\Optimistic\OP_422.jpg,Optimistic,True,307,55,RGB,a4b54f85c5186c2548d2fd3869113a1b1ca76bcf50448280749d0d5c39017796
C:\Users\koush\OneDrive\Documents\archive (4)\Dataset\Optimistic\OP_423.jpg,Optimistic,True,444,1029,RGB,81eb16ccf4b56902db2fe91eb25e3bc6ee7455d7fddc57b261601ed107941b8d
C:\Users\koush\OneDrive\Documents\archive (4)\Dataset\Optimistic\OP_424.jpg,Optimistic,True,239,104,RGB,a2989af03a77e906fd0a42da6c27a9fd3f7a52c86a8dea7c549760970f3419d5
C:\Users\koush\OneDrive\Documents\archive (4)\Dataset\Optimistic\OP_425.jpg,Optimistic,True,377,119,RGB,354a80b60c2f2254b9295b9dfac7947227db68f334cdf445f4f22806f0f57237
C:\Users\koush\OneDrive\Documents\archive (4)\Dataset\Optimistic\OP_426.jpg,Optimistic,True,1772,503,RGB,d5f86496cffb7d2d914685084d163ca6f5d73effb38fb86a746f14675f135484
C:\Users\koush\OneDrive\Documents\archive (4)\Dataset\Optimistic\OP_427.jpg,Optimistic,True,810,496,RGB,d122ec02ec11f7d39f20091102bc83aaf2db5d9ecd4555f3a21bd24f4b367c05
C:\Users\koush\OneDrive\Documents\archive (4)\Dataset\Optimistic\OP_428.jpg,Optimistic,True,1085,464,RGB,44d20d344c1bb290b16414187c7610e57b344eddf8815c003429d25358da6374
C:\Users\koush\OneDrive\Documents\archive (4)\Dataset\Optimistic\OP_429.jpg,Optimistic,True,1437,467,RGB,290d22caa9d6858630d15ebdfa874588f6f5dd7e315bce4cfa37589f28cdeee2
C:\Users\koush\OneDrive\Documents\archive (4)\Dataset\Optimistic\OP_43.jpg,Optimistic,True,652,292,RGB,ff85c4891ded0973b9169edcf3a65f6484a99afb8730425635852db3da2deb68
C:\Users\koush\OneDrive\Documents\archive (4)\Dataset\Optimistic\OP_430.jpg,Optimistic,True,942,460,RGB,3b24e6218830376df7c72f658dfa8b1336c9ed4c4036f7ee66c7b1a7f863d0c8
C:\Users\koush\OneDrive\Documents\archive (4)\Dataset\Optimistic\OP_431.jpg,Optimistic,True,346,99,RGB,565672673b5cf019c2da3e7550c82380551f51a2ccc02c4092ad9f51ae665798
C:\Users\koush\OneDrive\Documents\archive (4)\Dataset\Optimistic\OP_432.jpg,Optimistic,True,963,417,RGB,50795c328a8b9b60805b5e918671f1831e8942c172fd1b824fd69fb1b98f130d
C:\Users\koush\OneDrive\Documents\archive (4)\Dataset\Optimistic\OP_433.jpg,Optimistic,True,849,423,RGB,274f23643b9125c1ba2027fc153bc622623f130d332aac56280d8c3383acd2e0
C:\Users\koush\OneDrive\Documents\archive (4)\Dataset\Optimistic\OP_434.jpg,Optimistic,True,313,79,RGB,600eaab0a95df9caa3b725c8114106c35587db89cb8b56d34305fecd123abc78
C:\Users\koush\OneDrive\Documents\archive (4)\Dataset\Optimistic\OP_435.jpg,Optimistic,True,1145,433,RGB,e097842fd1615b423ce5fae2e0a3fd51de3400590b84d63b1092131dc06b431b
C:\Users\koush\OneDrive\Documents\archive (4)\Dataset\Optimistic\OP_436.jpg,Optimistic,True,279,118,RGB,6903df2cf27bc9eeb861f46db9c2858d802af92b6e95e30b30b1481546d027cb
C:\Users\koush\OneDrive\Documents\archive (4)\Dataset\Optimistic\OP_437.jpg,Optimistic,True,300,114,RGB,a06daa44217b926e5790c5b04c7a46d42fb542e5e511a4a7d0de25fb0652a947
C:\Users\koush\OneDrive\Documents\archive (4)\Dataset\Optimistic\OP_438.jpg,Optimistic,True,1308,380,RGB,b970ee592538d29955cfb109872a31c481a112f294f5043f1f695c677889c84c
C:\Users\koush\OneDrive\Documents\archive (4)\Dataset\Optimistic\OP_439.jpg,Optimistic,True,195,92,RGB,7b37849e20292e967d857f6321b4d0dcb5291486342dbdfe1bc8ff86fd388a52
C:\Users\koush\OneDrive\Documents\archive (4)\Dataset\Optimistic\OP_44.jpg,Optimistic,True,1381,548,RGB,b7f13526ae7a3154b5d88c5469710b98dda24d8e26f21602ad6de986e52e8796
C:\Users\koush\OneDrive\Documents\archive (4)\Dataset\Optimistic\OP_440.jpg,Optimistic,True,359,93,RGB,6638362061e390e59a39162e62ac3ad47d92afaeca6bcb253efc0f308d8d39ec
C:\Users\koush\OneDrive\Documents\archive (4)\Dataset\Optimistic\OP_441.jpg,Optimistic,True,1004,418,RGB,06e5d4698cd7865687909555f9219083e6b010837742edca0bbe800cef4e22f0
C:\Users\koush\OneDrive\Documents\archive (4)\Dataset\Optimistic\OP_442.jpg,Optimistic,True,871,486,RGB,10089df1c75aef8acb70e404b6bf8284f830d24009cf3986798cd5dd90307056
C:\Users\koush\OneDrive\Documents\archive (4)\Dataset\Optimistic\OP_443.jpg,Optimistic,True,336,94,RGB,2cf73569aa3ee4808bdf9b987332ae48daf0b9bae37073d1671611d75626688d
C:\Users\koush\OneDrive\Documents\archive (4)\Dataset\Optimistic\OP_444.jpg,Optimistic,True,1189,518,RGB,0d16ac82cc7dbd57661d6342f6108d825298d7046828458e3997a83a32e60ff1
C:\Users\koush\OneDrive\Documents\archive (4)\Dataset\Optimistic\OP_445.jpg,Optimistic,True,517,332,RGB,fdedbe9270026535423fb4ae1e8ff6b0898b50ead79d4372d2753d5377ef7d59
C:\Users\koush\OneDrive\Documents\archive (4)\Dataset\Optimistic\OP_446.jpg,Optimistic,True,363,123,RGB,9dcef2c5f25342854e7174de6194dd9c2d1399151eab462909c8d4b1444f3bda
C:\Users\koush\OneDrive\Documents\archive (4)\Dataset\Optimistic\OP_447.jpg,Optimistic,True,1166,334,RGB,430a2803f3a8ca5c21e99115c49141b557238b55b89248d91517be1bbff2a9f0
C:\Users\koush\OneDrive\Documents\archive (4)\Dataset\Optimistic\OP_448.jpg,Optimistic,True,252,216,RGB,19af801cf20d720c72a59ee4d06cae87fefe47363f8e7e88caded237fbe247d1
C:\Users\koush\OneDrive\Documents\archive (4)\Dataset\Optimistic\OP_449.jpg,Optimistic,True,411,116,RGB,6c6370f2d803c8c07aa0d6feefe3ab588963235c43e3f8ca7933ae41f31f4484
C:\Users\koush\OneDrive\Documents\archive (4)\Dataset\Optimistic\OP_45.jpg,Optimistic,True,517,1224,RGB,4c8247a9415c65dcbc202085b7d458bbba6201f0a752fee4124f654fd09986b5
C:\Users\koush\OneDrive\Documents\archive (4)\Dataset\Optimistic\OP_450.jpg,Optimistic,True,263,757,RGB,13b5bbce129990cdc90059553a033191efd3c4a909d70ee8d87e59b9aa9229dd
C:\Users\koush\OneDrive\Documents\archive (4)\Dataset\Optimistic\OP_451.jpg,Optimistic,True,224,122,RGB,27b8bcd3062c84feaa0f2c5f142f6908d5c2eb98f17f4b63b177994bca7bc8f7
C:\Users\koush\OneDrive\Documents\archive (4)\Dataset\Optimistic\OP_452.jpg,Optimistic,True,327,116,RGB,9a4d0897ad90406519d6962801f91b7560bfb207016cb28699f84ed9d99f2f20
C:\Users\koush\OneDrive\Documents\archive (4)\Dataset\Optimistic\OP_453.jpg,Optimistic,True,795,293,RGB,88a7a09b0dfe362318c08e64eea0712e17f389a2cce507a2756c2633e4892ba6
C:\Users\koush\OneDrive\Documents\archive (4)\Dataset\Optimistic\OP_454.jpg,Optimistic,True,821,524,RGB,8fd67bc9048036502e516c52af02e4a4be29c281cc8fa3d0209aa5ffd60ece60
C:\Users\koush\OneDrive\Documents\archive (4)\Dataset\Optimistic\OP_455.jpg,Optimistic,True,805,376,RGB,de868f3ad4dad267dcbe421a2e0732ded96e433cfbdd8af1f9343abfd0f2a704
C:\Users\koush\OneDrive\Documents\archive (4)\Dataset\Optimistic\OP_456.jpg,Optimistic,True,1054,475,RGB,3a6ecd3d97106dedad73f87705bc1a89da39f4198e3355314eae3fa18af3a44c
C:\Users\koush\OneDrive\Documents\archive (4)\Dataset\Optimistic\OP_457.jpg,Optimistic,True,214,94,RGB,d74c1c4e1bbf13448783f6bb615e7404d1bf744408cf5b6d3a08ef600c1042a4
C:\Users\koush\OneDrive\Documents\archive (4)\Dataset\Optimistic\OP_458.jpg,Optimistic,True,356,101,RGB,4c0cefbc52119307324c08a7f0e506a1234176d1aafbd387ae70438e561182a6
C:\Users\koush\OneDrive\Documents\archive (4)\Dataset\Optimistic\OP_459.jpg,Optimistic,True,1049,401,RGB,3905357cfca0819f9eb037e39b3e020873427b2eba49e63f8cde5b5a0bc87aae
C:\Users\koush\OneDrive\Documents\archive (4)\Dataset\Optimistic\OP_46.jpg,Optimistic,True,875,468,RGB,112daa7c9079b02b65147951fb62863b8d627f6cfc0c8f215c4e3110f0d8b8ce
C:\Users\koush\OneDrive\Documents\archive (4)\Dataset\Optimistic\OP_460.jpg,Optimistic,True,243,88,RGB,123a6eb20ace721231e731c301874a7686559b34b25a37da5acc845edc54d505
C:\Users\koush\OneDrive\Documents\archive (4)\Dataset\Optimistic\OP_461.jpg,Optimistic,True,363,120,RGB,2ce3b34a51cdb5fb2eaaaece556b31e2f2cc22918b37ea70a9d11a394d708d7d
C:\Users\koush\OneDrive\Documents\archive (4)\Dataset\Optimistic\OP_462.jpg,Optimistic,True,373,1015,RGB,bc29ca8f1a37d4cc7c7a386f881e217a22c91f07ade21dae1b491d3dec12f5d2
C:\Users\koush\OneDrive\Documents\archive (4)\Dataset\Optimistic\OP_463.jpg,Optimistic,True,211,92,RGB,62ce27f43be6f02e5a7a6072d4e5cb4092108e12cb8acf4ac1db6f0093b865bd
C:\Users\koush\OneDrive\Documents\archive (4)\Dataset\Optimistic\OP_464.jpg,Optimistic,True,263,103,RGB,6a0e39ccf9444e4e620210e91cd356026470484983bfdc2af7c03947fe06a66b
C:\Users\koush\OneDrive\Documents\archive (4)\Dataset\Optimistic\OP_465.jpg,Optimistic,True,1772,503,RGB,6c58e20ab42b75978aa59b9e19ae67a185465ffd83a0fdfe111c251d29776e16
C:\Users\koush\OneDrive\Documents\archive (4)\Dataset\Optimistic\OP_466.jpg,Optimistic,True,206,95,RGB,f6a84adcb5e962be02ec1b2179fa4d64e2fe1c7c57b9c18e213c479c0aaa2969
C:\Users\koush\OneDrive\Documents\archive (4)\Dataset\Optimistic\OP_467.jpg,Optimistic,True,403,111,RGB,fae4bf4d49591ce5ee09e88c97f41b5ae157a680e58c4ca219aa81821cb18d58
C:\Users\koush\OneDrive\Documents\archive (4)\Dataset\Optimistic\OP_468.jpg,Optimistic,True,1487,517,RGB,81a7224a0113655175b5adbafc6b2ff41e420012dec17b454e63a27b2232ee0b
C:\Users\koush\OneDrive\Documents\archive (4)\Dataset\Optimistic\OP_469.jpg,Optimistic,True,123,66,RGB,d5a80ca06e6b9bf77e7cc64b2b6108c1180e538a76d03beedc79e68f4b17bbe2
C:\Users\koush\OneDrive\Documents\archive (4)\Dataset\Optimistic\OP_47.jpg,Optimistic,True,1145,416,RGB,762c836e629ccc2d56b8baa8cd8c2631e0b074ef9e305900b44e0f7a4897bcc0
C:\Users\koush\OneDrive\Documents\archive (4)\Dataset\Optimistic\OP_470.jpg,Optimistic,True,261,76,RGB,8ce758f402dd183c9ae1957e7ed138c9279d30e38a7bae4ef8bfe783868d6eba
C:\Users\koush\OneDrive\Documents\archive (4)\Dataset\Optimistic\OP_471.jpg,Optimistic,True,1226,522,RGB,b48bbfffc9666493fea5e082409e432b4137725b0264ffa581ac4d014e38e493
C:\Users\koush\OneDrive\Documents\archive (4)\Dataset\Optimistic\OP_472.jpg,Optimistic,True,163,85,RGB,aa0057a6e86f9b9f2265f3c189a40524c89f1c8d6b5cffad102222edbabda839
C:\Users\koush\OneDrive\Documents\archive (4)\Dataset\Optimistic\OP_473.jpg,Optimistic,True,367,103,RGB,84718d33abe5dc3fc1d867cbb5f9d02916b24fcbf8cd1efa116560aa47554142
C:\Users\koush\OneDrive\Documents\archive (4)\Dataset\Optimistic\OP_474.jpg,Optimistic,True,1145,433,RGB,877c37711230d139199c8319e35fda7b296122a56d90925eb4532edfdffc6de3
C:\Users\koush\OneDrive\Documents\archive (4)\Dataset\Optimistic\OP_475.jpg,Optimistic,True,566,351,RGB,c07344dd60f6a6d9391a0571e011dc04fd5663bfd7904ad250da29b87b679d6e
C:\Users\koush\OneDrive\Documents\archive (4)\Dataset\Optimistic\OP_476.jpg,Optimistic,True,281,63,RGB,a2f2122e2fbcce543d6f0e159dd3407b693886ef5634e47e71cc26662bd90ae2
C:\Users\koush\OneDrive\Documents\archive (4)\Dataset\Optimistic\OP_477.jpg,Optimistic,True,1314,422,RGB,f52688db52893e8722e1a004979133e5dc5b62a55068aa54d8cb4e4162de71cd
C:\Users\koush\OneDrive\Documents\archive (4)\Dataset\Optimistic\OP_478.jpg,Optimistic,True,566,351,RGB,663de4b88e8546e465118eda4270cb954355e3636b78639962cf8dd150c191ef
C:\Users\koush\OneDrive\Documents\archive (4)\Dataset\Optimistic\OP_479.jpg,Optimistic,True,243,84,RGB,50e75237bf35fc7570959cee7ff5fbb21af6cfd64d1ae1e68ee95f9afaede856
C:\Users\koush\OneDrive\Documents\archive (4)\Dataset\Optimistic\OP_48.jpg,Optimistic,True,394,1067,RGB,90d3764e4a338e907efbcd7e4b16affebec61655e253c4f76d1903f2440395b9
C:\Users\koush\OneDrive\Documents\archive (4)\Dataset\Optimistic\OP_480.jpg,Optimistic,True,932,387,RGB,b660dbc87339551f0f76cc7a4ce5b0dcd3d4279c5c1565ca0d8766407c037bad
C:\Users\koush\OneDrive\Documents\archive (4)\Dataset\Optimistic\OP_481.jpg,Optimistic,True,591,451,RGB,da97ad9ed73a14587ef8ffc9b785aaa043312eef1f69a69d330c72b27f1e44c5
C:\Users\koush\OneDrive\Documents\archive (4)\Dataset\Optimistic\OP_482.jpg,Optimistic,True,285,75,RGB,688387fbf330ec085cc557ad89d94160c925f45fa6cdaac83e4b96e055b3c0e7
C:\Users\koush\OneDrive\Documents\archive (4)\Dataset\Optimistic\OP_483.jpg,Optimistic,True,1225,505,RGB,bd775d17fd7a55859e3c5d0093ae4222d2ca0c5f77c0dc0360858fb9ddb0da85
C:\Users\koush\OneDrive\Documents\archive (4)\Dataset\Optimistic\OP_484.jpg,Optimistic,True,518,395,RGB,1a12f0f83808391549a5a8d86dff85af60d0f36bdc4d2a3904f20040876dae7c
C:\Users\koush\OneDrive\Documents\archive (4)\Dataset\Optimistic\OP_485.jpg,Optimistic,True,254,79,RGB,2065f572b09f75d75e6fcca990c291699aff9782b4e7baa634a885b8841d2bac
C:\Users\koush\OneDrive\Documents\archive (4)\Dataset\Optimistic\OP_486.jpg,Optimistic,True,1160,405,RGB,f28c7d724c83b9697793556743669c71927a1ec9fd0c7a03383e5e72a8b2c52d
C:\Users\koush\OneDrive\Documents\archive (4)\Dataset\Optimistic\OP_487.jpg,Optimistic,True,211,85,RGB,54a6873426ff8ab42485325911b7c96ba9b94f26e14b1695b5d4c57ac93e1fd7
C:\Users\koush\OneDrive\Documents\archive (4)\Dataset\Optimistic\OP_488.jpg,Optimistic,True,257,96,RGB,d1952d1559afb1035e6813738277b553074c8c3f61465488da185e18fd0df7ad
C:\Users\koush\OneDrive\Documents\archive (4)\Dataset\Optimistic\OP_489.jpg,Optimistic,True,263,757,RGB,471c10320672c02588945c0f66f300676a1fd65b39933d099873ae6e3aaf0a63
C:\Users\koush\OneDrive\Documents\archive (4)\Dataset\Optimistic\OP_49.jpg,Optimistic,True,850,532,RGB,e64bddd8feeeb265e2f19d7e6ae0a8b343cd7e940b7da06c7ec44bf9dc5319ea
C:\Users\koush\OneDrive\Documents\archive (4)\Dataset\Optimistic\OP_490.jpg,Optimistic,True,590,412,RGB,5e9d1258a6917700cefa609b2cf050e5c88e5e980d9cf708c7e0080ad28e7309
C:\Users\koush\OneDrive\Documents\archive (4)\Dataset\Optimistic\OP_491.jpg,Optimistic,True,259,64,RGB,e4313907183dd729a3eb422a13d16af08d95af4676d1fa1fdad4f5ab72867f3f
C:\Users\koush\OneDrive\Documents\archive (4)\Dataset\Optimistic\OP_492.jpg,Optimistic,True,834,341,RGB,62fb0bafce90855789407cc1322f94fd1f79de4ba714ada7107b68adb5ef65e0
C:\Users\koush\OneDrive\Documents\archive (4)\Dataset\Optimistic\OP_493.jpg,Optimistic,True,140,62,RGB,8b527eac91d7b081da67d05b1ae6f16bb9c2736ea5ca278b540c45e674e3f730
C:\Users\koush\OneDrive\Documents\archive (4)\Dataset\Optimistic\OP_494.jpg,Optimistic,True,359,102,RGB,79f5a9cb188b3cc55012914e5a84366c5fe21f637d7b9edc9c50b21e58a031bf
C:\Users\koush\OneDrive\Documents\archive (4)\Dataset\Optimistic\OP_495.jpg,Optimistic,True,535,1242,RGB,626ffd7d0c9c3c8f77ad3bcb459ce21ea70adbda4dd7857377f2ab76aced7295
C:\Users\koush\OneDrive\Documents\archive (4)\Dataset\Optimistic\OP_496.jpg,Optimistic,True,629,386,RGB,ba7b1af4c26ddbcc99231b7c7ac6010003bf99127b8c80a6550247dfb2e224ad
C:\Users\koush\OneDrive\Documents\archive (4)\Dataset\Optimistic\OP_497.jpg,Optimistic,True,271,72,RGB,45888f25bbae7fe7776612f1af30237c889c4280449f32c5998a34dd1b2f7fa8
C:\Users\koush\OneDrive\Documents\archive (4)\Dataset\Optimistic\OP_498.jpg,Optimistic,True,446,1111,RGB,6917684fdaac86998cc8f561edfd79b90d3da1da9eae658f6c238f59ddd15e5c
C:\Users\koush\OneDrive\Documents\archive (4)\Dataset\Optimistic\OP_499.jpg,Optimistic,True,249,106,RGB,555765089c00cb31ba2067f7f1127a62e167465f39f85318bc0e83363ce31403
C:\Users\koush\OneDrive\Documents\archive (4)\Dataset\Optimistic\OP_5.jpg,Optimistic,True,1462,581,RGB,414a7d63ac657f8301497d28f36d3bcc0ec046d3404b6b5134da8e5e9c4dc5a3
C:\Users\koush\OneDrive\Documents\archive (4)\Dataset\Optimistic\OP_50.jpg,Optimistic,True,1533,579,RGB,e05130bf750e33705a470eb8ad03b20c041503a29586673b5683bfed55e74c70
C:\Users\koush\OneDrive\Documents\archive (4)\Dataset\Optimistic\OP_500.jpg,Optimistic,True,234,76,RGB,5369798f2dc4b043c3d4a22cdd5f8a0f2424a22649df92236964bf1baa218043
C:\Users\koush\OneDrive\Documents\archive (4)\Dataset\Optimistic\OP_501.jpg,Optimistic,True,392,1015,RGB,04f9bda06c8b6b69badbd35a480706e11d0b6c7eed2b95d6b2987b0e960c6e5f
C:\Users\koush\OneDrive\Documents\archive (4)\Dataset\Optimistic\OP_502.jpg,Optimistic,True,161,86,RGB,4296d6b3ac1867b41d934cbf94bc2b3fc7892a30978f1276a21913b895152045
C:\Users\koush\OneDrive\Documents\archive (4)\Dataset\Optimistic\OP_503.jpg,Optimistic,True,959,412,RGB,d60df738f801fd400efd7d30fad879d70e2872641cbd46e77205068cf24b5160
C:\Users\koush\OneDrive\Documents\archive (4)\Dataset\Optimistic\OP_504.jpg,Optimistic,True,1324,450,RGB,aa9a20ca11a5a0aaa2220e77f8d0c68dfd0592ed653ce5cd6a849e5fb21078f0
C:\Users\koush\OneDrive\Documents\archive (4)\Dataset\Optimistic\OP_505.jpg,Optimistic,True,154,88,RGB,904fc72a3c8c2af2635d56fe77bccae79ba6f08beaadaeb8c8615048e0f78d2b
C:\Users\koush\OneDrive\Documents\archive (4)\Dataset\Optimistic\OP_506.jpg,Optimistic,True,364,91,RGB,14bc08f8ae89d37c02e35a4b2cc40fb232f0b0aeae0e25ff0e5fb18601b7f64e
C:\Users\koush\OneDrive\Documents\archive (4)\Dataset\Optimistic\OP_507.jpg,Optimistic,True,1145,433,RGB,47ad5c4f0154698961e6ab0ef83852c61b4ab8bd840a3180ba8b65e733c39954
C:\Users\koush\OneDrive\Documents\archive (4)\Dataset\Optimistic\OP_508.jpg,Optimistic,True,125,76,RGB,3f7d8fe76bd86069b2cfbfbe3844c4eb4e86cea94351255769f47a42f194692a
C:\Users\koush\OneDrive\Documents\archive (4)\Dataset\Optimistic\OP_509.jpg,Optimistic,True,238,72,RGB,0ab9f837de7e49b930425a3ff9e5436ed44d004dff58c5fcd828995721cb6ebe
C:\Users\koush\OneDrive\Documents\archive (4)\Dataset\Optimistic\OP_51.jpg,Optimistic,True,1666,544,RGB,94714d90ad097cbbf9eb0c5e98547c79df254d954ca7aefa6530ab6df4b85e17
C:\Users\koush\OneDrive\Documents\archive (4)\Dataset\Optimistic\OP_510.jpg,Optimistic,True,1314,422,RGB,b05cee75d15d94ff02ee027ce844c4b4fe702023c20ab1c33e1f22ad4bdcc9e1
C:\Users\koush\OneDrive\Documents\archive (4)\Dataset\Optimistic\OP_511.jpg,Optimistic,True,496,364,RGB,6e5ff4c6c4d5a09ee67c1493fe6238d2dbbe3ebd5ef2c92cbafce0e305dc234b
C:\Users\koush\OneDrive\Documents\archive (4)\Dataset\Optimistic\OP_512.jpg,Optimistic,True,279,75,RGB,4c5061bdd5bcf34d426e7c7cef58b703113637ba8acdeca93c9bdf6affd9e978
C:\Users\koush\OneDrive\Documents\archive (4)\Dataset\Optimistic\OP_513.jpg,Optimistic,True,1097,345,RGB,c2a1e0dc5477459814b086138d75e7d1e270ef8805582839d707f63d59047503
C:\Users\koush\OneDrive\Documents\archive (4)\Dataset\Optimistic\OP_514.jpg,Optimistic,True,121,79,RGB,3e8679ca661f56249ecc9ff99580537aa914c580c5daebcfe0c72d9eda57d139
C:\Users\koush\OneDrive\Documents\archive (4)\Dataset\Optimistic\OP_515.jpg,Optimistic,True,234,77,RGB,5b3fc8b29323a12a0cc5f528297514f5c02d93d255e05fdb70594aba7dcf98c2
C:\Users\koush\OneDrive\Documents\archive (4)\Dataset\Optimistic\OP_516.jpg,Optimistic,True,1231,480,RGB,1ad5750464c2055921c04d60d73d223cb7c80e2b9015eb91b3f24ee466da613f
C:\Users\koush\OneDrive\Documents\archive (4)\Dataset\Optimistic\OP_517.jpg,Optimistic,True,155,67,RGB,7319f4fb42c5fa718cf576c89e7fab4684ada678f3163920b71cb3268459f4c1
C:\Users\koush\OneDrive\Documents\archive (4)\Dataset\Optimistic\OP_518.jpg,Optimistic,True,818,377,RGB,ce1d76d21ca6cafdaf9230d555f770bd4270673fbdb98147edf22542d0cfb013
C:\Users\koush\OneDrive\Documents\archive (4)\Dataset\Optimistic\OP_519.jpg,Optimistic,True,1192,359,RGB,bbae7de7c71e435313b30cb248a9bccb86e0de4e0297ebfe55c210d707376c2c
C:\Users\koush\OneDrive\Documents\archive (4)\Dataset\Optimistic\OP_52.jpg,Optimistic,True,1186,583,RGB,e0c21aca809933a8eb0346a8f2d5438f5c787cdd2de7d2d4c7474ee3be7ef4e1
C:\Users\koush\OneDrive\Documents\archive (4)\Dataset\Optimistic\OP_520.jpg,Optimistic,True,156,85,RGB,edcdc1f3819a7b189f0bb864fcc9cd42127fce62611e38244f919d07dc2f452c
C:\Users\koush\OneDrive\Documents\archive (4)\Dataset\Optimistic\OP_521.jpg,Optimistic,True,952,409,RGB,a5954cc33cf95d81ca46fcb410c9ad1aa5a6b46e7be19f357d6f7b16f840b919
C:\Users\koush\OneDrive\Documents\archive (4)\Dataset\Optimistic\OP_522.jpg,Optimistic,True,325,791,RGB,b632e7983d1dd3f9a300493dc3014d936a1d4c39ca1ecf10ed94e6eee14ca1bc
C:\Users\koush\OneDrive\Documents\archive (4)\Dataset\Optimistic\OP_523.jpg,Optimistic,True,153,86,RGB,c8824763f1fa8a8945bb3cb0883626dc6b3228c67b6dfea0206e78ef76b25632
C:\Users\koush\OneDrive\Documents\archive (4)\Dataset\Optimistic\OP_524.jpg,Optimistic,True,871,248,RGB,ed866ea43f198b0ec44eda44fd8dc6a1dd5a215e80938d86d88ac5c914cbe43b
C:\Users\koush\OneDrive\Documents\archive (4)\Dataset\Optimistic\OP_525.jpg,Optimistic,True,834,341,RGB,e227fa9c948f1fe57ae2f07728af4c71469fd63f32a56a941bdc22fd2fdc7c38
C:\Users\koush\OneDrive\Documents\archive (4)\Dataset\Optimistic\OP_526.jpg,Optimistic,True,210,79,RGB,0eb36241c311486831bfd5ff6b86d8a5e16380de6f36c06574b850281f12fbc6
C:\Users\koush\OneDrive\Documents\archive (4)\Dataset\Optimistic\OP_527.jpg,Optimistic,True,261,59,RGB,59500fd48ba7310cf0bc504a220e6a332408c549b89d0832e2cb792dd39b9c45
C:\Users\koush\OneDrive\Documents\archive (4)\Dataset\Optimistic\OP_528.jpg,Optimistic,True,535,1242,RGB,de4419360d7b938a4a062ac6a9c0c262b786a9ebb7a14c1a241fb30e1343e779
C:\Users\koush\OneDrive\Documents\archive (4)\Dataset\Optimistic\OP_529.jpg,Optimistic,True,144,66,RGB,032496eac125ddef6fb8acb38195973170a25febc9e2cd2e9e824e98dac28c46
C:\Users\koush\OneDrive\Documents\archive (4)\Dataset\Optimistic\OP_53.jpg,Optimistic,True,1267,474,RGB,4c48aaf7448ecb28e0dc561b0da311d6ef82843a963375a99039f2ac5ebe9448
C:\Users\koush\OneDrive\Documents\archive (4)\Dataset\Optimistic\OP_530.jpg,Optimistic,True,895,291,RGB,a2f8a25c1d461ffa9f6df49c4f91ec57e98b332cbdc95bda8c9748297e96574b
C:\Users\koush\OneDrive\Documents\archive (4)\Dataset\Optimistic\OP_531.jpg,Optimistic,True,458,1136,RGB,4939bbd8a8df812f6532f1e205f9e9cd4c0cdccc7d0a8961563571459bc52564
C:\Users\koush\OneDrive\Documents\archive (4)\Dataset\Optimistic\OP_532.jpg,Optimistic,True,204,81,RGB,124931e4da61fa37ea1e1dc90d188f57799aab1196f78ccd26b864e67b43d325
C:\Users\koush\OneDrive\Documents\archive (4)\Dataset\Optimistic\OP_533.jpg,Optimistic,True,234,70,RGB,e56ea4dc2c6e7ca36c39646e9128da91955bcb0bccb92a5e72d947360419c5aa
C:\Users\koush\OneDrive\Documents\archive (4)\Dataset\Optimistic\OP_534.jpg,Optimistic,True,475,1011,RGB,93900122b67af14cfe6ee7af77f87318ae6e50d21f804008da9547b1a65f29c9
C:\Users\koush\OneDrive\Documents\archive (4)\Dataset\Optimistic\OP_535.jpg,Optimistic,True,455,352,RGB,28022ecaf66389aaad9827a22a5f8eb37e4825df584da7d81ba5a9efa1b5fe1d
C:\Users\koush\OneDrive\Documents\archive (4)\Dataset\Optimistic\OP_536.jpg,Optimistic,True,216,60,RGB,d0a855651b6fe9efdfab8beb3f4e641de7c2fb27d6491e47cc53382f99fa36df
C:\Users\koush\OneDrive\Documents\archive (4)\Dataset\Optimistic\OP_537.jpg,Optimistic,True,1349,450,RGB,cb6d6fca2da9a3c1ecafab30350b149ac3ff23a08aeeb5a1ce12790b1480596b
C:\Users\koush\OneDrive\Documents\archive (4)\Dataset\Optimistic\OP_538.jpg,Optimistic,True,219,73,RGB,a77bc64513fa8b467bc3506b24c4eb89b08dba2e1810bd8a76b00cb7cb718166
C:\Users\koush\OneDrive\Documents\archive (4)\Dataset\Optimistic\OP_539.jpg,Optimistic,True,277,97,RGB,481adbb43430680e443017e33c49c402383082f800741651f2e45df49f5f5adf
C:\Users\koush\OneDrive\Documents\archive (4)\Dataset\Optimistic\OP_54.jpg,Optimistic,True,1481,486,RGB,a5c48aeaca3e13ec00c988331c270a420f3ad1276184946c28934cf736b4152f
C:\Users\koush\OneDrive\Documents\archive (4)\Dataset\Optimistic\OP_540.jpg,Optimistic,True,1055,349,RGB,c4d6d868f57f3ad5c1226a8d39ead0c6ab2f0347133a6dc0785b31a5d28dbf00
C:\Users\koush\OneDrive\Documents\archive (4)\Dataset\Optimistic\OP_541.jpg,Optimistic,True,224,84,RGB,d80451a8b245d5c0d17a62f4aa58d03f473eb562bb5546ddaf11b0d141b738fc
C:\Users\koush\OneDrive\Documents\archive (4)\Dataset\Optimistic\OP_542.jpg,Optimistic,True,244,99,RGB,df891bc50261d65a7b79aff63b8ad59003a464204f6c25477b8f42e662d58e20
C:\Users\koush\OneDrive\Documents\archive (4)\Dataset\Optimistic\OP_543.jpg,Optimistic,True,994,385,RGB,eadef3d6c4bb13678d8da10d0d0ce9ee3e4bb1107f40b5e8bc371ead0d668c71
C:\Users\koush\OneDrive\Documents\archive (4)\Dataset\Optimistic\OP_544.jpg,Optimistic,True,740,501,RGB,4028a67ba772148b011e51213cc8699a127a17e9759b0b5b27644d2454d1fbb6
C:\Users\koush\OneDrive\Documents\archive (4)\Dataset\Optimistic\OP_545.jpg,Optimistic,True,294,103,RGB,4dd973e1c81e0a1ac75c096bdc2b42f4f07f45534abb5ce3b4b46c833a1deb12
C:\Users\koush\OneDrive\Documents\archive (4)\Dataset\Optimistic\OP_546.jpg,Optimistic,True,343,975,RGB,9599c5e61cb3881036b35cba402d5ed7a28c1972afdc269dc5429a42ca4213c9
C:\Users\koush\OneDrive\Documents\archive (4)\Dataset\Optimistic\OP_547.jpg,Optimistic,True,205,75,RGB,df4234cde41abf38ca5eb4edbe012da2d01fb6659df6ec961a2d6f030a431e17
C:\Users\koush\OneDrive\Documents\archive (4)\Dataset\Optimistic\OP_548.jpg,Optimistic,True,212,95,RGB,9c4384e15a2d945a845dfb10a5511d58129248fb08b97145972fcecba93f4bee
C:\Users\koush\OneDrive\Documents\archive (4)\Dataset\Optimistic\OP_549.jpg,Optimistic,True,1231,480,RGB,f7165368aa08b3049797514f5935d94bdccd04716d027c39e3d0c167a1ceccd2
C:\Users\koush\OneDrive\Documents\archive (4)\Dataset\Optimistic\OP_55.jpg,Optimistic,True,817,449,RGB,606cc91be977e739c0abc8205911c2d854eb3cb0128af0d297d75299a79266af
C:\Users\koush\OneDrive\Documents\archive (4)\Dataset\Optimistic\OP_550.jpg,Optimistic,True,253,96,RGB,de28cb58d0b7722970faae8e9f1d53b0a2b105ecce34637ecbd1d1a372301f21
C:\Users\koush\OneDrive\Documents\archive (4)\Dataset\Optimistic\OP_551.jpg,Optimistic,True,307,60,RGB,a1ea4c0ef1b8ea3b675ee861cf8c1814d6340e7500f86724aa0c68c5dc9835ed
C:\Users\koush\OneDrive\Documents\archive (4)\Dataset\Optimistic\OP_552.jpg,Optimistic,True,1188,322,RGB,01a13806566ab9cbb4957cbc3f3c6e9142c66c05aad9203c60fde4219f08a751
C:\Users\koush\OneDrive\Documents\archive (4)\Dataset\Optimistic\OP_553.jpg,Optimistic,True,492,246,RGB,608332a57b8dea81c9019515eef85b0dda0787f901765c56decc0c1fbf617ca2
C:\Users\koush\OneDrive\Documents\archive (4)\Dataset\Optimistic\OP_554.jpg,Optimistic,True,336,103,RGB,83443d15828b2ec69e5303ec7972ad2dcb6f1474c884e73ced66dac229a321cc
C:\Users\koush\OneDrive\Documents\archive (4)\Dataset\Optimistic\OP_555.jpg,Optimistic,True,824,307,RGB,a2849d5a4add16dd5f489c018757dc798bbd9980e050556e141b94c49dfe7065
C:\Users\koush\OneDrive\Documents\archive (4)\Dataset\Optimistic\OP_556.jpg,Optimistic,True,270,198,RGB,07b734f95f21e1460521604e04790563a445b4b991371d847634ec8a2b501fef
C:\Users\koush\OneDrive\Documents\archive (4)\Dataset\Optimistic\OP_557.jpg,Optimistic,True,250,71,RGB,34a52be69eb42f4a3dcc08df102e3bcd15c55e24efa105c1c3f12968b216c277
C:\Users\koush\OneDrive\Documents\archive (4)\Dataset\Optimistic\OP_558.jpg,Optimistic,True,400,924,RGB,52bd2460413604fe691f8c4a2ae186a73454d60ecc08b902400953effcd03b31
C:\Users\koush\OneDrive\Documents\archive (4)\Dataset\Optimistic\OP_559.jpg,Optimistic,True,476,169,RGB,adc04eeeefef9898c071517dcebc983570e36a86eb80cfe94b2120385be40ab1
C:\Users\koush\OneDrive\Documents\archive (4)\Dataset\Optimistic\OP_56.jpg,Optimistic,True,1052,432,RGB,e1636e8cc3fb5595bf58b569e090bb2b2f8eaa61ef0782188c16246d98c559cd
C:\Users\koush\OneDrive\Documents\archive (4)\Dataset\Optimistic\OP_560.jpg,Optimistic,True,244,51,RGB,12209e5180516a4e2e8aa4ea51bbb39dc948618b0285321b444e86639f23f334
C:\Users\koush\OneDrive\Documents\archive (4)\Dataset\Optimistic\OP_561.jpg,Optimistic,True,458,1136,RGB,d734dc2fd00bdee2c53fedf665e6fa0da0bf0579a6b3ee265fd3bfd7c57ffd7c
C:\Users\koush\OneDrive\Documents\archive (4)\Dataset\Optimistic\OP_562.jpg,Optimistic,True,360,169,RGB,7605ba4ad5622c562ea45308533d3bb0e860e523cce0ed942700b096c15657c0
C:\Users\koush\OneDrive\Documents\archive (4)\Dataset\Optimistic\OP_563.jpg,Optimistic,True,400,99,RGB,c7d7fba1cdd59059241d298556b362a2cea8c9ccb06ade4309b8f9e234e4144e
C:\Users\koush\OneDrive\Documents\archive (4)\Dataset\Optimistic\OP_564.jpg,Optimistic,True,475,1011,RGB,6b22cf9725f4bfa1f2f83439261aa25e29c285c02658abded3aad574a26e026f
C:\Users\koush\OneDrive\Documents\archive (4)\Dataset\Optimistic\OP_565.jpg,Optimistic,True,606,263,RGB,56144ad4ebacb7e4a74a8f1e81606e3a3b2f78404341b912bb3a239166491422
C:\Users\koush\OneDrive\Documents\archive (4)\Dataset\Optimistic\OP_566.jpg,Optimistic,True,337,88,RGB,72372c1d5cf2c9c14a48316f0c437d814c7cc0f6e45907a402f2415492323d45
C:\Users\koush\OneDrive\Documents\archive (4)\Dataset\Optimistic\OP_567.jpg,Optimistic,True,894,367,RGB,c4848b8243eb83ca592d0136a915d624fb92cd1f6bbf772314da14a0e9a33ab3
C:\Users\koush\OneDrive\Documents\archive (4)\Dataset\Optimistic\OP_568.jpg,Optimistic,True,482,172,RGB,6f61dd6d578b4a771d9fe120c964f271a47d50a098b8bfd17cd6bdc9efa41995
C:\Users\koush\OneDrive\Documents\archive (4)\Dataset\Optimistic\OP_569.jpg,Optimistic,True,343,104,RGB,0c526e2f716056830f0301702f18d3168389eceaf2ed260e4807ef68c75cd1a4
C:\Users\koush\OneDrive\Documents\archive (4)\Dataset\Optimistic\OP_57.jpg,Optimistic,True,1205,408,RGB,48519153b63ecc1bd3c159058d554877ab33a6ff60d9dbb4da648cd813027520
C:\Users\koush\OneDrive\Documents\archive (4)\Dataset\Optimistic\OP_570.jpg,Optimistic,True,495,1028,RGB,7f995ea2780d0a3023c5519df61abe4b515c1a03f00cd7381dff80b6bc179b4e
C:\Users\koush\OneDrive\Documents\archive (4)\Dataset\Optimistic\OP_571.jpg,Optimistic,True,428,180,RGB,d41d7ced39d131826bdc39facc8f85da613b302ad8a430b82313a0ffa752d3a2
C:\Users\koush\OneDrive\Documents\archive (4)\Dataset\Optimistic\OP_572.jpg,Optimistic,True,293,119,RGB,f0a90b25034fb53165fe9ffb4c7e1bf019e2b90b5febcabfe273ccddefa80132
C:\Users\koush\OneDrive\Documents\archive (4)\Dataset\Optimistic\OP_573.jpg,Optimistic,True,356,981,RGB,7e7be8c7369b55ab948ce20cf7f6396602ea7d0727d5f95177de8fbc3f93cd81
C:\Users\koush\OneDrive\Documents\archive (4)\Dataset\Optimistic\OP_574.jpg,Optimistic,True,432,303,RGB,57f09186b541580ecf9df2b1890a79ba36fef98c04895d2117958f615266dcee
C:\Users\koush\OneDrive\Documents\archive (4)\Dataset\Optimistic\OP_575.jpg,Optimistic,True,362,96,RGB,b1b5e67e7ee1c1cd5b5f38d1d1761c130f12e97bdff4eb272f9764d97d9d3aac
C:\Users\koush\OneDrive\Documents\archive (4)\Dataset\Optimistic\OP_576.jpg,Optimistic,True,1188,347,RGB,39ed660927490a55bf309a86365ed273253145613c59c44b65d221eadb4be348
C:\Users\koush\OneDrive\Documents\archive (4)\Dataset\Optimistic\OP_577.jpg,Optimistic,True,335,184,RGB,47b5dbc9d0db0a253089db04efc4cf1a207c019417de05565ca325457ac71a5e
C:\Users\koush\OneDrive\Documents\archive (4)\Dataset\Optimistic\OP_578.jpg,Optimistic,True,351,130,RGB,f66ade316b043a8faa40d8db9e0b8877c691e41820d8531236536ded0795feea
C:\Users\koush\OneDrive\Documents\archive (4)\Dataset\Optimistic\OP_579.jpg,Optimistic,True,747,302,RGB,7c4d5b0c0cfcf9edfd892f17758a6a86b1a337e5ac0f6dbe65553c816f89902e
C:\Users\koush\OneDrive\Documents\archive (4)\Dataset\Optimistic\OP_58.jpg,Optimistic,True,1382,874,RGB,e7c1e841ab76dfbedd6709cddf68e9651d1adc19a0c040ac713f2945b7bceeda
C:\Users\koush\OneDrive\Documents\archive (4)\Dataset\Optimistic\OP_580.jpg,Optimistic,True,323,160,RGB,853c2ce72ab4cd47ee3c68bba3169edf70b5384b3d0fa25811a1d7475542d35d
C:\Users\koush\OneDrive\Documents\archive (4)\Dataset\Optimistic\OP_581.jpg,Optimistic,True,354,101,RGB,e5e64a947d467daf7ccad37155d6e4ed87066b5f1e50de106d04e3153bb1aa7d
C:\Users\koush\OneDrive\Documents\archive (4)\Dataset\Optimistic\OP_582.jpg,Optimistic,True,400,805,RGB,379d551ffba303d2e372a3c0ccf7ab048b0d2529f7ec96edecb8836d0f95d3bb
C:\Users\koush\OneDrive\Documents\archive (4)\Dataset\Optimistic\OP_583.jpg,Optimistic,True,324,140,RGB,f898f8d5c0c172959eeb378a41b35843e6264b6e53742dac1eced5b109b6f71f
C:\Users\koush\OneDrive\Documents\archive (4)\Dataset\Optimistic\OP_584.jpg,Optimistic,True,321,108,RGB,1dfbec090bd635b0641c23d321f7e0fd7787aba88605a95e8bd06b5af8d0880a
C:\Users\koush\OneDrive\Documents\archive (4)\Dataset\Optimistic\OP_585.jpg,Optimistic,True,458,1136,RGB,a5a15fc6f1b19165f8c73adc190f72d74ab8c26976b8930844773f204570aa2a
C:\Users\koush\OneDrive\Documents\archive (4)\Dataset\Optimistic\OP_586.jpg,Optimistic,True,342,172,RGB,cba8fb59d87f19ff065e7715cc233263ac893ba595861c4e6897cb3f9d7e7f8a
C:\Users\koush\OneDrive\Documents\archive (4)\Dataset\Optimistic\OP_587.jpg,Optimistic,True,382,103,RGB,5098bedef14d239accf442031831a700765df20e950cff45b54308da972e5f8a
C:\Users\koush\OneDrive\Documents\archive (4)\Dataset\Optimistic\OP_588.jpg,Optimistic,True,974,458,RGB,575d17d4c2374a211004ae0d42d3a8af25972723ad0cdafa7d9db08b16b83999
C:\Users\koush\OneDrive\Documents\archive (4)\Dataset\Optimistic\OP_589.jpg,Optimistic,True,422,236,RGB,e325433da05b487b38d780cc54fddd53a84750d537488f3309d2c5e09caa83df
C:\Users\koush\OneDrive\Documents\archive (4)\Dataset\Optimistic\OP_59.jpg,Optimistic,True,917,457,RGB,d6f9e89b60d5a8cf117a49b0f37e820f95d17e79e889c6bf4e679b575574bdd9
C:\Users\koush\OneDrive\Documents\archive (4)\Dataset\Optimistic\OP_590.jpg,Optimistic,True,409,115,RGB,66d86c0679b94723ea850479488f6988205f80d30cc852ecaafb334d77b619fc
C:\Users\koush\OneDrive\Documents\archive (4)\Dataset\Optimistic\OP_591.jpg,Optimistic,True,827,352,RGB,9edb66dc7e439975d9eefbd8e5e4cb92ffb7d25e42834a266105883ea5ec183b
C:\Users\koush\OneDrive\Documents\archive (4)\Dataset\Optimistic\OP_592.jpg,Optimistic,True,528,204,RGB,aa2bdd05b117065e06cdd79949906082276e92e01560179d9f62ae9f3893ef02
C:\Users\koush\OneDrive\Documents\archive (4)\Dataset\Optimistic\OP_593.jpg,Optimistic,True,373,123,RGB,d192e16b645997f3beca77e3640cabfa7ad7ae4f7a6c83eb0956183674aa07ee
C:\Users\koush\OneDrive\Documents\archive (4)\Dataset\Optimistic\OP_594.jpg,Optimistic,True,495,1028,RGB,35419f0bc4d663eeb46c83d8b95674283b7311aa18ad3f0dbcf0227ae725f778
C:\Users\koush\OneDrive\Documents\archive (4)\Dataset\Optimistic\OP_595.jpg,Optimistic,True,429,295,RGB,95a05b4d4ba95cadd4cb41b2847adfecc93b4f960333f458001804d087fe0304
C:\Users\koush\OneDrive\Documents\archive (4)\Dataset\Optimistic\OP_596.jpg,Optimistic,True,395,137,RGB,4309b2bcab7b9553119db3b887ffdc3cce15aa2d5c936958b548b872662ce01a
C:\Users\koush\OneDrive\Documents\archive (4)\Dataset\Optimistic\OP_597.jpg,Optimistic,True,397,1165,RGB,8ba580bdca840a05cf583bab8c8cdcf07b58e2e829ee5c45b3945dd4585d0983
C:\Users\koush\OneDrive\Documents\archive (4)\Dataset\Optimistic\OP_598.jpg,Optimistic,True,300,188,RGB,7d5deab32401d82a988a67c015c6a6ff578270aef0994ce8e625bd9076dae31b
C:\Users\koush\OneDrive\Documents\archive (4)\Dataset\Optimistic\OP_599.jpg,Optimistic,True,1127,392,RGB,744c37eb0f1d2a9ec50ef82a77acc3c699d3e15443ab9aa38a586d7f1e37ed76
C:\Users\koush\OneDrive\Documents\archive (4)\Dataset\Optimistic\OP_6.jpg,Optimistic,True,535,1311,RGB,ca0770258c35d12b04aee30ade98a837747345405cdadd4655f79654124edebc
C:\Users\koush\OneDrive\Documents\archive (4)\Dataset\Optimistic\OP_60.jpg,Optimistic,True,1123,447,RGB,935eeb110d71ebbc9668f6c38e64d9a861b95bd1f542714814bb7bb40a08a6ac
C:\Users\koush\OneDrive\Documents\archive (4)\Dataset\Optimistic\OP_600.jpg,Optimistic,True,789,324,RGB,6614c6ba8c7b1041b499b22d3ed515973862a95423714478c9a2d08291c9ef42
C:\Users\koush\OneDrive\Documents\archive (4)\Dataset\Optimistic\OP_601.jpg,Optimistic,True,550,255,RGB,66c73e6c325edf7b0ad808d23398643b7b1a18bdbd27ac2c19a83a11beaf048b
C:\Users\koush\OneDrive\Documents\archive (4)\Dataset\Optimistic\OP_602.jpg,Optimistic,True,768,232,RGB,3f06655b04c49cdb0ad6eca0886ec1943058e327c5ff20b9ff292670d15ed34e
C:\Users\koush\OneDrive\Documents\archive (4)\Dataset\Optimistic\OP_603.jpg,Optimistic,True,1204,407,RGB,0e49947b0595556fd04ec1cb64f236620028f448e382541f7c460517a8f15d5f
C:\Users\koush\OneDrive\Documents\archive (4)\Dataset\Optimistic\OP_604.jpg,Optimistic,True,164,81,RGB,2bd54affd8b1e0401ce4a9192924409ba3925e3d94ada1c9bed08db28581265e
C:\Users\koush\OneDrive\Documents\archive (4)\Dataset\Optimistic\OP_605.jpg,Optimistic,True,805,227,RGB,56a667295aab81bdda6739670d368c37a5ec175ab5ee6debf705309b0b174467
C:\Users\koush\OneDrive\Documents\archive (4)\Dataset\Optimistic\OP_606.jpg,Optimistic,True,400,805,RGB,1dc0139df18e9977210eca916c282e240663a982014d0e656f5165d7818a4b0b
C:\Users\koush\OneDrive\Documents\archive (4)\Dataset\Optimistic\OP_607.jpg,Optimistic,True,577,360,RGB,7063ff443b5c0ffacbecd802312b43d652f0df6205a77f5316c7b567719250b2
C:\Users\koush\OneDrive\Documents\archive (4)\Dataset\Optimistic\OP_608.jpg,Optimistic,True,1568,404,RGB,19e792c6c9d10f95aac4a59ef5a4a84d6dea63977158f3f798aa515e49f7fbe5
C:\Users\koush\OneDrive\Documents\archive (4)\Dataset\Optimistic\OP_609.jpg,Optimistic,True,788,310,RGB,b7d7d5883d7da3cc6a9c473bae1d0a9c3ee013b2021bdb9ef92e4895429a7b6b
C:\Users\koush\OneDrive\Documents\archive (4)\Dataset\Optimistic\OP_61.jpg,Optimistic,True,960,508,RGB,f0f157ce255e4c0b33b1f3d83c88dd27e216d23e6580bfea3087ad334f026a0f
C:\Users\koush\OneDrive\Documents\archive (4)\Dataset\Optimistic\OP_610.jpg,Optimistic,True,256,222,RGB,e33935767d4f84806c04805b963e3bb35034c00cdbcd77c08d01f1616849efa5
C:\Users\koush\OneDrive\Documents\archive (4)\Dataset\Optimistic\OP_611.jpg,Optimistic,True,843,221,RGB,d755481b13468d57de5166ef880a5673dd407855eb32dc426140b12ea15d7f01
C:\Users\koush\OneDrive\Documents\archive (4)\Dataset\Optimistic\OP_612.jpg,Optimistic,True,363,805,RGB,1400aa719935210754af733c4a91537d14abfc85431298fbe56c54e8f62d20b2
C:\Users\koush\OneDrive\Documents\archive (4)\Dataset\Optimistic\OP_613.jpg,Optimistic,True,192,81,RGB,16f5088a93174c05fdf6378e924dfc3bbc9048fe8b6cebc819445455c45c9e44
C:\Users\koush\OneDrive\Documents\archive (4)\Dataset\Optimistic\OP_614.jpg,Optimistic,True,973,242,RGB,354953630d539d2466258ab3f8fe081af39b927e4ae8962bbf9b22cf741f89b8
C:\Users\koush\OneDrive\Documents\archive (4)\Dataset\Optimistic\OP_615.jpg,Optimistic,True,837,311,RGB,ffaecbab039a46610ecb7507a9e0f095fec6a6cea5b4fdd25ab40195cc6bf2b5
C:\Users\koush\OneDrive\Documents\archive (4)\Dataset\Optimistic\OP_616.jpg,Optimistic,True,656,398,RGB,5ffb225aff74219dfd59495f01c6bb4f6764f8e84feae38d9e5d0c38ed6350e8
C:\Users\koush\OneDrive\Documents\archive (4)\Dataset\Optimistic\OP_617.jpg,Optimistic,True,850,373,RGB,2ae1ed64330b8287cb3da6dfed466b6c8e385bcd113b0ac8c50cf08a09f0fd14
C:\Users\koush\OneDrive\Documents\archive (4)\Dataset\Optimistic\OP_618.jpg,Optimistic,True,425,849,RGB,19e9cbf411ceb31150abc0d654422bb6673e049a88fa5a2784be9bd568463970
C:\Users\koush\OneDrive\Documents\archive (4)\Dataset\Optimistic\OP_619.jpg,Optimistic,True,169,96,RGB,a03d52502d32964a707b313e066872df88f843dce6af4eee54b61604b4355909
C:\Users\koush\OneDrive\Documents\archive (4)\Dataset\Optimistic\OP_62.jpg,Optimistic,True,1393,458,RGB,27e2b4484d8dcd753f9074939014e512e81c32719b47db29b3923fcf684f842d
C:\Users\koush\OneDrive\Documents\archive (4)\Dataset\Optimistic\OP_620.jpg,Optimistic,True,887,251,RGB,9933805bcf4be88d1357720497fa0220a382aead3a4bbdaecbb84a8732f155c0
C:\Users\koush\OneDrive\Documents\archive (4)\Dataset\Optimistic\OP_621.jpg,Optimistic,True,882,335,RGB,c10743cf16e66f4f0d350d93f32cc24b7960aeaa89ef00bae56ffacc0876615c
C:\Users\koush\OneDrive\Documents\archive (4)\Dataset\Optimistic\OP_622.jpg,Optimistic,True,537,295,RGB,bf451f30e085704e363bce29eddbc5c016fc84b2cb175775e1df52eec2fe61e7
C:\Users\koush\OneDrive\Documents\archive (4)\Dataset\Optimistic\OP_623.jpg,Optimistic,True,609,280,RGB,49cbff9ab3a15d6cc311a4df5037f3cc29ac09a20566d4bd3610364ff20a3408
C:\Users\koush\OneDrive\Documents\archive (4)\Dataset\Optimistic\OP_624.jpg,Optimistic,True,873,330,RGB,b2bcd90339e210c9101e0a729f3d837d0ade6103714830aff81fb3adadb39e27
C:\Users\koush\OneDrive\Documents\archive (4)\Dataset\Optimistic\OP_625.jpg,Optimistic,True,273,203,RGB,8147edf58d17bf955b01079ae45a1c0fa540848109ba88454c14bf2f2e549839
C:\Users\koush\OneDrive\Documents\archive (4)\Dataset\Optimistic\OP_626.jpg,Optimistic,True,789,225,RGB,2870ef6bb533a421081ce4e72502b4c59a1b57e71129106abaff78f052adb923
C:\Users\koush\OneDrive\Documents\archive (4)\Dataset\Optimistic\OP_627.jpg,Optimistic,True,877,340,RGB,296988a5c9d7bb97e9893283f65223c19f61af28f70f30c2f2a4a19f3387edd9
C:\Users\koush\OneDrive\Documents\archive (4)\Dataset\Optimistic\OP_628.jpg,Optimistic,True,452,286,RGB,56ca92086fa5862b41e8c906f87186ae64ee08a1b251dcb793b92319cabe8825
C:\Users\koush\OneDrive\Documents\archive (4)\Dataset\Optimistic\OP_629.jpg,Optimistic,True,984,539,RGB,4f233ba1ab73f708ed19cb6d54a37d3a4074c1eb2c815be301aa1c5e92cd0fc9
C:\Users\koush\OneDrive\Documents\archive (4)\Dataset\Optimistic\OP_63.jpg,Optimistic,True,1432,466,RGB,de84fb9ea3deaba7f3f7023804c210d84fecc47f639de2f593c99cdae944b448
C:\Users\koush\OneDrive\Documents\archive (4)\Dataset\Optimistic\OP_630.jpg,Optimistic,True,765,326,RGB,a0da9092bfb4c0e46835ba54e98847025e5dbff808aef9dcab501ab80868a47a
C:\Users\koush\OneDrive\Documents\archive (4)\Dataset\Optimistic\OP_631.jpg,Optimistic,True,853,425,RGB,d96ea55881e1e4bbba0ce8b93688b49100b16d19f3b92181bc823e4850140d60
C:\Users\koush\OneDrive\Documents\archive (4)\Dataset\Optimistic\OP_632.jpg,Optimistic,True,467,238,RGB,f606860105e765de02cffd2026021dc8655818bbe997adf23faf167ede09d5d1
C:\Users\koush\OneDrive\Documents\archive (4)\Dataset\Optimistic\OP_633.jpg,Optimistic,True,1444,599,RGB,0ace75d8b47342f0fc653c00913099a0c0005c4dc7b92defc4d8292b95dd14bd
C:\Users\koush\OneDrive\Documents\archive (4)\Dataset\Optimistic\OP_634.jpg,Optimistic,True,543,347,RGB,d92861069f2fec83881011e4c3285835cabf20319551eaa0703ba01b59fbab97
C:\Users\koush\OneDrive\Documents\archive (4)\Dataset\Optimistic\OP_635.jpg,Optimistic,True,567,223,RGB,151213439e8b8a62f62213bc6cb6a0611254400946df0399ee5e0d6de9240bfc
C:\Users\koush\OneDrive\Documents\archive (4)\Dataset\Optimistic\OP_636.jpg,Optimistic,True,1767,407,RGB,6e5abd39c3a69238da217c1889c2ca218254eab55b66c73277f84bbcd06ce907
C:\Users\koush\OneDrive\Documents\archive (4)\Dataset\Optimistic\OP_637.jpg,Optimistic,True,895,522,RGB,f44ad6a24ba7e7851346d2109b914028306f211e0cba2fc9ee1cbebd6156eea8
C:\Users\koush\OneDrive\Documents\archive (4)\Dataset\Optimistic\OP_638.jpg,Optimistic,True,751,415,RGB,9c7d94b5a1e57e7b7beb2bd0a235f04f44e49421c7db120b152171d59f87db2d
C:\Users\koush\OneDrive\Documents\archive (4)\Dataset\Optimistic\OP_639.jpg,Optimistic,True,893,355,RGB,f9a8646f06c330220bbe6021c90c150d2ebe01083c07bcc1ecd2ca4d0d45d895
C:\Users\koush\OneDrive\Documents\archive (4)\Dataset\Optimistic\OP_64.jpg,Optimistic,True,975,626,RGB,a667d1233a707f9eb09596e37215113cbae2ac3ba426798a2b67b7eb526eecd5
C:\Users\koush\OneDrive\Documents\archive (4)\Dataset\Optimistic\OP_640.jpg,Optimistic,True,1115,585,RGB,07b395045e0e67ce18c134a898eff54e45cb62c92daeb1898dc1377cd6c30919
C:\Users\koush\OneDrive\Documents\archive (4)\Dataset\Optimistic\OP_641.jpg,Optimistic,True,904,443,RGB,bb4c2ee0629a0a93f819d68618df808a2652d75f6780591ef357f7e54de822d7
C:\Users\koush\OneDrive\Documents\archive (4)\Dataset\Optimistic\OP_642.jpg,Optimistic,True,2055,628,RGB,ea89a5bb9d6da54c1075fe3eedc4c3c33c7399a1f7a4072278cc37360d65772b
C:\Users\koush\OneDrive\Documents\archive (4)\Dataset\Optimistic\OP_643.jpg,Optimistic,True,1120,547,RGB,e03d55c7770f94f6115ae48c6b75d785590d253d52705fffc43f641d272c19e5
C:\Users\koush\OneDrive\Documents\archive (4)\Dataset\Optimistic\OP_644.jpg,Optimistic,True,1395,458,RGB,aad3fb371ff9a4137ccb69f46e280397e7dac0828017e84aa6c679d46b61df21
C:\Users\koush\OneDrive\Documents\archive (4)\Dataset\Optimistic\OP_645.jpg,Optimistic,True,922,351,RGB,732ae5d7ba972e71242ece5e0195a758e0bb9035aca161a8ef5b7b8273fda846
C:\Users\koush\OneDrive\Documents\archive (4)\Dataset\Optimistic\OP_646.jpg,Optimistic,True,994,626,RGB,b5867269cc285664d129d5cfe9bc645eb4540ed22f4dd75c96b3ea7f98fb595d
C:\Users\koush\OneDrive\Documents\archive (4)\Dataset\Optimistic\OP_647.jpg,Optimistic,True,1182,429,RGB,b24bbe113c7cfa38c973e2e3d428c373cbd5cfaabc0b427fee000d8a3b48b97c
C:\Users\koush\OneDrive\Documents\archive (4)\Dataset\Optimistic\OP_648.jpg,Optimistic,True,765,326,RGB,e0baf6da700191782ced73aacaf373a721c0008bccd14dfc666a4e5e862a241a
C:\Users\koush\OneDrive\Documents\archive (4)\Dataset\Optimistic\OP_649.jpg,Optimistic,True,1139,627,RGB,511b0f69fee997f4d7e6638401f38a05a5fb56dfb45fdae6c81999ce5315e828
C:\Users\koush\OneDrive\Documents\archive (4)\Dataset\Optimistic\OP_65.jpg,Optimistic,True,1182,429,RGB,b24bbe113c7cfa38c973e2e3d428c373cbd5cfaabc0b427fee000d8a3b48b97c
C:\Users\koush\OneDrive\Documents\archive (4)\Dataset\Optimistic\OP_650.jpg,Optimistic,True,1116,367,RGB,14d3e30d6918941e53ded15c1ddc0147e2bed233570d990f877f313df218e1fe
C:\Users\koush\OneDrive\Documents\archive (4)\Dataset\Optimistic\OP_651.jpg,Optimistic,True,893,345,RGB,2981e0ebb1fd1faf3ffa1b9b003fa04b0968b5e43595fd72f52faf37fff0714b
C:\Users\koush\OneDrive\Documents\archive (4)\Dataset\Optimistic\OP_652.jpg,Optimistic,True,908,523,RGB,084460f77b140377fa6102cf3acb18a1667c61180938fd62d7e5451e7e2a73d5
C:\Users\koush\OneDrive\Documents\archive (4)\Dataset\Optimistic\OP_653.jpg,Optimistic,True,1280,532,RGB,fee088bf02cf7721794eeb65baa5d4f9054f381a86cd048148f1ec9d97086e2d
C:\Users\koush\OneDrive\Documents\archive (4)\Dataset\Optimistic\OP_654.jpg,Optimistic,True,849,344,RGB,89cddc9ce55275a94beedea60414aa35cdaadea8214a7b5f5e3fec4e115adb42
C:\Users\koush\OneDrive\Documents\archive (4)\Dataset\Optimistic\OP_655.jpg,Optimistic,True,198,114,RGB,3b941bbba272d2c3d2129d9df3ac1883b23683b54c8d29ec99aa8604c324adb9
C:\Users\koush\OneDrive\Documents\archive (4)\Dataset\Optimistic\OP_656.jpg,Optimistic,True,236,72,RGB,d0344a1cc9bc6b1c49885a807b0d756f8411dbf5e199f853edbf3be8484336b7
C:\Users\koush\OneDrive\Documents\archive (4)\Dataset\Optimistic\OP_657.jpg,Optimistic,True,1349,450,RGB,d1ad8fbd0cbf35c34e50e32ef04c617da315560d175cd78e95b3ba9b0a4c7714
C:\Users\koush\OneDrive\Documents\archive (4)\Dataset\Optimistic\OP_658.jpg,Optimistic,True,410,259,RGB,b8d519e88ee5156fa7342a0833acfa9ba5068a6af3a17100a784f41488f89336
C:\Users\koush\OneDrive\Documents\archive (4)\Dataset\Optimistic\OP_659.jpg,Optimistic,True,378,103,RGB,e7273201c7b8a5059a90bffc296a60ad6dd80bafcb5cc4caa5cd39a6b52d0c5c
C:\Users\koush\OneDrive\Documents\archive (4)\Dataset\Optimistic\OP_66.jpg,Optimistic,True,954,449,RGB,9a20b6467b25d4fe03e8aa56d3c54367072511d71f3c9f6692ac62e4a95de922
C:\Users\koush\OneDrive\Documents\archive (4)\Dataset\Optimistic\OP_660.jpg,Optimistic,True,1349,450,RGB,5ee3561dca58b905358701ec6f499e1112d181b22512933ec7e1462ba3acf7b5
C:\Users\koush\OneDrive\Documents\archive (4)\Dataset\Optimistic\OP_661.jpg,Optimistic,True,124,95,RGB,c92ad441c9f045ffad48d1264ee04a16cff5d2a1d757c83ecf2baea12f7ab51c
C:\Users\koush\OneDrive\Documents\archive (4)\Dataset\Optimistic\OP_662.jpg,Optimistic,True,250,79,RGB,430cbcb90b42d42e7f1b3f9a02b701ec2910049dc0e6a7f17bef3772ce07ca58
C:\Users\koush\OneDrive\Documents\archive (4)\Dataset\Optimistic\OP_663.jpg,Optimistic,True,608,347,RGB,4b057cb127ab587b74f5f7b6e8969effe7397ce4a523ce44015ac59dbae4cbba
C:\Users\koush\OneDrive\Documents\archive (4)\Dataset\Optimistic\OP_664.jpg,Optimistic,True,510,365,RGB,5251df16e2681fd7f0de4768da328d317d96dfd8f679cbbec29b92b5d2b006af
C:\Users\koush\OneDrive\Documents\archive (4)\Dataset\Optimistic\OP_665.jpg,Optimistic,True,253,64,RGB,eef211a2e73f2bf11f52af72237b5a209027554357da37da6b50da1f4be52cb5
C:\Users\koush\OneDrive\Documents\archive (4)\Dataset\Optimistic\OP_666.jpg,Optimistic,True,1212,456,RGB,1c5976cad9ae1e33e0b8500ede40b89c41ff78beeff2f5735d629975526b1d74
C:\Users\koush\OneDrive\Documents\archive (4)\Dataset\Optimistic\OP_67.jpg,Optimistic,True,1106,607,RGB,4c3923a70ab3873c1aa897414f08e4193544649af768b584d14e2ce3cdc6fe02
C:\Users\koush\OneDrive\Documents\archive (4)\Dataset\Optimistic\OP_68.jpg,Optimistic,True,1143,454,RGB,896e6c84d356bb499151f82ddb8b468349d136a6646879c02163096c25a22024
C:\Users\koush\OneDrive\Documents\archive (4)\Dataset\Optimistic\OP_69.jpg,Optimistic,True,1240,418,RGB,f01ad66c12201a6ba1efebd8529486c87ab22a4c17abd672e8e3bada4dc5192b
C:\Users\koush\OneDrive\Documents\archive (4)\Dataset\Optimistic\OP_7.jpg,Optimistic,True,928,500,RGB,b140511ceaaf1665c91f48c167a96b1559778364cebb648ae443fa249c4e6b6a
C:\Users\koush\OneDrive\Documents\archive (4)\Dataset\Optimistic\OP_70.jpg,Optimistic,True,879,500,RGB,d224a2cd1eacbe4b911b2745112f4e1bde6b693cd04378f24fd34e2706e73b35
C:\Users\koush\OneDrive\Documents\archive (4)\Dataset\Optimistic\OP_71.jpg,Optimistic,True,1280,487,RGB,5b28504a45a276173f602015085fa0c212fd81e0de11c1535b5b2bd910f39ab4
C:\Users\koush\OneDrive\Documents\archive (4)\Dataset\Optimistic\OP_72.jpg,Optimistic,True,856,390,RGB,3304e2e315f8ea49ae97d9e378a96381addef66746c813d7891d9db469a35f8b
C:\Users\koush\OneDrive\Documents\archive (4)\Dataset\Optimistic\OP_73.jpg,Optimistic,True,1008,497,RGB,5c5846dbb1dd110d089a8cf33e3a2b31c44c7696d3fe408deaf80dd00a10d705
C:\Users\koush\OneDrive\Documents\archive (4)\Dataset\Optimistic\OP_74.jpg,Optimistic,True,854,371,RGB,6d689ab5b27b8ee9fe162d5120fc6ffe3f1782c54ed23fedfd9fdc5889586ad7
C:\Users\koush\OneDrive\Documents\archive (4)\Dataset\Optimistic\OP_75.jpg,Optimistic,True,324,847,RGB,d07dba94fb825830643feb000cf7a5a80201ac57617d20e56d91c040e29fd31c
C:\Users\koush\OneDrive\Documents\archive (4)\Dataset\Optimistic\OP_76.jpg,Optimistic,True,1046,608,RGB,5a7c457f77f78db8a5fcf6f19414953a3b5dc8e5af50802a9f254c7db398766d
C:\Users\koush\OneDrive\Documents\archive (4)\Dataset\Optimistic\OP_77.jpg,Optimistic,True,1011,454,RGB,7d8ab3f61fb2a218c6e420e682816c98db851ac2d0b111a5dedb8ca71ebcd9d7
C:\Users\koush\OneDrive\Documents\archive (4)\Dataset\Optimistic\OP_78.jpg,Optimistic,True,326,825,RGB,cef3ebc6d3c674e0f040cad0d082ffb8fc1c503bfbe1aeb8e9ca8f6292ebb629
C:\Users\koush\OneDrive\Documents\archive (4)\Dataset\Optimistic\OP_79.jpg,Optimistic,True,1170,631,RGB,30abf7f86bcea35a6ca544e8000c3c6a0b06602d08fe7b106f3932a5a63021c5
C:\Users\koush\OneDrive\Documents\archive (4)\Dataset\Optimistic\OP_8.jpg,Optimistic,True,1355,558,RGB,22eb00647166fe47a632bb90ef9d6fc541655e4a67f0f6efbe0268deb2a8f3b1
C:\Users\koush\OneDrive\Documents\archive (4)\Dataset\Optimistic\OP_80.jpg,Optimistic,True,1519,517,RGB,9296e9fd213520bcddd41d5ea7793babe0c020c7d2ab1d24693b7ed94906b71e
C:\Users\koush\OneDrive\Documents\archive (4)\Dataset\Optimistic\OP_81.jpg,Optimistic,True,1183,498,RGB,6c59bd881f8ba47e502ffc4baa6dbf54fe69a20f1b867409364f6e195c6dca41
C:\Users\koush\OneDrive\Documents\archive (4)\Dataset\Optimistic\OP_82.jpg,Optimistic,True,1262,681,RGB,891ceba2cba7b3b32df28b93175a3b66998d77f36c8cf0d3846ff42902c2de1f
C:\Users\koush\OneDrive\Documents\archive (4)\Dataset\Optimistic\OP_83.jpg,Optimistic,True,1792,680,RGB,0a4e0daebf2cc0039aaf45ab2c23cb66ab082fc587c5a23676d69eeba7af4fc8
C:\Users\koush\OneDrive\Documents\archive (4)\Dataset\Optimistic\OP_84.jpg,Optimistic,True,517,1224,RGB,788bcc0adc87631dfe105f9b64fcb11c484ac2f237fb6ac24cdd633a5bf30795
C:\Users\koush\OneDrive\Documents\archive (4)\Dataset\Optimistic\OP_85.jpg,Optimistic,True,1373,710,RGB,ba4a134f67fa67bf8a6b7d83fae1660a3a98d867737aefa996a7b657e4972e9e
C:\Users\koush\OneDrive\Documents\archive (4)\Dataset\Optimistic\OP_86.jpg,Optimistic,True,1522,514,RGB,4f5baa0e84c78c4a011ba6e4bf4945ea75912ed09e0921c83d42c23f10ac53f2
C:\Users\koush\OneDrive\Documents\archive (4)\Dataset\Optimistic\OP_87.jpg,Optimistic,True,394,1067,RGB,d6b2750d9ddee2f42b6ca51333af91e5ca895cff4c48f47e38ba37d5d8f1ba8c
C:\Users\koush\OneDrive\Documents\archive (4)\Dataset\Optimistic\OP_88.jpg,Optimistic,True,1689,890,RGB,23c1937dd6c97df2d52fa70d9e312e8567eb82479e9d64a3be46785e2ff79c41
C:\Users\koush\OneDrive\Documents\archive (4)\Dataset\Optimistic\OP_89.jpg,Optimistic,True,1697,621,RGB,e0c7f546c6a317b63ce5bd4a3a76bf86bf2a754143acfb22843e142593cab775
C:\Users\koush\OneDrive\Documents\archive (4)\Dataset\Optimistic\OP_9.jpg,Optimistic,True,350,1029,RGB,f93da971d642d3854c0df720d0f1348eb80de679e069d3a720d01b4b98ae4901
C:\Users\koush\OneDrive\Documents\archive (4)\Dataset\Optimistic\OP_90.jpg,Optimistic,True,1722,538,RGB,2981dcd540016f89013d5a9312e00abdc5764c4ac0a9e4da1d2fd16d4111e94c
C:\Users\koush\OneDrive\Documents\archive (4)\Dataset\Optimistic\OP_91.jpg,Optimistic,True,1429,634,RGB,83d5060e241db8a3b85fb7bdabc8a83f1138516f0d7e9912a67c2840ecb99458
C:\Users\koush\OneDrive\Documents\archive (4)\Dataset\Optimistic\OP_92.jpg,Optimistic,True,1846,596,RGB,c246373f5e5c0a611596944e72a0d1d435c131d75d451288dd951cba1760c0f4
C:\Users\koush\OneDrive\Documents\archive (4)\Dataset\Optimistic\OP_93.jpg,Optimistic,True,2033,580,RGB,c6f1f8ac4e36ec905609d8eaf67eceeedbb3ebc41b0d9b454a80f53b8accf2f4
C:\Users\koush\OneDrive\Documents\archive (4)\Dataset\Optimistic\OP_94.jpg,Optimistic,True,1276,611,RGB,7ac836ded9690a0dfc3a4777462b4277eb937f84939b497a964cc1470a3ee676
C:\Users\koush\OneDrive\Documents\archive (4)\Dataset\Optimistic\OP_95.jpg,Optimistic,True,1681,600,RGB,33c4ca56def9f87b5709fd96582db32659f2ab9ee5cdefa5b35a65c3d78605ca
C:\Users\koush\OneDrive\Documents\archive (4)\Dataset\Optimistic\OP_96.jpg,Optimistic,True,1650,464,RGB,54c89f121d132365ff479386f21ee70c9bbf488e8e9f603827eeb497faa61c41
C:\Users\koush\OneDrive\Documents\archive (4)\Dataset\Optimistic\OP_97.jpg,Optimistic,True,1910,694,RGB,7f023b767638a413ee0e3d0067f7614cedf4eaaeb97ec17fda7602691b8d0b97
C:\Users\koush\OneDrive\Documents\archive (4)\Dataset\Optimistic\OP_98.jpg,Optimistic,True,1832,573,RGB,e84936a71a32a059c9164c09ff0a4316a2982b40b30a1b320ab6ae4bd93f8766
C:\Users\koush\OneDrive\Documents\archive (4)\Dataset\Optimistic\OP_99.jpg,Optimistic,True,1739,497,RGB,88e7bc58bd54a897592843ba1092e5f175f3362adebf8095d65f33e2bcd1db55
C:\Users\koush\OneDrive\Documents\archive (4)\Dataset\Pessimistic\PE_1.jpg,Pessimistic,True,1070,591,RGB,3ad5a21043b6100e20af7f2b3fd8fd94104437230f6b85798a8c607153adc204
C:\Users\koush\OneDrive\Documents\archive (4)\Dataset\Pessimistic\PE_10.jpg,Pessimistic,True,725,339,RGB,a83a8bac51e5a0f3df4806261376a5d40c002bfda51abba1ce3725cff3d5f9c4
C:\Users\koush\OneDrive\Documents\archive (4)\Dataset\Pessimistic\PE_100.jpg,Pessimistic,True,1478,722,RGB,53c6dca84791cd67daf3715ce7827bcb6d6d09bee518c7eb1582ceaf67163314
C:\Users\koush\OneDrive\Documents\archive (4)\Dataset\Pessimistic\PE_101.jpg,Pessimistic,True,2496,589,RGB,e35b655ed7abe709929635450ea816504de319e10c00a8df078b5c330b355427
C:\Users\koush\OneDrive\Documents\archive (4)\Dataset\Pessimistic\PE_102.jpg,Pessimistic,True,1426,399,RGB,94a93cd137f456d2a30927c144d33b07761185f2418e3192130f705161c8a44c
C:\Users\koush\OneDrive\Documents\archive (4)\Dataset\Pessimistic\PE_103.jpg,Pessimistic,True,1244,524,RGB,6d67b6415f9b8208754e9cbf069581e9760105e801e3a19f0def3f045a936fa8
C:\Users\koush\OneDrive\Documents\archive (4)\Dataset\Pessimistic\PE_104.jpg,Pessimistic,True,1690,460,RGB,0754a883b786eb836d5efa40d1b778946e9b67d4ea8b2b421f0a2897ee988d2b
C:\Users\koush\OneDrive\Documents\archive (4)\Dataset\Pessimistic\PE_105.jpg,Pessimistic,True,1377,396,RGB,a7ed7ac1564c39bcb7b5b2348c515eedf7ad02727ed6d683d6050a99e9dc9d24
C:\Users\koush\OneDrive\Documents\archive (4)\Dataset\Pessimistic\PE_106.jpg,Pessimistic,True,1064,508,RGB,46c5634e0291e3fae117ccee67520ad68703049a8b3938adc152a749c8fc4bca
C:\Users\koush\OneDrive\Documents\archive (4)\Dataset\Pessimistic\PE_107.jpg,Pessimistic,True,2000,554,RGB,bf6d762616681a082788231fe8f64dace4c5b3f31cc5a96c519786ac11bf5a9d
C:\Users\koush\OneDrive\Documents\archive (4)\Dataset\Pessimistic\PE_108.jpg,Pessimistic,True,1501,460,RGB,c879f275a14d02df3e9b498c736afe6599988c0c53e8400cb9f2a13b5466b4aa
C:\Users\koush\OneDrive\Documents\archive (4)\Dataset\Pessimistic\PE_109.jpg,Pessimistic,True,1290,514,RGB,78cb148d9bbfe7c46107b777fa5156402d9c6e5c41d3327165d197f042afa34c
C:\Users\koush\OneDrive\Documents\archive (4)\Dataset\Pessimistic\PE_11.jpg,Pessimistic,True,1084,442,RGB,cd587d90d6b45b1884c7ca085aeed0f2ecf3ac6381940cfa76002b5a35bcf79c
C:\Users\koush\OneDrive\Documents\archive (4)\Dataset\Pessimistic\PE_110.jpg,Pessimistic,True,2239,547,RGB,11c94d9a1bc7118e6c6cbd581185c29adc6e1c3faf9845810fff00dec8a23021
C:\Users\koush\OneDrive\Documents\archive (4)\Dataset\Pessimistic\PE_111.jpg,Pessimistic,True,1531,414,RGB,28db6f3f7361141b5156407a3c08666f44faf71e827eb173178d37d9a0735f96
C:\Users\koush\OneDrive\Documents\archive (4)\Dataset\Pessimistic\PE_112.jpg,Pessimistic,True,1261,558,RGB,30abe088799df9df065143ac4b9ce3c2ca71691f23188b2a43fd74a4ccf2dcb1
C:\Users\koush\OneDrive\Documents\archive (4)\Dataset\Pessimistic\PE_113.jpg,Pessimistic,True,2455,617,RGB,30c1a96ade4283e377c90ae9ade479e0252db458be5720df5b0ac13e532912a2
C:\Users\koush\OneDrive\Documents\archive (4)\Dataset\Pessimistic\PE_114.jpg,Pessimistic,True,1691,392,RGB,84f37452ec6280c9defef2cb50c7e02d582cb45ec7cd75a46eafca58fa12fbfe
C:\Users\koush\OneDrive\Documents\archive (4)\Dataset\Pessimistic\PE_115.jpg,Pessimistic,True,1232,482,RGB,66a9a1ab5b2a997a3a510bf52118d7f99b73bd23ae3d5f439ab44492f33a604b
C:\Users\koush\OneDrive\Documents\archive (4)\Dataset\Pessimistic\PE_116.jpg,Pessimistic,True,2098,500,RGB,ecacfd8d14bbd36d1568138f4f89d5f028da6c31aedd335e61579b9f4616a318
C:\Users\koush\OneDrive\Documents\archive (4)\Dataset\Pessimistic\PE_117.jpg,Pessimistic,True,1528,450,RGB,64ae9646c5af6d6abf2a05c5e8657487757af40142956d0b33d0a9ef8d4931af
C:\Users\koush\OneDrive\Documents\archive (4)\Dataset\Pessimistic\PE_118.jpg,Pessimistic,True,893,432,RGB,2b308c087d3819db89a7e77a5f16b7683b7c316ecd5b9c3145306fdcec9c83ae
C:\Users\koush\OneDrive\Documents\archive (4)\Dataset\Pessimistic\PE_119.jpg,Pessimistic,True,2090,593,RGB,a5a25f5ec19f200cc8382fa088a7b65c67e109090ad717625a2cae3c091d0a9d
C:\Users\koush\OneDrive\Documents\archive (4)\Dataset\Pessimistic\PE_12.jpg,Pessimistic,True,1515,461,RGB,11fdc64e898ad446cd921991a5bc78f92d81f5b7bde85864fd72cdfefd3e4032
C:\Users\koush\OneDrive\Documents\archive (4)\Dataset\Pessimistic\PE_120.jpg,Pessimistic,True,1453,477,RGB,939192b6996b1ebc2b91a20a5852da61270db21307d7478154eb676a1a46f503
C:\Users\koush\OneDrive\Documents\archive (4)\Dataset\Pessimistic\PE_121.jpg,Pessimistic,True,1466,619,RGB,410e544773ac4a2a8025063cb6a1c9cce9238a23a70cd8d3c622ca5f1608e417
C:\Users\koush\OneDrive\Documents\archive (4)\Dataset\Pessimistic\PE_122.jpg,Pessimistic,True,1897,569,RGB,d513af684d1f3b414c4f1d9fcc631f31d331353b7c9e4e06e835723610a7b70f
C:\Users\koush\OneDrive\Documents\archive (4)\Dataset\Pessimistic\PE_123.jpg,Pessimistic,True,1512,496,RGB,6e52246c5bdcf5fc719cfd8fe2d4e6f410ac56ba31746cca2cdfec385d8c2068
C:\Users\koush\OneDrive\Documents\archive (4)\Dataset\Pessimistic\PE_124.jpg,Pessimistic,True,1735,633,RGB,620e67b055ec5fc9dd391ac12b3c2975873d871841e4231cd44887c46d03957d
C:\Users\koush\OneDrive\Documents\archive (4)\Dataset\Pessimistic\PE_125.jpg,Pessimistic,True,2640,560,RGB,03f665e2621344467e5f283c9c26875d2456832492fd1171e64956ecef62368d
C:\Users\koush\OneDrive\Documents\archive (4)\Dataset\Pessimistic\PE_126.jpg,Pessimistic,True,1783,466,RGB,c423d58ed7cd6137db0f05f95bb1c70d790fbef68ea5d161546b98be05fa3b78
C:\Users\koush\OneDrive\Documents\archive (4)\Dataset\Pessimistic\PE_127.jpg,Pessimistic,True,1236,555,RGB,e0970c333cbb56e1e01f3d027411abd68dedbed5f2a5e3e5e4f7a769844b3aa2
C:\Users\koush\OneDrive\Documents\archive (4)\Dataset\Pessimistic\PE_128.jpg,Pessimistic,True,2673,612,RGB,e1e4ccad45f7b0a395c20e3b55e4ce907c03cf4a2699054c5efa66f50cdc56b4
C:\Users\koush\OneDrive\Documents\archive (4)\Dataset\Pessimistic\PE_129.jpg,Pessimistic,True,1402,405,RGB,32cb5809cb6fb69b6afc8c083ad83741b15c75d2362a54dfe913c9226b15e9a5
C:\Users\koush\OneDrive\Documents\archive (4)\Dataset\Pessimistic\PE_13.jpg,Pessimistic,True,1003,552,RGB,f7185d15a82b9fbf26907c2408aeeb337e24705b22bbf5e571506f210dc8f049
C:\Users\koush\OneDrive\Documents\archive (4)\Dataset\Pessimistic\PE_130.jpg,Pessimistic,True,1358,722,RGB,a1b0047df05f1c06e2f29b0ec58299f1416272893f8b02fe834f14579f028456
C:\Users\koush\OneDrive\Documents\archive (4)\Dataset\Pessimistic\PE_131.jpg,Pessimistic,True,2351,576,RGB,480be14913151069a77144bd1d10ccfe0bc384a6448a88f1f4e983014b0cea3c
C:\Users\koush\OneDrive\Documents\archive (4)\Dataset\Pessimistic\PE_132.jpg,Pessimistic,True,1783,448,RGB,b2a811e93c6adc8746697e0428dddb38562632815dbd555b2d9fb9bf412d33a9
C:\Users\koush\OneDrive\Documents\archive (4)\Dataset\Pessimistic\PE_133.jpg,Pessimistic,True,1462,585,RGB,b24cc2269bb5e0b3604e099a9e70ca62dc5518dd3040492b35b5002ee9bd2485
C:\Users\koush\OneDrive\Documents\archive (4)\Dataset\Pessimistic\PE_134.jpg,Pessimistic,True,2305,581,RGB,0e06714157110201e0f0372544455c22d48f92b44b64f6a18717a2b9c593d144
C:\Users\koush\OneDrive\Documents\archive (4)\Dataset\Pessimistic\PE_135.jpg,Pessimistic,True,1376,386,RGB,422aa25d225c495b9fbc42d18abca093591467664ae2d46ae766235ad18f6501
C:\Users\koush\OneDrive\Documents\archive (4)\Dataset\Pessimistic\PE_136.jpg,Pessimistic,True,1107,495,RGB,9d02603ab15302d062e87261fa0bb2f6354fec97fabaec5b43319906f07db927
C:\Users\koush\OneDrive\Documents\archive (4)\Dataset\Pessimistic\PE_137.jpg,Pessimistic,True,1544,468,RGB,003e7a8f592ccd844f47ca6dcee7e8e31a0cd3195b1c21bece291199a2e98354
C:\Users\koush\OneDrive\Documents\archive (4)\Dataset\Pessimistic\PE_138.jpg,Pessimistic,True,1320,440,RGB,28b46eb1197c08ccdb56303455e8517b91395502c7152507c16b5a0115c82698
C:\Users\koush\OneDrive\Documents\archive (4)\Dataset\Pessimistic\PE_139.jpg,Pessimistic,True,1404,588,RGB,a1e02fdb14dfa6c59991741d27f82b1f74ea2ae611a23e032ed4eb2a5d48428a
C:\Users\koush\OneDrive\Documents\archive (4)\Dataset\Pessimistic\PE_14.jpg,Pessimistic,True,1574,591,RGB,21510b3117b088a9fd5a3123c68985534f1022b5998039a8f324d332b7ced3b3
C:\Users\koush\OneDrive\Documents\archive (4)\Dataset\Pessimistic\PE_140.jpg,Pessimistic,True,2380,584,RGB,695ab2ae09004340d866bc4867b0a0586859271472d5c93d55af8cabc76798ac
C:\Users\koush\OneDrive\Documents\archive (4)\Dataset\Pessimistic\PE_141.jpg,Pessimistic,True,1293,471,RGB,ebe3a39ef0c507773ffc6c53c6a7fc4c307ae05c4d58043c104e6f11e28f3744
C:\Users\koush\OneDrive\Documents\archive (4)\Dataset\Pessimistic\PE_142.jpg,Pessimistic,True,1285,582,RGB,8b1a2f92a44fc99d28532a195e3178fe63e16272a3786a4508713886aaa32ed8
C:\Users\koush\OneDrive\Documents\archive (4)\Dataset\Pessimistic\PE_143.jpg,Pessimistic,True,2051,614,RGB,e37b8c7d828e06597d3fac8d0282af751a14570c2fade662b821f450e2e6f032
C:\Users\koush\OneDrive\Documents\archive (4)\Dataset\Pessimistic\PE_144.jpg,Pessimistic,True,1502,367,RGB,14194ae0ad0f1f7eec94b5ac9163491088b4c989d01f977925fe7ec828302db6
C:\Users\koush\OneDrive\Documents\archive (4)\Dataset\Pessimistic\PE_145.jpg,Pessimistic,True,1356,590,RGB,de864bb8bd112fff54673ea48689ad16c5b95184f8a016ab77a8cf2959f4af43
C:\Users\koush\OneDrive\Documents\archive (4)\Dataset\Pessimistic\PE_146.jpg,Pessimistic,True,1965,563,RGB,e5fb2f1c3503f94e90027d354f2c15db9d9c87f700a0baee6c9641fad74d52fb
C:\Users\koush\OneDrive\Documents\archive (4)\Dataset\Pessimistic\PE_147.jpg,Pessimistic,True,1674,550,RGB,e5bdad0c2035541c7f1443cecc2e432f47f0bf9706f6c563e2acae7e4487a144
C:\Users\koush\OneDrive\Documents\archive (4)\Dataset\Pessimistic\PE_148.jpg,Pessimistic,True,1511,518,RGB,2522b8cdcab3c93f9801e9f3b35496c3c87906b55002f251756372f17ebd8ac1
C:\Users\koush\OneDrive\Documents\archive (4)\Dataset\Pessimistic\PE_149.jpg,Pessimistic,True,2127,448,RGB,bbcc9cbf65b518730a8d1bc9c2b90641c473cb09ae160647bd0735a930277035
C:\Users\koush\OneDrive\Documents\archive (4)\Dataset\Pessimistic\PE_15.jpg,Pessimistic,True,1535,410,RGB,05ae6040e150c1954896fcbfeca05a3bf4290719f3bd1d0f3090239aa63d0b7a
C:\Users\koush\OneDrive\Documents\archive (4)\Dataset\Pessimistic\PE_150.jpg,Pessimistic,True,1321,453,RGB,172f0c7c4c633bf687250494128e7ee3ad84688e5277f7ac305d7fd9e397524a
C:\Users\koush\OneDrive\Documents\archive (4)\Dataset\Pessimistic\PE_151.jpg,Pessimistic,True,1106,660,RGB,fb1790fed9056ad9d32255eba490605e570c86878cc75432c3a448d27ad416ef
C:\Users\koush\OneDrive\Documents\archive (4)\Dataset\Pessimistic\PE_152.jpg,Pessimistic,True,2260,890,RGB,b065e84d48628db247b0e271081849200ea2e12f448bea510450a0589b240aed
C:\Users\koush\OneDrive\Documents\archive (4)\Dataset\Pessimistic\PE_153.jpg,Pessimistic,True,2688,814,RGB,9096fbffde0b1d712930bdcfd656f685a4cfa86ad4c6f1fe44142e52f8274ba5
C:\Users\koush\OneDrive\Documents\archive (4)\Dataset\Pessimistic\PE_154.jpg,Pessimistic,True,437,188,RGB,bd07efc58c55783e9e745f26d5d606701bb3203549eeba10097e0ef5d38a10e4
C:\Users\koush\OneDrive\Documents\archive (4)\Dataset\Pessimistic\PE_155.jpg,Pessimistic,True,1935,701,RGB,44b8c4dd2f56a159831f86a95fee13089e502433b34135628e57f1670354c697
C:\Users\koush\OneDrive\Documents\archive (4)\Dataset\Pessimistic\PE_156.jpg,Pessimistic,True,2787,879,RGB,72c7cc2355a552e0b1473bdf4ca68f68443d786b8dd71640af868780edb7431b
C:\Users\koush\OneDrive\Documents\archive (4)\Dataset\Pessimistic\PE_157.jpg,Pessimistic,True,937,375,RGB,b220f6bc60111872241064246399410491e9cd1a126717a104dbb0c798865960
C:\Users\koush\OneDrive\Documents\archive (4)\Dataset\Pessimistic\PE_158.jpg,Pessimistic,True,1153,468,RGB,235add74af176af5313cd1ddbed479b204df558659d79a00aba3ca6fb148390a
C:\Users\koush\OneDrive\Documents\archive (4)\Dataset\Pessimistic\PE_159.jpg,Pessimistic,True,2293,551,RGB,6471b17f217b1dcfdabc9927b7c484868bb76ce546262acc5c46041c2f719532
C:\Users\koush\OneDrive\Documents\archive (4)\Dataset\Pessimistic\PE_16.jpg,Pessimistic,True,775,329,RGB,ceac273a27be31cf957f0149ed096b8358786fb6e63e2a12e794f18455c1d2e2
C:\Users\koush\OneDrive\Documents\archive (4)\Dataset\Pessimistic\PE_160.jpg,Pessimistic,True,729,356,RGB,9b25671abeb81c6a13d5e9960a96e445430bfd443554e1daf7990ec73b2e8652
C:\Users\koush\OneDrive\Documents\archive (4)\Dataset\Pessimistic\PE_161.jpg,Pessimistic,True,1084,442,RGB,cd587d90d6b45b1884c7ca085aeed0f2ecf3ac6381940cfa76002b5a35bcf79c
C:\Users\koush\OneDrive\Documents\archive (4)\Dataset\Pessimistic\PE_162.jpg,Pessimistic,True,2303,576,RGB,e19b5c1e810ed015dfa2afc3d5ea85f8b89e28ef2cac6a7d8b0eee2124e536d9
C:\Users\koush\OneDrive\Documents\archive (4)\Dataset\Pessimistic\PE_163.jpg,Pessimistic,True,901,389,RGB,e46729ed38f01f5f7f4587b05f16164509a6ab674869e29c2b06e30d2c108c8b
C:\Users\koush\OneDrive\Documents\archive (4)\Dataset\Pessimistic\PE_164.jpg,Pessimistic,True,1574,594,RGB,7de106858e8e6abcb92fcb0b0337add2340ff1604e7ff281598cf9fe1e522ecd
C:\Users\koush\OneDrive\Documents\archive (4)\Dataset\Pessimistic\PE_165.jpg,Pessimistic,True,2602,808,RGB,e0670915fec41fe97f11a12a3078e9560be3a4f9b75a39617749f7da0c72bdf5
C:\Users\koush\OneDrive\Documents\archive (4)\Dataset\Pessimistic\PE_166.jpg,Pessimistic,True,821,324,RGB,833aa5f7c5de034e0bfba384fdc3f56f124a3b13166860868147316994f438b0
C:\Users\koush\OneDrive\Documents\archive (4)\Dataset\Pessimistic\PE_167.jpg,Pessimistic,True,1176,530,RGB,a06129ed01e652b5d9fed781bf85ba85110fa25810d20f1dbf6d3e9e800590fa
C:\Users\koush\OneDrive\Documents\archive (4)\Dataset\Pessimistic\PE_168.jpg,Pessimistic,True,3185,1042,RGB,8b5fffd1389d453fe77ed2b6735a86b32b6734cfa9335b1b819242b23581b91c
C:\Users\koush\OneDrive\Documents\archive (4)\Dataset\Pessimistic\PE_169.jpg,Pessimistic,True,1406,585,RGB,bd36281caec86809144d5ab3230a91323b5d59863dd04a3a37f5eb0cb3607866
C:\Users\koush\OneDrive\Documents\archive (4)\Dataset\Pessimistic\PE_17.jpg,Pessimistic,True,1176,530,RGB,dd7340c59ed712418f30909bd568ce7690cc6e453c9a0783f07d1d055a23a604
C:\Users\koush\OneDrive\Documents\archive (4)\Dataset\Pessimistic\PE_170.jpg,Pessimistic,True,1486,566,RGB,b0de4b63f9cb315736664c38a598251ed9f846599442bd04639505371e832881
C:\Users\koush\OneDrive\Documents\archive (4)\Dataset\Pessimistic\PE_171.jpg,Pessimistic,True,2671,793,RGB,44b9318cf3814a7919c8e3269c4147d5492c3a61becb65618f5fe149534c0804
C:\Users\koush\OneDrive\Documents\archive (4)\Dataset\Pessimistic\PE_172.jpg,Pessimistic,True,677,421,RGB,e22f866d2a56f43cce6595b87a27ac46516000d43b4862abc98f80fbad11d7c7
C:\Users\koush\OneDrive\Documents\archive (4)\Dataset\Pessimistic\PE_173.jpg,Pessimistic,True,1034,348,RGB,f232cdc489f34f1b659ac6f0c4074efe9233cb0c4d1e4b798328afeb18dc74d6
C:\Users\koush\OneDrive\Documents\archive (4)\Dataset\Pessimistic\PE_174.jpg,Pessimistic,True,3071,901,RGB,9aded5ecc86eed9f243753e81a6aedf422945271a261b6cf7c49b5a5281a9715
C:\Users\koush\OneDrive\Documents\archive (4)\Dataset\Pessimistic\PE_175.jpg,Pessimistic,True,1149,414,RGB,c98521df2e7b03eb08de0717f24c75e0537b27cc9a67f781a4331d8d1f0593c5
C:\Users\koush\OneDrive\Documents\archive (4)\Dataset\Pessimistic\PE_176.jpg,Pessimistic,True,1345,559,RGB,713b288f1df1770fea64abb5f3a404dce923b362805c188a210e89bfb91dc8a6
C:\Users\koush\OneDrive\Documents\archive (4)\Dataset\Pessimistic\PE_177.jpg,Pessimistic,True,2959,755,RGB,d37d4bb37dd01ab3e1187391906b6abc226fb4929a0b554aa00ef449c6ba5bde
C:\Users\koush\OneDrive\Documents\archive (4)\Dataset\Pessimistic\PE_178.jpg,Pessimistic,True,664,297,RGB,c8df985c2856d3e59d198db9200ef1b8b217ab20934b8b646684bc060d31dc15
C:\Users\koush\OneDrive\Documents\archive (4)\Dataset\Pessimistic\PE_179.jpg,Pessimistic,True,1030,425,RGB,66d84730fec3b3a8e44a785d41c04d228c6dff29bb6f43b4bf58ac217893c09b
C:\Users\koush\OneDrive\Documents\archive (4)\Dataset\Pessimistic\PE_18.jpg,Pessimistic,True,1847,511,RGB,ab61159ec5a4f80f5c21209ae7dc8fac730812f42a19f5a2c363a2043b45d1b3
C:\Users\koush\OneDrive\Documents\archive (4)\Dataset\Pessimistic\PE_180.jpg,Pessimistic,True,2657,884,RGB,92d80c7185c7ce29128d4119161e1db920a5f84484a1df1c7de127d9aacfa8e8
C:\Users\koush\OneDrive\Documents\archive (4)\Dataset\Pessimistic\PE_181.jpg,Pessimistic,True,804,404,RGB,47d5e19c3a53e853009f827091d44de3858047fd34cbafe94aae0455d0ad54a4
C:\Users\koush\OneDrive\Documents\archive (4)\Dataset\Pessimistic\PE_182.jpg,Pessimistic,True,1088,425,RGB,eccc5f39cf51834c8d7f06026d5d4d27dc3d25ef5957fc970a3a5926228fa355
C:\Users\koush\OneDrive\Documents\archive (4)\Dataset\Pessimistic\PE_183.jpg,Pessimistic,True,1829,548,RGB,b683e6bebe7dc13aa175fc0e60fc2de41913787d6d7083edd4dd9d5ec963266c
C:\Users\koush\OneDrive\Documents\archive (4)\Dataset\Pessimistic\PE_184.jpg,Pessimistic,True,675,355,RGB,8599d3ca4a508deeb3fbb95f4688e2687c8160fe7438ea6e8cfe477d9d4fe315
C:\Users\koush\OneDrive\Documents\archive (4)\Dataset\Pessimistic\PE_185.jpg,Pessimistic,True,1374,607,RGB,37126e16cfa04726b508a7d21e7692476e6e2d26987c9f74acc208eaa97a6263
C:\Users\koush\OneDrive\Documents\archive (4)\Dataset\Pessimistic\PE_186.jpg,Pessimistic,True,1757,530,RGB,e6e7d8cc9239870a57d37ce4a42613fdf42cf420757f49e6ff5f3ce2fabb73f9
C:\Users\koush\OneDrive\Documents\archive (4)\Dataset\Pessimistic\PE_187.jpg,Pessimistic,True,646,346,RGB,769e0ee1938d95ed4793c247404b7170768ee9cab1715e20d1f4359fe5ee824c
C:\Users\koush\OneDrive\Documents\archive (4)\Dataset\Pessimistic\PE_188.jpg,Pessimistic,True,1107,454,RGB,a075889d54da63816672be6d397bc68c5c4fb9c223ec4ab95a8a8e536388d7f4
C:\Users\koush\OneDrive\Documents\archive (4)\Dataset\Pessimistic\PE_189.jpg,Pessimistic,True,1743,490,RGB,6ca6146d64e0f63a387ad5fa8f49279234d87a1c8320cfefa963d67711fc0ad8
C:\Users\koush\OneDrive\Documents\archive (4)\Dataset\Pessimistic\PE_19.jpg,Pessimistic,True,1394,583,RGB,706f0cb4e0e83540bd81fb52286028b77d04462bab9309accd8a631184a0bb59
C:\Users\koush\OneDrive\Documents\archive (4)\Dataset\Pessimistic\PE_190.jpg,Pessimistic,True,657,355,RGB,c5391119206926cdac8907a2a44992cb96475a882aa0bccbc1a2c0ea7b6dacda
C:\Users\koush\OneDrive\Documents\archive (4)\Dataset\Pessimistic\PE_191.jpg,Pessimistic,True,1106,355,RGB,9b0d176d80eed6d82c1ecdd914f5cba712175166c5f61a87b6921c6f80fd91d0
C:\Users\koush\OneDrive\Documents\archive (4)\Dataset\Pessimistic\PE_192.jpg,Pessimistic,True,1656,476,RGB,ddaf87dfcbd4214c0bb8cf715a642fbb0fb9b04e2a2753424e077862659e9f14
C:\Users\koush\OneDrive\Documents\archive (4)\Dataset\Pessimistic\PE_193.jpg,Pessimistic,True,542,292,RGB,4661e2bf6537bd791aa61b340b9ec0ca91d893632c4a2db98b0c35036f564f21
C:\Users\koush\OneDrive\Documents\archive (4)\Dataset\Pessimistic\PE_194.jpg,Pessimistic,True,1381,503,RGB,18b9cd2bb40342ef2c22dc01105c107188d85dd59f8c71c9ab95f1434b06b92a
C:\Users\koush\OneDrive\Documents\archive (4)\Dataset\Pessimistic\PE_195.jpg,Pessimistic,True,1506,474,RGB,198af5df7dae1c080b660ea685b5e6acd2a4ea763270a35472687ccc6f90da10
C:\Users\koush\OneDrive\Documents\archive (4)\Dataset\Pessimistic\PE_196.jpg,Pessimistic,True,881,495,RGB,2f8a60554ff6aeca1a7728c03465eaa9a213258f32e578e5147f629aed9f296b
C:\Users\koush\OneDrive\Documents\archive (4)\Dataset\Pessimistic\PE_197.jpg,Pessimistic,True,1265,404,RGB,acdd7a6cf15050d8d0ee6d526e029ad2b6d7d17b2ff8be044863ad0de96b69da
C:\Users\koush\OneDrive\Documents\archive (4)\Dataset\Pessimistic\PE_198.jpg,Pessimistic,True,1602,610,RGB,5a3e64c4cd057f10e38b0efeeb42747d9a7496b564cfb09e245bde66e53f1bb0
C:\Users\koush\OneDrive\Documents\archive (4)\Dataset\Pessimistic\PE_199.jpg,Pessimistic,True,720,428,RGB,6bb35e43a5a597970e4990aaa6df16bfd3b257d51d6d8f098001005ab484203a
C:\Users\koush\OneDrive\Documents\archive (4)\Dataset\Pessimistic\PE_2.jpg,Pessimistic,True,2294,890,RGB,0c3ca34ca424cc662550a469843dc9346c45e51e8c1727350d33045c21871a28
C:\Users\koush\OneDrive\Documents\archive (4)\Dataset\Pessimistic\PE_20.jpg,Pessimistic,True,1547,566,RGB,1ef4750ff81984955a7cf65174587492473fa2947e367d951dbcbaf0d16d8159
C:\Users\koush\OneDrive\Documents\archive (4)\Dataset\Pessimistic\PE_200.jpg,Pessimistic,True,1475,525,RGB,d078540daf59db87098156064c0049a569f77e9742a7c78bc39d1ecdb65c816c
C:\Users\koush\OneDrive\Documents\archive (4)\Dataset\Pessimistic\PE_201.jpg,Pessimistic,True,1991,612,RGB,0fb85eca5dd57b7082f93b5385555a7deacf929b820773116bf1433f9c86612e
C:\Users\koush\OneDrive\Documents\archive (4)\Dataset\Pessimistic\PE_202.jpg,Pessimistic,True,1004,572,RGB,4915b2c0ad00794ad76b35f24c3cbf77520f99e6836f28352cf2346d7e4973a2
C:\Users\koush\OneDrive\Documents\archive (4)\Dataset\Pessimistic\PE_203.jpg,Pessimistic,True,1418,617,RGB,deb61474d2635245e35b345eeb56828825173c3e69a379a70c3e3cfead3029ea
C:\Users\koush\OneDrive\Documents\archive (4)\Dataset\Pessimistic\PE_204.jpg,Pessimistic,True,1810,603,RGB,1b38cc6c9e6696e9bf6117129f7301b66bfcf7cf4250b68c05350ac790f605b8
C:\Users\koush\OneDrive\Documents\archive (4)\Dataset\Pessimistic\PE_205.jpg,Pessimistic,True,768,448,RGB,47a54096482bb2a0bd14e3d3ccb8716ecc8c694365e24d6e2d0a540a93076e88
C:\Users\koush\OneDrive\Documents\archive (4)\Dataset\Pessimistic\PE_206.jpg,Pessimistic,True,1463,608,RGB,c0fef0d572d94a96b64fe8701d166b7781a1ede6c505b0df1c62b499740dc577
C:\Users\koush\OneDrive\Documents\archive (4)\Dataset\Pessimistic\PE_207.jpg,Pessimistic,True,1364,464,RGB,b9b7419f3bea7f865bdfbfaf0ad612526e409bf751f670f50b0fd69cb3bea719
C:\Users\koush\OneDrive\Documents\archive (4)\Dataset\Pessimistic\PE_208.jpg,Pessimistic,True,1168,711,RGB,87ff0c5087cf761371611e8377c08a4548456ca53a177a232fdcc50bbb263132
C:\Users\koush\OneDrive\Documents\archive (4)\Dataset\Pessimistic\PE_209.jpg,Pessimistic,True,967,429,RGB,f883e307108d6b387e0d3b46d09cf476e52912b5416036f94f18aa7348305fb0
C:\Users\koush\OneDrive\Documents\archive (4)\Dataset\Pessimistic\PE_21.jpg,Pessimistic,True,1779,552,RGB,a2630da24dab44f6bac3ddb1b309c83a9ce7da3600dbd9ad12fe722ec0549202
C:\Users\koush\OneDrive\Documents\archive (4)\Dataset\Pessimistic\PE_210.jpg,Pessimistic,True,1524,488,RGB,8c140efae6ad53425d93b9feb9db1ef1c172496c61312d9deaa0d272bf815274
C:\Users\koush\OneDrive\Documents\archive (4)\Dataset\Pessimistic\PE_211.jpg,Pessimistic,True,609,299,RGB,ababfd02e10a59dd0674a0e6e8b6f36e57bad3b4fedbebb8cd2884c77a10ce26
C:\Users\koush\OneDrive\Documents\archive (4)\Dataset\Pessimistic\PE_212.jpg,Pessimistic,True,645,232,RGB,b6442962baedc2e6f21b2ca207b2f55e01e8ce448df76de3258608465fbd0b79
C:\Users\koush\OneDrive\Documents\archive (4)\Dataset\Pessimistic\PE_213.jpg,Pessimistic,True,907,469,RGB,3bbd1412fb9333f1531df787c95031ed02e33535a82318bbf6363da46dafcc1f
C:\Users\koush\OneDrive\Documents\archive (4)\Dataset\Pessimistic\PE_214.jpg,Pessimistic,True,448,180,RGB,252adfaf5056f5b4e3ee8fc620747307d612deb301e2408a30a6a4fef9e48315
C:\Users\koush\OneDrive\Documents\archive (4)\Dataset\Pessimistic\PE_215.jpg,Pessimistic,True,570,233,RGB,1156b7a44d50c86a2c914eef15b83fdcc295f4b0929293f536842cceb25ea789
C:\Users\koush\OneDrive\Documents\archive (4)\Dataset\Pessimistic\PE_216.jpg,Pessimistic,True,1106,555,RGB,4a6490a40f568350d30cc4fb4a935469552d8f3ffe6d6d4c919cc79f763b6915
C:\Users\koush\OneDrive\Documents\archive (4)\Dataset\Pessimistic\PE_217.jpg,Pessimistic,True,1051,580,RGB,91341dcd46977a38c2ab6979a8bb71b4ddd1d88bcf120da13442ae6ed7f3e7ed
C:\Users\koush\OneDrive\Documents\archive (4)\Dataset\Pessimistic\PE_218.jpg,Pessimistic,True,1016,341,RGB,8bc0e40893c0a6a9a91f205187fb9d1f47fc9b4de5fbc9151021f2a73729db0a
C:\Users\koush\OneDrive\Documents\archive (4)\Dataset\Pessimistic\PE_219.jpg,Pessimistic,True,694,286,RGB,b99000f6c2d0fd4ccd831ffbe788b419350e18b46a86d8f390b9ee2d1549e3e4
C:\Users\koush\OneDrive\Documents\archive (4)\Dataset\Pessimistic\PE_22.jpg,Pessimistic,True,703,425,RGB,3d65c298163123e3b67b8231162de877bd73c94d5ee4fefac5d2e3e44a672e19
C:\Users\koush\OneDrive\Documents\archive (4)\Dataset\Pessimistic\PE_220.jpg,Pessimistic,True,754,366,RGB,0d2378d25cff0e0e3e3bcd88394071e5bb0f92a10fca054b7cda8076903b693b
C:\Users\koush\OneDrive\Documents\archive (4)\Dataset\Pessimistic\PE_221.jpg,Pessimistic,True,1080,408,RGB,b0ae37a09ddaecd6f7691cff00ae9723b623008500bd4bca7b7064db855624b8
C:\Users\koush\OneDrive\Documents\archive (4)\Dataset\Pessimistic\PE_222.jpg,Pessimistic,True,790,419,RGB,877325df220aa21ac2cf791d76f96c3149ce80550622db1faefebf8a8cd02d69
C:\Users\koush\OneDrive\Documents\archive (4)\Dataset\Pessimistic\PE_223.jpg,Pessimistic,True,706,314,RGB,0d2a693684a473f6b0233ebd09a94331296cef96f749d3c8d32f4d78acd34f8a
C:\Users\koush\OneDrive\Documents\archive (4)\Dataset\Pessimistic\PE_224.jpg,Pessimistic,True,1067,369,RGB,02c289f48adfb83c29e472bffa99e50d1e274dc66815c759e408a6a32db2c27a
C:\Users\koush\OneDrive\Documents\archive (4)\Dataset\Pessimistic\PE_225.jpg,Pessimistic,True,1053,388,RGB,4917298fdaaf535075ca65c093b69cc91b72f45bc0b4ec47a7803be0e0704f47
C:\Users\koush\OneDrive\Documents\archive (4)\Dataset\Pessimistic\PE_226.jpg,Pessimistic,True,730,300,RGB,80830b9461f1aefcfd16f10736d15793129c8889ae416bf7d4d8e3318786371d
C:\Users\koush\OneDrive\Documents\archive (4)\Dataset\Pessimistic\PE_227.jpg,Pessimistic,True,1700,622,RGB,4c809e066a8eba57be9d0413176fd8746bbd60358e631edae1675decddf8c1e2
C:\Users\koush\OneDrive\Documents\archive (4)\Dataset\Pessimistic\PE_228.jpg,Pessimistic,True,375,125,RGB,f0223d6b779801395fe4e97c829448e8a23263d80fd37235c5c2fcb719f44a36
C:\Users\koush\OneDrive\Documents\archive (4)\Dataset\Pessimistic\PE_229.jpg,Pessimistic,True,363,125,RGB,a8f53c37b973831b61f4db9ca32e64b30713f7d03b1ef7f585fc440750315564
C:\Users\koush\OneDrive\Documents\archive (4)\Dataset\Pessimistic\PE_23.jpg,Pessimistic,True,1038,348,RGB,9b4fd2560652548c575c401f0c1b62b838a9130f2f7e76b83c8f79f22c3a1d52
C:\Users\koush\OneDrive\Documents\archive (4)\Dataset\Pessimistic\PE_230.jpg,Pessimistic,True,389,125,RGB,a36e966e5140c58d1be3f971a81e5f9f53dd776d89e1b30fc3a3cfc99e8af16e
C:\Users\koush\OneDrive\Documents\archive (4)\Dataset\Pessimistic\PE_231.jpg,Pessimistic,True,396,108,RGB,ff8970b11c71d8d502102271092acca0b4ff93feb64595659e915a0b7391e263
C:\Users\koush\OneDrive\Documents\archive (4)\Dataset\Pessimistic\PE_232.jpg,Pessimistic,True,368,133,RGB,9788df0c3009d6ab0bfb7eb991be5fd8fc756ffb20d7c875d9b1bb8dc2cdb7fb
C:\Users\koush\OneDrive\Documents\archive (4)\Dataset\Pessimistic\PE_233.jpg,Pessimistic,True,335,123,RGB,9e40df8dedc82dab932c7b2e372d6defd7ca4e5b5657eba2e42ccb67bdaa0558
C:\Users\koush\OneDrive\Documents\archive (4)\Dataset\Pessimistic\PE_234.jpg,Pessimistic,True,294,103,RGB,13b945cf670ab49d3cbc33a6f4902756894d02297cbe761b3187d28721e8983b
C:\Users\koush\OneDrive\Documents\archive (4)\Dataset\Pessimistic\PE_235.jpg,Pessimistic,True,484,307,RGB,2fa09205180e698e5b37d8ec9aeea63e12a8dbca4b59fba045629a48c8af27b6
C:\Users\koush\OneDrive\Documents\archive (4)\Dataset\Pessimistic\PE_236.jpg,Pessimistic,True,481,260,RGB,b81d00b8c567c5895389d0f62940ae4384bb7afd63cdd9eb0f941a83653a472f
C:\Users\koush\OneDrive\Documents\archive (4)\Dataset\Pessimistic\PE_237.jpg,Pessimistic,True,1190,589,RGB,8917826e2f2eb5147a67898ae46fbed4b99a6986e2b312d9e26d904db348ed5d
C:\Users\koush\OneDrive\Documents\archive (4)\Dataset\Pessimistic\PE_238.jpg,Pessimistic,True,860,437,RGB,7f6db083a486ae281a2a06860cbba16b3e54cc1c499a409f19f68ae467a6f707
C:\Users\koush\OneDrive\Documents\archive (4)\Dataset\Pessimistic\PE_239.jpg,Pessimistic,True,938,395,RGB,733adbaf7ceec5548322781cce30b05ba5a3ad6ad9be46da219d51815fc27752
C:\Users\koush\OneDrive\Documents\archive (4)\Dataset\Pessimistic\PE_24.jpg,Pessimistic,True,1996,589,RGB,8b5645c6b5312fa6073ca3ed6a78ae6bb617d70dff5fb77be7be397e39600934
C:\Users\koush\OneDrive\Documents\archive (4)\Dataset\Pessimistic\PE_240.jpg,Pessimistic,True,780,337,RGB,3a99dbefd1dc3ef47e360aa24256210d0a92be4a39bb46a7cf545da58a19ac81
C:\Users\koush\OneDrive\Documents\archive (4)\Dataset\Pessimistic\PE_241.jpg,Pessimistic,True,521,247,RGB,d36ad9e3d5beae4f28cd4790b71c097426913c9d66946bd91bff288e66a016dc
C:\Users\koush\OneDrive\Documents\archive (4)\Dataset\Pessimistic\PE_242.jpg,Pessimistic,True,819,331,RGB,715a0aebd7d4f27a30223ff0d177f69d696fa8eb7d0765ef5a61fdb102c1b1e7
C:\Users\koush\OneDrive\Documents\archive (4)\Dataset\Pessimistic\PE_243.jpg,Pessimistic,True,1106,555,RGB,7d084ebcda16c79d7feec18e1ae27646c588864809725031c8d8ec443bdf2513
C:\Users\koush\OneDrive\Documents\archive (4)\Dataset\Pessimistic\PE_244.jpg,Pessimistic,True,789,407,RGB,ad8212ddbfbe5c3456318e6d69817a986d383b7d7784153babcd25ff869bd492
C:\Users\koush\OneDrive\Documents\archive (4)\Dataset\Pessimistic\PE_245.jpg,Pessimistic,True,767,321,RGB,2939e5c059c83ef44bf55b998af9277bf253783e2ddd0ebe09c79b44e65ed9e6
C:\Users\koush\OneDrive\Documents\archive (4)\Dataset\Pessimistic\PE_246.jpg,Pessimistic,True,1106,555,RGB,a51bf163c5e68e6abd477c0c92faef5d47d2a7277ac387da589bcb23845e6d7b
C:\Users\koush\OneDrive\Documents\archive (4)\Dataset\Pessimistic\PE_247.jpg,Pessimistic,True,526,249,RGB,a58404665425057be3cbb238b53adfaed46c89e5bb6f7038ab1777656abf3624
C:\Users\koush\OneDrive\Documents\archive (4)\Dataset\Pessimistic\PE_248.jpg,Pessimistic,True,675,314,RGB,97b4ac30196802ef2f0e0d80b5a294fa138220d8d52cba382ddf1bc743b56a13
C:\Users\koush\OneDrive\Documents\archive (4)\Dataset\Pessimistic\PE_249.jpg,Pessimistic,True,1106,555,RGB,1f513d7069201f70397677a8212406cae818a809570369534dfc4d7fefd672eb
C:\Users\koush\OneDrive\Documents\archive (4)\Dataset\Pessimistic\PE_25.jpg,Pessimistic,True,1041,419,RGB,400ff12976b7f2ed80e05d90a93e41ea4da4805deadcba04de074168bd4ef538
C:\Users\koush\OneDrive\Documents\archive (4)\Dataset\Pessimistic\PE_250.jpg,Pessimistic,True,473,229,RGB,efdf288f55a7925f1c72aef3d1814cf816c376e621e313aaffda868aefcc8de9
C:\Users\koush\OneDrive\Documents\archive (4)\Dataset\Pessimistic\PE_251.jpg,Pessimistic,True,503,230,RGB,540e5e81f58993e21a475633d03f8f8346cbc7c74fa650449e211e4edf185aa3
C:\Users\koush\OneDrive\Documents\archive (4)\Dataset\Pessimistic\PE_252.jpg,Pessimistic,True,1193,522,RGB,8b4aa8a30b475ddca1d1d1cb6250c86de6b263de729a41a800dc13610c61e5c7
C:\Users\koush\OneDrive\Documents\archive (4)\Dataset\Pessimistic\PE_253.jpg,Pessimistic,True,375,199,RGB,04a85a38794433210049e0d8fd3b08403e351024cad4b4b0ff82e8d6d5dc459a
C:\Users\koush\OneDrive\Documents\archive (4)\Dataset\Pessimistic\PE_254.jpg,Pessimistic,True,569,288,RGB,3be64eb39582b1973f252d8a09f9726488defc5798c7b12456d8318337223a41
C:\Users\koush\OneDrive\Documents\archive (4)\Dataset\Pessimistic\PE_255.jpg,Pessimistic,True,839,492,RGB,5126a52828450b437f186a0be6069018ea70eccf574e56b5df39e3bdc3ef3c88
C:\Users\koush\OneDrive\Documents\archive (4)\Dataset\Pessimistic\PE_256.jpg,Pessimistic,True,522,294,RGB,bdbdfa6748e826a37c92e307a5c36547fd1fba88865ff3fb1804da08de2ef016
C:\Users\koush\OneDrive\Documents\archive (4)\Dataset\Pessimistic\PE_257.jpg,Pessimistic,True,598,297,RGB,33bfb0085daedad7511878657b2afc05f5a4bf5bc6a311eb651dd647f7c3f283
C:\Users\koush\OneDrive\Documents\archive (4)\Dataset\Pessimistic\PE_258.jpg,Pessimistic,True,839,492,RGB,f96ef93dfb397273609ea0b1659682ec68b721c3f21dc68b58891f07e1594fc9
C:\Users\koush\OneDrive\Documents\archive (4)\Dataset\Pessimistic\PE_259.jpg,Pessimistic,True,607,277,RGB,9fa53d7cd451b08875e76012c4a8f6736ec5fb08bd563b96e5f3d91c4d67752e
C:\Users\koush\OneDrive\Documents\archive (4)\Dataset\Pessimistic\PE_26.jpg,Pessimistic,True,1341,556,RGB,3a2d454bc27fab24b8a92eeecba7fe1f91f94cc7a6e737a8aef525c2546790ff
C:\Users\koush\OneDrive\Documents\archive (4)\Dataset\Pessimistic\PE_260.jpg,Pessimistic,True,716,332,RGB,613cbe2f7bc1e71f6f7d0b22a99b793478fb22e34f973297e75b79924f1f86f3
C:\Users\koush\OneDrive\Documents\archive (4)\Dataset\Pessimistic\PE_261.jpg,Pessimistic,True,926,521,RGB,9983754dba76328f352afd754d3b0960713a0ee66abf24665d39efb9f919092e
C:\Users\koush\OneDrive\Documents\archive (4)\Dataset\Pessimistic\PE_262.jpg,Pessimistic,True,500,290,RGB,3f121d1a15a188fa7f889496ca1708d42e05d141d64e75ef500a0fb7cc2a04af
C:\Users\koush\OneDrive\Documents\archive (4)\Dataset\Pessimistic\PE_263.jpg,Pessimistic,True,676,333,RGB,dad75111b063429bd2eb0158212257b96e800772458bc02e484f24674430748e
C:\Users\koush\OneDrive\Documents\archive (4)\Dataset\Pessimistic\PE_264.jpg,Pessimistic,True,1033,502,RGB,ee61a791f50c596e5ec2b51c21e454a9f84a06b686992b4343f14eeaeb5121f1
C:\Users\koush\OneDrive\Documents\archive (4)\Dataset\Pessimistic\PE_265.jpg,Pessimistic,True,719,362,RGB,25b7d44ad5588329c741148eb674a0cfa4ea795fe6a71dd200184e1cfe0efa02
C:\Users\koush\OneDrive\Documents\archive (4)\Dataset\Pessimistic\PE_266.jpg,Pessimistic,True,817,350,RGB,1506fab9e85f9842be8c9160ae795ec2a6f4e49739d3aaea09a808a9d5753851
C:\Users\koush\OneDrive\Documents\archive (4)\Dataset\Pessimistic\PE_267.jpg,Pessimistic,True,795,494,RGB,556e9036359f08eed67ea5598e144276f1b1616ec7c2daee296937e36ebad84e
C:\Users\koush\OneDrive\Documents\archive (4)\Dataset\Pessimistic\PE_268.jpg,Pessimistic,True,526,262,RGB,28f908cf82af7d6ece8a0cd1b380f0c01a69ef75e757fcd2e32cdbdf3bf3eb57
C:\Users\koush\OneDrive\Documents\archive (4)\Dataset\Pessimistic\PE_269.jpg,Pessimistic,True,670,343,RGB,c49b9774365c78c54db3f61daea22efc01d13274c08aa530bbeb20ae0968aa0a
C:\Users\koush\OneDrive\Documents\archive (4)\Dataset\Pessimistic\PE_27.jpg,Pessimistic,True,1949,523,RGB,908dffe6d9ffa5db9d41c4ca6e48eec8ab4a69599808ad15045ebf02911d4470
C:\Users\koush\OneDrive\Documents\archive (4)\Dataset\Pessimistic\PE_270.jpg,Pessimistic,True,931,548,RGB,16ada86ddf5804ec0c8acc6faa6c0de1fc0a43591404169ce304e07c36ddb45b
C:\Users\koush\OneDrive\Documents\archive (4)\Dataset\Pessimistic\PE_271.jpg,Pessimistic,True,729,284,RGB,d65959b809543f9b7c30c55b7e13a6b97865b0e35e699204de3e67268b9582fc
C:\Users\koush\OneDrive\Documents\archive (4)\Dataset\Pessimistic\PE_272.jpg,Pessimistic,True,925,338,RGB,946171311d49ba1c94ba27e09437925560f3e56ea6e9b53e44c320f26637498b
C:\Users\koush\OneDrive\Documents\archive (4)\Dataset\Pessimistic\PE_273.jpg,Pessimistic,True,908,372,RGB,62b4988c6b6a1c375f204d7210ea530debe050b481e79f553a334415783d6605
C:\Users\koush\OneDrive\Documents\archive (4)\Dataset\Pessimistic\PE_274.jpg,Pessimistic,True,815,409,RGB,5c3e358d90d029f7701b9823d04adc97fed40c48dc8ad0e8c0a8147926194935
C:\Users\koush\OneDrive\Documents\archive (4)\Dataset\Pessimistic\PE_275.jpg,Pessimistic,True,874,375,RGB,67ab7973662eae065bd7fb8dd2b70bdffb3b99139fb4cc8d568aa6148dcd7dcb
C:\Users\koush\OneDrive\Documents\archive (4)\Dataset\Pessimistic\PE_276.jpg,Pessimistic,True,999,404,RGB,a84feffc39d6b67846aedc8c30bfcc435fb95557b8f2915edfbf27bff8339823
C:\Users\koush\OneDrive\Documents\archive (4)\Dataset\Pessimistic\PE_277.jpg,Pessimistic,True,467,264,RGB,bb34fba59b1f6c3b8bb17eb7f0bb17b78656169c33a35aa4cf86757249086eb8
C:\Users\koush\OneDrive\Documents\archive (4)\Dataset\Pessimistic\PE_278.jpg,Pessimistic,True,695,354,RGB,844fad0c009af390ff0b0f50f8e67c377be36cfb286b0a8695b842ec9901a8c3
C:\Users\koush\OneDrive\Documents\archive (4)\Dataset\Pessimistic\PE_279.jpg,Pessimistic,True,931,548,RGB,59f3a37ac7e8bfe2d36e8e051a7b569f7964a61d6ad8879d886920bcf7391263
C:\Users\koush\OneDrive\Documents\archive (4)\Dataset\Pessimistic\PE_28.jpg,Pessimistic,True,733,344,RGB,ffb5f214abd65aa481272ecdb838b76f24002c9231003e6d2b46972df44ed897
C:\Users\koush\OneDrive\Documents\archive (4)\Dataset\Pessimistic\PE_280.jpg,Pessimistic,True,539,292,RGB,6cd15616d244c409c0d011b1503d74acc2eb357772d28f37c5ce2ab51be3b71c
C:\Users\koush\OneDrive\Documents\archive (4)\Dataset\Pessimistic\PE_281.jpg,Pessimistic,True,716,421,RGB,11a4e3fae949ca077325d95497d70e066f8e7c7921849cbe2b10f0ce567f2454
C:\Users\koush\OneDrive\Documents\archive (4)\Dataset\Pessimistic\PE_282.jpg,Pessimistic,True,931,548,RGB,fb1852a6f1dc1e5f3fd4df4578770cea7c04c902d386894936ad2219c5d1dc33
C:\Users\koush\OneDrive\Documents\archive (4)\Dataset\Pessimistic\PE_283.jpg,Pessimistic,True,446,256,RGB,8ab22af091a540c80d6f7b49c1414ba9a7209f1622f6827ce189774980f778c2
C:\Users\koush\OneDrive\Documents\archive (4)\Dataset\Pessimistic\PE_284.jpg,Pessimistic,True,861,432,RGB,79a209c534fe4bebae8285842700b244bf92e8c86e99398a3b28901e1eacd0d1
C:\Users\koush\OneDrive\Documents\archive (4)\Dataset\Pessimistic\PE_285.jpg,Pessimistic,True,931,548,RGB,3d776ae9f2d8614994598f964b63fa4bc912c7e8bd8c35bf7408455c94ad2577
C:\Users\koush\OneDrive\Documents\archive (4)\Dataset\Pessimistic\PE_286.jpg,Pessimistic,True,648,339,RGB,2dd0deab9faa69d0e8d0098dc6156fe177b65910cda772cea72c9cb45cf03213
C:\Users\koush\OneDrive\Documents\archive (4)\Dataset\Pessimistic\PE_287.jpg,Pessimistic,True,860,386,RGB,2223764672a488a257781d8b8f269e888dbe26ce3584b10ee1d20db55519ecf8
C:\Users\koush\OneDrive\Documents\archive (4)\Dataset\Pessimistic\PE_288.jpg,Pessimistic,True,931,548,RGB,0c0a9f30c0e86ed079f65bcc9f64b4bf424b71469b3a18f001faf930770e6901
C:\Users\koush\OneDrive\Documents\archive (4)\Dataset\Pessimistic\PE_289.jpg,Pessimistic,True,1135,631,RGB,2000225c46d02d76949bbffa8c54e34ed22525a7979a4f157295ffd63d2e486b
C:\Users\koush\OneDrive\Documents\archive (4)\Dataset\Pessimistic\PE_29.jpg,Pessimistic,True,1029,425,RGB,cb2f449915f209b5f1379939467b2028937aab583e9395120a03f3f566dea082
C:\Users\koush\OneDrive\Documents\archive (4)\Dataset\Pessimistic\PE_290.jpg,Pessimistic,True,1418,518,RGB,f315c0a61a98ea824605aa44ba595135d52738d82e0a79a23e4f2c2a4be0eeaa
C:\Users\koush\OneDrive\Documents\archive (4)\Dataset\Pessimistic\PE_291.jpg,Pessimistic,True,931,548,RGB,700db2b9a3278fa09af2ecb3e38392637cec456c2d66b5729010f7836ae18881
C:\Users\koush\OneDrive\Documents\archive (4)\Dataset\Pessimistic\PE_292.jpg,Pessimistic,True,977,478,RGB,71fce3910fa6bcd1f6f5aa336a10e5e76825b688a0e290f36c7e51272816bc4b
C:\Users\koush\OneDrive\Documents\archive (4)\Dataset\Pessimistic\PE_293.jpg,Pessimistic,True,1104,460,RGB,aa0ff478c7c45341f43d7ea17ffeb3adc97e79db73eb38b21cb3d0f335b2c7c0
C:\Users\koush\OneDrive\Documents\archive (4)\Dataset\Pessimistic\PE_294.jpg,Pessimistic,True,905,472,RGB,33279afdbe56115bcb2f709dc14bd9480e75342bf23fb479b519093dd61206dd
C:\Users\koush\OneDrive\Documents\archive (4)\Dataset\Pessimistic\PE_295.jpg,Pessimistic,True,629,330,RGB,db21c5c3352ac0280d19153281a8c48c5076c98a4f0adb81dbefa750d8c1c5ea
C:\Users\koush\OneDrive\Documents\archive (4)\Dataset\Pessimistic\PE_296.jpg,Pessimistic,True,841,417,RGB,1d34fb8729ff9a2224617dd0fa5312ce9f2bf0733937efc5c9de91d51b8676f3
C:\Users\koush\OneDrive\Documents\archive (4)\Dataset\Pessimistic\PE_297.jpg,Pessimistic,True,1126,684,RGB,1199c2a740cc5dcd882564fe549f5d053bcf8a18d10bf0ac83a98162fd6cc0eb
C:\Users\koush\OneDrive\Documents\archive (4)\Dataset\Pessimistic\PE_298.jpg,Pessimistic,True,569,326,RGB,e952a34f417f52cb8b68218e625d88960516988f0f26867f4843af7b4e8e50d9
C:\Users\koush\OneDrive\Documents\archive (4)\Dataset\Pessimistic\PE_299.jpg,Pessimistic,True,490,259,RGB,5b070ab735fe49ac9320a6abbd5e2add422635867ee42364623194ebc64f3240
C:\Users\koush\OneDrive\Documents\archive (4)\Dataset\Pessimistic\PE_3.jpg,Pessimistic,True,1531,530,RGB,3997bfaf69cf47204547ead0fd793918b8145befa9557c76ec79ca235a41fb3e
C:\Users\koush\OneDrive\Documents\archive (4)\Dataset\Pessimistic\PE_30.jpg,Pessimistic,True,1671,513,RGB,589cc5db8ea9e0be704aba6d7c67ae89937e77058e8ef2c43267e624f0200042
C:\Users\koush\OneDrive\Documents\archive (4)\Dataset\Pessimistic\PE_300.jpg,Pessimistic,True,1132,590,RGB,8b4f40d5563f276581217bd891c808864902bd34009359fc96694adc8c56ea1a
C:\Users\koush\OneDrive\Documents\archive (4)\Dataset\Pessimistic\PE_301.jpg,Pessimistic,True,429,232,RGB,ac49d0bbef2575faa2d87f24ff817dd17359e384e9f61a7c44497c335a2641e0
C:\Users\koush\OneDrive\Documents\archive (4)\Dataset\Pessimistic\PE_302.jpg,Pessimistic,True,700,380,RGB,bc2314664846ebdd87d421ad8793e325631dc6467ebb166383486f9db68fae23
C:\Users\koush\OneDrive\Documents\archive (4)\Dataset\Pessimistic\PE_303.jpg,Pessimistic,True,1132,590,RGB,4d0a9fe433e090cb0b003793e330160b19ce23ac8c95d99b9a095a4c540c2534
C:\Users\koush\OneDrive\Documents\archive (4)\Dataset\Pessimistic\PE_304.jpg,Pessimistic,True,516,338,RGB,7a5b2b248e395cd73753d2623761ff932464d848deedd323e5a4ca388cec1fff
C:\Users\koush\OneDrive\Documents\archive (4)\Dataset\Pessimistic\PE_305.jpg,Pessimistic,True,688,402,RGB,cfd95148aa1f5c500dfc8747aa741af96dc79af0fa7b3123bdd23758996dd221
C:\Users\koush\OneDrive\Documents\archive (4)\Dataset\Pessimistic\PE_306.jpg,Pessimistic,True,838,508,RGB,4ca1488d056e1a56957ea27b039e33bbaca268a8517f1e9027e1844d599de628
C:\Users\koush\OneDrive\Documents\archive (4)\Dataset\Pessimistic\PE_307.jpg,Pessimistic,True,424,251,RGB,0cbb5d58cc4f9786eaf0a2149273aae04270cadb486b163cd35af8a20b885db1
C:\Users\koush\OneDrive\Documents\archive (4)\Dataset\Pessimistic\PE_308.jpg,Pessimistic,True,837,445,RGB,ebadd56c673d7381ee9b5bc82016f4e745eb29810279642d04690a81b0f8ca5c
C:\Users\koush\OneDrive\Documents\archive (4)\Dataset\Pessimistic\PE_309.jpg,Pessimistic,True,1098,512,RGB,8ffa424371b67b5f9d29ebb97c257bded80a153a6941d9b27c33b51fdf943a38
C:\Users\koush\OneDrive\Documents\archive (4)\Dataset\Pessimistic\PE_31.jpg,Pessimistic,True,864,434,RGB,fdd2ed0bb6f964d38ceac4df7dbe112474fb1896a0bed0d1a4978f4242c25f4b
C:\Users\koush\OneDrive\Documents\archive (4)\Dataset\Pessimistic\PE_310.jpg,Pessimistic,True,605,300,RGB,f073af357bf5ab5b7a0917aca5b8b3483bb1d86d6b9eab7671ea2996b9b40f18
C:\Users\koush\OneDrive\Documents\archive (4)\Dataset\Pessimistic\PE_311.jpg,Pessimistic,True,881,396,RGB,894cdad219ddb8c56b880fe1b3dddcfa783b3e7ac443d77f6846dac29405d6f5
C:\Users\koush\OneDrive\Documents\archive (4)\Dataset\Pessimistic\PE_312.jpg,Pessimistic,True,557,288,RGB,863d14782fd44f7de381963fc5caf25a3673a1e087ea6399ebbbfc2398531708
C:\Users\koush\OneDrive\Documents\archive (4)\Dataset\Pessimistic\PE_313.jpg,Pessimistic,True,394,241,RGB,4a8dd28571648c608dbf250525e3a0fb03b0a144fccfa07271b799b799b8c64b
C:\Users\koush\OneDrive\Documents\archive (4)\Dataset\Pessimistic\PE_314.jpg,Pessimistic,True,460,293,RGB,a9f863ce0897a770cfdd961dd81ef61da4cc5432fd8c0b31b3bba79a6939f401
C:\Users\koush\OneDrive\Documents\archive (4)\Dataset\Pessimistic\PE_315.jpg,Pessimistic,True,984,501,RGB,cd37ed4ca6ccf445350ab6467decd14c8278219c7aba9aa72ffcedb444472684
C:\Users\koush\OneDrive\Documents\archive (4)\Dataset\Pessimistic\PE_316.jpg,Pessimistic,True,365,192,RGB,9e9a6e746f8a66938c57ec2276335b6f8240d81b1da5afc971b1aa04a36b7b4a
C:\Users\koush\OneDrive\Documents\archive (4)\Dataset\Pessimistic\PE_317.jpg,Pessimistic,True,591,321,RGB,6d2baf2c0c31725146148f7888e86e7e2bedb0dadcc3fda611de1ceab9399c88
C:\Users\koush\OneDrive\Documents\archive (4)\Dataset\Pessimistic\PE_318.jpg,Pessimistic,True,1260,637,RGB,8bb16c4819beb1481c1acef088d88c71eb6ada9454cc6e54c05b24a28fcb5d17
C:\Users\koush\OneDrive\Documents\archive (4)\Dataset\Pessimistic\PE_319.jpg,Pessimistic,True,627,300,RGB,a3137a5f85e2a063ced7e6d76c9d3ce810707f471400ac2caa0de1955f05f2ac
C:\Users\koush\OneDrive\Documents\archive (4)\Dataset\Pessimistic\PE_32.jpg,Pessimistic,True,1088,425,RGB,eccc5f39cf51834c8d7f06026d5d4d27dc3d25ef5957fc970a3a5926228fa355
C:\Users\koush\OneDrive\Documents\archive (4)\Dataset\Pessimistic\PE_320.jpg,Pessimistic,True,716,405,RGB,5d2caf5e6508a97cc9cfcd6e68d15734a8c795d5547730de7b6501c4ff492ec1
C:\Users\koush\OneDrive\Documents\archive (4)\Dataset\Pessimistic\PE_321.jpg,Pessimistic,True,934,476,RGB,91adb3c920b03ce02911218512c9f69a20a49dc7513693da61ff082cedc7bc95
C:\Users\koush\OneDrive\Documents\archive (4)\Dataset\Pessimistic\PE_322.jpg,Pessimistic,True,403,224,RGB,8dfa81e414e37b92448de451d23dd8a9163e1f0fcb8ad65dcb10ddf75f47a09f
C:\Users\koush\OneDrive\Documents\archive (4)\Dataset\Pessimistic\PE_323.jpg,Pessimistic,True,578,285,RGB,810b457a8bbf5561b994ea40bdf322d97db9091d7d3a7e2f3a41bc2329c8949d
C:\Users\koush\OneDrive\Documents\archive (4)\Dataset\Pessimistic\PE_324.jpg,Pessimistic,True,1053,513,RGB,8097ead653a84a8e20d903b7d27c4cb7fae6070c9585cd792de9f50a0546f4d3
C:\Users\koush\OneDrive\Documents\archive (4)\Dataset\Pessimistic\PE_325.jpg,Pessimistic,True,508,245,RGB,8bb51e23670ad5e5ee18c4293ef22718557d92409efed75dc2105a30f07693b5
C:\Users\koush\OneDrive\Documents\archive (4)\Dataset\Pessimistic\PE_326.jpg,Pessimistic,True,1382,475,RGB,97fd09fd6b268a3384f903466af244e9d118deb5a7300de7126a7c87da05d2a1
C:\Users\koush\OneDrive\Documents\archive (4)\Dataset\Pessimistic\PE_327.jpg,Pessimistic,True,941,526,RGB,47bfa68338ef46aca010d21e4ae7af97b140b4f7b9de1806f2dc42e6fe5164be
C:\Users\koush\OneDrive\Documents\archive (4)\Dataset\Pessimistic\PE_328.jpg,Pessimistic,True,412,227,RGB,9ce36dce07287db1883e26ab13909306eefd51bd53d412fc0aac0bc80d4d7236
C:\Users\koush\OneDrive\Documents\archive (4)\Dataset\Pessimistic\PE_329.jpg,Pessimistic,True,476,321,RGB,339c0388809cfefa62d66bc6a49e06f85f93fd6e62e3afb887b4d771970d7797
C:\Users\koush\OneDrive\Documents\archive (4)\Dataset\Pessimistic\PE_33.jpg,Pessimistic,True,2608,718,RGB,04994c0c836d5b7241699826335f271394c5e6afe9a0eee651f96c2410a42b45
C:\Users\koush\OneDrive\Documents\archive (4)\Dataset\Pessimistic\PE_330.jpg,Pessimistic,True,1238,663,RGB,bda3a9d6cb651ea70dba54d9a8924643db22534f4d40e983422e930f3a427e0b
C:\Users\koush\OneDrive\Documents\archive (4)\Dataset\Pessimistic\PE_331.jpg,Pessimistic,True,479,292,RGB,c752a4832b8356ace4b3f15f532a4639ea44ab74fb333e1605192f7e3ddfb05e
C:\Users\koush\OneDrive\Documents\archive (4)\Dataset\Pessimistic\PE_332.jpg,Pessimistic,True,715,409,RGB,da59d6bd27635fc966a50797aae640a765f4917f56cae29cde086079237bd345
C:\Users\koush\OneDrive\Documents\archive (4)\Dataset\Pessimistic\PE_333.jpg,Pessimistic,True,1067,606,RGB,d86a7cfe36dbc652b8988629b679b5e52011c8b1ea43b78de5beae14fcdfa316
C:\Users\koush\OneDrive\Documents\archive (4)\Dataset\Pessimistic\PE_334.jpg,Pessimistic,True,746,398,RGB,58700e73589872e8a791271c2d6909325ef73e6f94e89f3f069118e77c211c1d
C:\Users\koush\OneDrive\Documents\archive (4)\Dataset\Pessimistic\PE_335.jpg,Pessimistic,True,730,416,RGB,435a4e194584ddf5f65889b82d836eff1101f5e9e6cc60740d18ae62547cda92
C:\Users\koush\OneDrive\Documents\archive (4)\Dataset\Pessimistic\PE_336.jpg,Pessimistic,True,856,533,RGB,c2ea0c1fdadaf04c98fd4cb2679e36cb3236ffc58b83ee63913b5fa49df42759
C:\Users\koush\OneDrive\Documents\archive (4)\Dataset\Pessimistic\PE_337.jpg,Pessimistic,True,450,308,RGB,b52ff6e241ad4516b8afe4adcc5c35efb18f68cca5c416c28c08078ddb9f1ea2
C:\Users\koush\OneDrive\Documents\archive (4)\Dataset\Pessimistic\PE_338.jpg,Pessimistic,True,631,396,RGB,aa68803382abb0c22260e36a3982d6a5dbdea47cd3ef4c8793ed5190ee5d9920
C:\Users\koush\OneDrive\Documents\archive (4)\Dataset\Pessimistic\PE_339.jpg,Pessimistic,True,557,360,RGB,508163934b795f99aaa163963efb12d20f0ec60e4bbbc6ed9ff819e5ca4da9dd
C:\Users\koush\OneDrive\Documents\archive (4)\Dataset\Pessimistic\PE_34.jpg,Pessimistic,True,782,434,RGB,b88ae27ab1e9388095af026b8464bbfcef91d080462e7b4944b94911d10a6599
C:\Users\koush\OneDrive\Documents\archive (4)\Dataset\Pessimistic\PE_340.jpg,Pessimistic,True,534,340,RGB,8af339424de7ee834ee22c2d03ebd48969f3c41e8a743f526d0f0da832776f66
C:\Users\koush\OneDrive\Documents\archive (4)\Dataset\Pessimistic\PE_341.jpg,Pessimistic,True,488,319,RGB,ea47673380406607ee723846a5cf42997487d880ae90683f50d5aed39e222d26
C:\Users\koush\OneDrive\Documents\archive (4)\Dataset\Pessimistic\PE_342.jpg,Pessimistic,True,557,360,RGB,436daf2e2bbfcf0a962cc4667cf2b258200d515d982f50a7034caf278dc54d75
C:\Users\koush\OneDrive\Documents\archive (4)\Dataset\Pessimistic\PE_343.jpg,Pessimistic,True,614,369,RGB,f18724bc59b45f2c5d5578e1a0e2544c372a4720843e4be6cffafaacc5e4a1a4
C:\Users\koush\OneDrive\Documents\archive (4)\Dataset\Pessimistic\PE_344.jpg,Pessimistic,True,510,376,RGB,baba96b560b2451c3aa3f36d2ea540c2b706b0f026f7756e826f80f158d03f31
C:\Users\koush\OneDrive\Documents\archive (4)\Dataset\Pessimistic\PE_345.jpg,Pessimistic,True,557,360,RGB,f2a6bd7fd187aa515fa10b0fb1ade996664c927475f88ff122c541ba5debed72
C:\Users\koush\OneDrive\Documents\archive (4)\Dataset\Pessimistic\PE_346.jpg,Pessimistic,True,580,353,RGB,a1479d8e4f41a62f9257e35420df83a22f1edaf8eb682e40227b371b76dd1788
C:\Users\koush\OneDrive\Documents\archive (4)\Dataset\Pessimistic\PE_347.jpg,Pessimistic,True,606,385,RGB,7a817f3ac473a8af7d9e08d73ed49ba2012f2304602a01eeb4c4823b0e3d2f64
C:\Users\koush\OneDrive\Documents\archive (4)\Dataset\Pessimistic\PE_348.jpg,Pessimistic,True,557,360,RGB,d31cc5223fd2b7a359e71501a6e4078399d1f2abe31f003e707643655922b207
C:\Users\koush\OneDrive\Documents\archive (4)\Dataset\Pessimistic\PE_349.jpg,Pessimistic,True,402,260,RGB,a15519cebec9c517c4100146737745ca02a2336556a077f45405487b7691351a
C:\Users\koush\OneDrive\Documents\archive (4)\Dataset\Pessimistic\PE_35.jpg,Pessimistic,True,1384,607,RGB,a88803ebf231238a86c9e68fa2f31a7698545f7b8978f6cf0dad656a5f4b9415
C:\Users\koush\OneDrive\Documents\archive (4)\Dataset\Pessimistic\PE_350.jpg,Pessimistic,True,733,456,RGB,c498327a68f00fd2a28ed913375030010f6fe19da8df2ee6e23cef0358f12046
C:\Users\koush\OneDrive\Documents\archive (4)\Dataset\Pessimistic\PE_351.jpg,Pessimistic,True,595,360,RGB,fa1a47ea388a1662e3a631bc9d432408510b5953f2ca4bf7d3b0c33ea007bda3
C:\Users\koush\OneDrive\Documents\archive (4)\Dataset\Pessimistic\PE_352.jpg,Pessimistic,True,492,294,RGB,6785549ee436d8449ba12a70f5fa9f395b841ba13264b56425b6def24476a55f
C:\Users\koush\OneDrive\Documents\archive (4)\Dataset\Pessimistic\PE_353.jpg,Pessimistic,True,726,415,RGB,f622b96d1b59349fb99e5f1be5f2cc5e06a566a25b922933c6543dfed6cc5cbf
C:\Users\koush\OneDrive\Documents\archive (4)\Dataset\Pessimistic\PE_354.jpg,Pessimistic,True,501,335,RGB,24c609de5d79d91331629c642f6eba553a574babe3a5252a217238f9161efff1
C:\Users\koush\OneDrive\Documents\archive (4)\Dataset\Pessimistic\PE_355.jpg,Pessimistic,True,577,374,RGB,886344339fdc1fc6db3c3167ef1ce5630ab1d0429a0342502e9955115e6afd89
C:\Users\koush\OneDrive\Documents\archive (4)\Dataset\Pessimistic\PE_356.jpg,Pessimistic,True,718,442,RGB,7154886920eb0e1989cfdf9c5f6ee0c83f1ccc22c069ac85c988a8ef2aaf50d3
C:\Users\koush\OneDrive\Documents\archive (4)\Dataset\Pessimistic\PE_357.jpg,Pessimistic,True,441,280,RGB,6da5a58b95078c87db9783844e1efb23f5b76c585a44201a1b18f0ba7d47a201
C:\Users\koush\OneDrive\Documents\archive (4)\Dataset\Pessimistic\PE_358.jpg,Pessimistic,True,530,331,RGB,6aa5e08b3286a6ace1ad212e62a234318d7deb83892bba565a6f660a7df5c216
C:\Users\koush\OneDrive\Documents\archive (4)\Dataset\Pessimistic\PE_359.jpg,Pessimistic,True,896,504,RGB,932006b6e2096bb16c37ef3d36f9d7ef12c40b33bbe19809355b5ed11bc3e238
C:\Users\koush\OneDrive\Documents\archive (4)\Dataset\Pessimistic\PE_36.jpg,Pessimistic,True,2267,603,RGB,8ec4123aaf194c7596c17b71a951f22a7838b4de8d798a5d93c02724ff4dd22c
C:\Users\koush\OneDrive\Documents\archive (4)\Dataset\Pessimistic\PE_360.jpg,Pessimistic,True,441,280,RGB,7dea427b554639038230937f99697090c559efc5c1da7df73fdafb5e3527628d
C:\Users\koush\OneDrive\Documents\archive (4)\Dataset\Pessimistic\PE_361.jpg,Pessimistic,True,544,378,RGB,882dd23d461b905536d42788cf873582258e9fff385055d996379a06a2da71c8
C:\Users\koush\OneDrive\Documents\archive (4)\Dataset\Pessimistic\PE_362.jpg,Pessimistic,True,533,333,RGB,69aa199efce28dea9b42224b0919cdf0d8c2a7b79821b490f62f9317fd744c8c
C:\Users\koush\OneDrive\Documents\archive (4)\Dataset\Pessimistic\PE_363.jpg,Pessimistic,True,574,337,RGB,b29ed0aa17c8a0e334f66cd8d9757d798b4ea5993ea51ac229161c8f3dca5779
C:\Users\koush\OneDrive\Documents\archive (4)\Dataset\Pessimistic\PE_364.jpg,Pessimistic,True,358,243,RGB,150e9fb17cbf25ea2b1a3cf51e2aa2a22dd8d172d8cc2c654882821029992f44
C:\Users\koush\OneDrive\Documents\archive (4)\Dataset\Pessimistic\PE_365.jpg,Pessimistic,True,726,489,RGB,69c3b3d35e7ed0909359e7847f9eac4d1771396e2b9a1f3702ff004741d53d91
C:\Users\koush\OneDrive\Documents\archive (4)\Dataset\Pessimistic\PE_366.jpg,Pessimistic,True,690,352,RGB,0c9fdc11f62450d53002b4a2dd571efb91860c75e7aa5c8013cf0a401321dd10
C:\Users\koush\OneDrive\Documents\archive (4)\Dataset\Pessimistic\PE_367.jpg,Pessimistic,True,1057,632,RGB,653abe6785297268e4738f4d37c18b057640a0db8df85043bd8d0db0be953b68
C:\Users\koush\OneDrive\Documents\archive (4)\Dataset\Pessimistic\PE_368.jpg,Pessimistic,True,1133,522,RGB,2b4bc0532cacd8226ccdd3bb47c063bc613ebabd0f9b77cb4f624bb319332290
C:\Users\koush\OneDrive\Documents\archive (4)\Dataset\Pessimistic\PE_369.jpg,Pessimistic,True,1004,591,RGB,15bc4c4fc9bbf33041d868f7ebebac6e7d00fe48fab5fc3e9a578a70965aeee7
C:\Users\koush\OneDrive\Documents\archive (4)\Dataset\Pessimistic\PE_37.jpg,Pessimistic,True,676,355,RGB,c6bd659f3f022c589b39ea644d4a433d789899a1cd1490da11233c6edc44fa24
C:\Users\koush\OneDrive\Documents\archive (4)\Dataset\Pessimistic\PE_370.jpg,Pessimistic,True,415,192,RGB,5b4d0ee5831468be716a183a9a3cfcf2375b8d964716c130d2e8022d502715bb
C:\Users\koush\OneDrive\Documents\archive (4)\Dataset\Pessimistic\PE_371.jpg,Pessimistic,True,559,353,RGB,4a3bd55e577b9514f57f265262756f830082e6bf131d73e48e20334ecf14945f
C:\Users\koush\OneDrive\Documents\archive (4)\Dataset\Pessimistic\PE_372.jpg,Pessimistic,True,1088,633,RGB,2aca5cb14cd55f9909cbff494f10818e94897506c026bda6140446d3cf631cb8
C:\Users\koush\OneDrive\Documents\archive (4)\Dataset\Pessimistic\PE_373.jpg,Pessimistic,True,560,322,RGB,da81aaee340e7f660be70c0523f4b55dfbaee776d2342462fa84e023b0558191
C:\Users\koush\OneDrive\Documents\archive (4)\Dataset\Pessimistic\PE_374.jpg,Pessimistic,True,573,316,RGB,51042de261acfb0d6a61a9df7274d35919193198cdef2e177a82b9ee5b95ded5
C:\Users\koush\OneDrive\Documents\archive (4)\Dataset\Pessimistic\PE_375.jpg,Pessimistic,True,1143,622,RGB,ec2c60a54700dbeab06fa094818090c1c9ce90506b1d0608528f02168a8a68ac
C:\Users\koush\OneDrive\Documents\archive (4)\Dataset\Pessimistic\PE_376.jpg,Pessimistic,True,614,360,RGB,75055a2879d52aa40962d60c847838e7d0ccddf163f6ae90d98f76d209222796
C:\Users\koush\OneDrive\Documents\archive (4)\Dataset\Pessimistic\PE_377.jpg,Pessimistic,True,919,509,RGB,766a2128fc998c13f778653325369f6df86387a85a272e33920b2e0f2119757a
C:\Users\koush\OneDrive\Documents\archive (4)\Dataset\Pessimistic\PE_378.jpg,Pessimistic,True,1049,629,RGB,7fe1bd3e8aff2a637bfccdb02a79e68131a24e4ea93c0d16b88cab0be259ff1e
C:\Users\koush\OneDrive\Documents\archive (4)\Dataset\Pessimistic\PE_379.jpg,Pessimistic,True,607,348,RGB,be953bd507688dac3b69cb80bed1786872921676fac174b0c4ce715b23d8fc50
C:\Users\koush\OneDrive\Documents\archive (4)\Dataset\Pessimistic\PE_38.jpg,Pessimistic,True,1103,458,RGB,f374b5a3dbc8383afdb444b756036551f4c52fd41ef5eda6c9327f1339193af4
C:\Users\koush\OneDrive\Documents\archive (4)\Dataset\Pessimistic\PE_380.jpg,Pessimistic,True,780,431,RGB,b9ef1155a7419bdc64ed3b12350c401aee3d7fcfe894940e6b2af1690ffec623
C:\Users\koush\OneDrive\Documents\archive (4)\Dataset\Pessimistic\PE_381.jpg,Pessimistic,True,769,541,RGB,1804d545a61f862549101f488d4c311f386c980b5c8d7c887647b387faa82a71
C:\Users\koush\OneDrive\Documents\archive (4)\Dataset\Pessimistic\PE_382.jpg,Pessimistic,True,697,442,RGB,6658cc60224a7900e0b0cf3f4e123cb2175b8b0b3011a49e6370cbfcd0f836ad
C:\Users\koush\OneDrive\Documents\archive (4)\Dataset\Pessimistic\PE_383.jpg,Pessimistic,True,781,475,RGB,a62289a1cceb5fdc1dabb56838c738111d0f9721b4693b198f9f2fa83802cf5c
C:\Users\koush\OneDrive\Documents\archive (4)\Dataset\Pessimistic\PE_384.jpg,Pessimistic,True,632,421,RGB,ff68cb93b9d58a808a4241155f09fa288fcb1667dc1dbac2ab0fdecfd1f141e8
C:\Users\koush\OneDrive\Documents\archive (4)\Dataset\Pessimistic\PE_385.jpg,Pessimistic,True,694,437,RGB,cf0c2b3d47e84bf234f4f061465381e38fb585145235c4d026c3ef805b6e8e06
C:\Users\koush\OneDrive\Documents\archive (4)\Dataset\Pessimistic\PE_386.jpg,Pessimistic,True,779,537,RGB,cfc6f40e890e7d23ac445b557c3ab8521c3ce3cd2c6d15f65193fa60dcabcf41
C:\Users\koush\OneDrive\Documents\archive (4)\Dataset\Pessimistic\PE_387.jpg,Pessimistic,True,926,583,RGB,a1923f88d7bac5519166ea5324481d25c763ce3cd7e2278f4410210e8ed01487
C:\Users\koush\OneDrive\Documents\archive (4)\Dataset\Pessimistic\PE_388.jpg,Pessimistic,True,1051,532,RGB,6dd22afb2f076c0475eb6f12ee5c056f8c938fffd6bb7fd1126894119f192ec5
C:\Users\koush\OneDrive\Documents\archive (4)\Dataset\Pessimistic\PE_389.jpg,Pessimistic,True,1159,590,RGB,cc49485e0d68d67f701ed6fce33d2c0147158148a6892d07cd24087d43a9ea6d
C:\Users\koush\OneDrive\Documents\archive (4)\Dataset\Pessimistic\PE_39.jpg,Pessimistic,True,2104,704,RGB,d4893d3e97a93bb46df3d7014c99c1a61039c0e5c0c62f83ff4039dbbe04576c
C:\Users\koush\OneDrive\Documents\archive (4)\Dataset\Pessimistic\PE_390.jpg,Pessimistic,True,702,408,RGB,5b975e3ccb8333961c7127571fddeed5da797842731a751ba24712129cde0464
C:\Users\koush\OneDrive\Documents\archive (4)\Dataset\Pessimistic\PE_391.jpg,Pessimistic,True,891,513,RGB,45528282ca15ba2b10c0952a959ff30e6deade4ddf4392d6295b8896c586d7ef
C:\Users\koush\OneDrive\Documents\archive (4)\Dataset\Pessimistic\PE_392.jpg,Pessimistic,True,1130,599,RGB,f869fa5f6040e5cb3d62edca7c8b3d773c0c2401e5e7bea3226de1d89d16211c
C:\Users\koush\OneDrive\Documents\archive (4)\Dataset\Pessimistic\PE_393.jpg,Pessimistic,True,994,468,RGB,3992d5cb7b16bd7fcbe6e043551e45bb361e175707d092f6731c1e3919655a3f
C:\Users\koush\OneDrive\Documents\archive (4)\Dataset\Pessimistic\PE_394.jpg,Pessimistic,True,1284,597,RGB,7823fff7071d058c038a3d3620010d92e354cafacd3802c30708a80dda205d03
C:\Users\koush\OneDrive\Documents\archive (4)\Dataset\Pessimistic\PE_395.jpg,Pessimistic,True,1663,925,RGB,fe6b08e76bd8cd8877c6f34a0308ed4bebbd7dbff6a958c99ecf14fe435997f0
C:\Users\koush\OneDrive\Documents\archive (4)\Dataset\Pessimistic\PE_396.jpg,Pessimistic,True,1359,781,RGB,9e281f5ab8bed64a7852fed68eaf2abb4bea3907ef020ca4e469fb1c63572702
C:\Users\koush\OneDrive\Documents\archive (4)\Dataset\Pessimistic\PE_397.jpg,Pessimistic,True,1172,610,RGB,d39ab56da80fe32ff7f6b8e6476c56d61978fb0d9e25f6ff80aa532f7f4541ae
C:\Users\koush\OneDrive\Documents\archive (4)\Dataset\Pessimistic\PE_398.jpg,Pessimistic,True,1537,844,RGB,19f13182608232da6405499845865ad44ec070a4d8ac7c5d9e4a40f16acb562e
C:\Users\koush\OneDrive\Documents\archive (4)\Dataset\Pessimistic\PE_399.jpg,Pessimistic,True,1051,587,RGB,3c83770c570916e4ca84c9dbb4bfb28132f1d968ee445624c15d71cd873b1a9a
C:\Users\koush\OneDrive\Documents\archive (4)\Dataset\Pessimistic\PE_4.jpg,Pessimistic,True,453,179,RGB,3adbb92356b6f3751f42d8cfd9a4cc9f59f184de24d8065dd888904225558a67
C:\Users\koush\OneDrive\Documents\archive (4)\Dataset\Pessimistic\PE_40.jpg,Pessimistic,True,671,361,RGB,5c2c6b68539cdda22973f47de03411202a52ebda7b2c0c17f1c188aa105a24f6
C:\Users\koush\OneDrive\Documents\archive (4)\Dataset\Pessimistic\PE_400.jpg,Pessimistic,True,1013,540,RGB,bbae04658880095b1163093f042e70bd4afaea7d735ff522a1a3f0b142820782
C:\Users\koush\OneDrive\Documents\archive (4)\Dataset\Pessimistic\PE_401.jpg,Pessimistic,True,1384,711,RGB,43b6c1d07e63c4b2cd070461a45d3021a4e3bd8a5c665a2f8032a7d9958d65ba
C:\Users\koush\OneDrive\Documents\archive (4)\Dataset\Pessimistic\PE_402.jpg,Pessimistic,True,893,537,RGB,3626dda8cf8617969997f9e9a7460ee3e9664fa1ca93edc6620ea91c0d848621
C:\Users\koush\OneDrive\Documents\archive (4)\Dataset\Pessimistic\PE_403.jpg,Pessimistic,True,736,465,RGB,95bd4446ae071caf9051f3b8a27b5ee0b188386eac5b4523445ebd392613d3eb
C:\Users\koush\OneDrive\Documents\archive (4)\Dataset\Pessimistic\PE_404.jpg,Pessimistic,True,1007,581,RGB,009540c90d473efff67635e7eab27c5530ceda154a9106f6dfffb78d629d634c
C:\Users\koush\OneDrive\Documents\archive (4)\Dataset\Pessimistic\PE_405.jpg,Pessimistic,True,1143,622,RGB,ec2c60a54700dbeab06fa094818090c1c9ce90506b1d0608528f02168a8a68ac
C:\Users\koush\OneDrive\Documents\archive (4)\Dataset\Pessimistic\PE_406.jpg,Pessimistic,True,804,405,RGB,c4987cd2cc304105687292ddbe4985c684f3337f2259c5019804e0e8a8396328
C:\Users\koush\OneDrive\Documents\archive (4)\Dataset\Pessimistic\PE_407.jpg,Pessimistic,True,1112,514,RGB,be0f02a4de67aec6947f9e1802f2ba37d75734afe70a233bc03794119f2ca1ac
C:\Users\koush\OneDrive\Documents\archive (4)\Dataset\Pessimistic\PE_408.jpg,Pessimistic,True,618,317,RGB,56c9f6aaf329a11efe1619278c960f935fc8893d38f1723bddef286888ca38fe
C:\Users\koush\OneDrive\Documents\archive (4)\Dataset\Pessimistic\PE_409.jpg,Pessimistic,True,714,356,RGB,a90341ab72dc60affc43bb34db75aedb36f41c2d9587a24d133b2ee2e72f461a
C:\Users\koush\OneDrive\Documents\archive (4)\Dataset\Pessimistic\PE_41.jpg,Pessimistic,True,1116,356,RGB,deb47ec0f0ce6d51526dc40b653d3388238c26f6676110b4a27d93186af125b0
C:\Users\koush\OneDrive\Documents\archive (4)\Dataset\Pessimistic\PE_410.jpg,Pessimistic,True,781,451,RGB,d6660f53d2827e1ad853b1109afdc99adb515f5b29835941b7c9dec3a1e1665f
C:\Users\koush\OneDrive\Documents\archive (4)\Dataset\Pessimistic\PE_411.jpg,Pessimistic,True,727,412,RGB,af088d4bf86f992e081cd1e0e1f8acb269d5e0f784cb9b9bc72b3a685da4d654
C:\Users\koush\OneDrive\Documents\archive (4)\Dataset\Pessimistic\PE_412.jpg,Pessimistic,True,1079,603,RGB,df5c899c2d5908229d28b29271b08611b36943b34eac346866fe5fa8588e667d
C:\Users\koush\OneDrive\Documents\archive (4)\Dataset\Pessimistic\PE_413.jpg,Pessimistic,True,1212,582,RGB,406b42013e74b4cb49d44b8e7bbebaa3b37b53df70d2c023cae7e235d2931fa3
C:\Users\koush\OneDrive\Documents\archive (4)\Dataset\Pessimistic\PE_414.jpg,Pessimistic,True,769,438,RGB,12d9dd78dae241bc7ea0ddd99579c9af70224931a0f38a67332c262fe14257b0
C:\Users\koush\OneDrive\Documents\archive (4)\Dataset\Pessimistic\PE_415.jpg,Pessimistic,True,1081,552,RGB,a6baefb15af574d679a1330891d44f1f4f99f8c2b444f71145bc97d3ce3e4136
C:\Users\koush\OneDrive\Documents\archive (4)\Dataset\Pessimistic\PE_416.jpg,Pessimistic,True,1115,562,RGB,03b3cb243c120f448b1f6e228ebcae72798beed757b7808c3b14507f1b7aeb1e
C:\Users\koush\OneDrive\Documents\archive (4)\Dataset\Pessimistic\PE_417.jpg,Pessimistic,True,1037,588,RGB,ee9cde33c050e3ac1b28902e5a8fe2ff4fdf92fc4ae2e37b1fd2e091600d3cb9
C:\Users\koush\OneDrive\Documents\archive (4)\Dataset\Pessimistic\PE_418.jpg,Pessimistic,True,1208,671,RGB,1584a9d0d75ccca237d253f07c80842f5a60cd16abfa49c6ad5bdc303f7c897f
C:\Users\koush\OneDrive\Documents\archive (4)\Dataset\Pessimistic\PE_419.jpg,Pessimistic,True,1697,911,RGB,b603f011dbe9840cfa8867add8c6695118534239b73cd4f9ddc0479809f989dc
C:\Users\koush\OneDrive\Documents\archive (4)\Dataset\Pessimistic\PE_42.jpg,Pessimistic,True,1947,597,RGB,86d92c9078a6bc75a96644e5c0351ae1ccad671dd6cb35f019ab6971e668fb79
C:\Users\koush\OneDrive\Documents\archive (4)\Dataset\Pessimistic\PE_420.jpg,Pessimistic,True,1087,624,RGB,5154ba4ded7fc75a158c59d69637c53f35d5e3b36ece338376b55b8dde25edab
C:\Users\koush\OneDrive\Documents\archive (4)\Dataset\Pessimistic\PE_421.jpg,Pessimistic,True,576,300,RGB,759f7c9fa8a5f30a858c1b0b816e36117c41bb48e1d7ed3cd63fe548e435cb17
C:\Users\koush\OneDrive\Documents\archive (4)\Dataset\Pessimistic\PE_422.jpg,Pessimistic,True,1282,300,RGB,0ee178daaabdc2cd66019f571a37ebea48fd941c8690b312b6c21a81325e815b
C:\Users\koush\OneDrive\Documents\archive (4)\Dataset\Pessimistic\PE_423.jpg,Pessimistic,True,2271,650,RGB,fd53f8b6fd9564038b7e2aa931e25d1b449ab614df31651c950564660e7015f8
C:\Users\koush\OneDrive\Documents\archive (4)\Dataset\Pessimistic\PE_424.jpg,Pessimistic,True,332,256,RGB,47687a59154e833177781096e990ea4d76cc305396877e704002977f29f09f2b
C:\Users\koush\OneDrive\Documents\archive (4)\Dataset\Pessimistic\PE_425.jpg,Pessimistic,True,1648,649,RGB,37cbb759ccf6bdcf7b853e8f1b3ad78b9ec70a1182357a1c97f311d98a331db5
C:\Users\koush\OneDrive\Documents\archive (4)\Dataset\Pessimistic\PE_426.jpg,Pessimistic,True,1965,615,RGB,625fda91b773083bd6015b66d0a92920ecbd68384e9b1a0aa8759f6a09b69b5a
C:\Users\koush\OneDrive\Documents\archive (4)\Dataset\Pessimistic\PE_427.jpg,Pessimistic,True,804,224,RGB,f15590b3aaf7520e438f0f1b197910c69b8468146672218533360958ee1ea9f3
C:\Users\koush\OneDrive\Documents\archive (4)\Dataset\Pessimistic\PE_428.jpg,Pessimistic,True,850,300,RGB,efdc5326efbd7907b839d5594c5bfdf0f1d11ad7ebb316e849b4f822c5f02e9d
C:\Users\koush\OneDrive\Documents\archive (4)\Dataset\Pessimistic\PE_429.jpg,Pessimistic,True,908,224,RGB,293045df5511ae92775947c1c311c9e5ac815c4ddabb4ed5c1fb2f1f313cc429
C:\Users\koush\OneDrive\Documents\archive (4)\Dataset\Pessimistic\PE_43.jpg,Pessimistic,True,551,300,RGB,415a778317702baec9c2380e39a1638a25406109029f221b47cb83c813fa5ee5
C:\Users\koush\OneDrive\Documents\archive (4)\Dataset\Pessimistic\PE_430.jpg,Pessimistic,True,934,188,RGB,0b9a0bede1a091bc83da86ed6cabbf52602d52e440392411ab1757c4fa90fdb1
C:\Users\koush\OneDrive\Documents\archive (4)\Dataset\Pessimistic\PE_431.jpg,Pessimistic,True,956,200,RGB,e5c72efd45d06e262f7a18183cfbc6b5e2f4d551a8dfdea5a7bc5f74358c8b5c
C:\Users\koush\OneDrive\Documents\archive (4)\Dataset\Pessimistic\PE_432.jpg,Pessimistic,True,2340,635,RGB,d044ee2e4c2a4996bb57d850b75efba205204504a7b7f2c2575f6b1d72d370ea
C:\Users\koush\OneDrive\Documents\archive (4)\Dataset\Pessimistic\PE_433.jpg,Pessimistic,True,356,156,RGB,4fce5ce1789d52c9797bbe2adf8f8c64690fb985c0fc52d15093753d0ebee8b8
C:\Users\koush\OneDrive\Documents\archive (4)\Dataset\Pessimistic\PE_434.jpg,Pessimistic,True,995,180,RGB,eaf7d922f39666ae2e55ef72792520d89c93f998ca20a63d8b3552b68d39ecf1
C:\Users\koush\OneDrive\Documents\archive (4)\Dataset\Pessimistic\PE_435.jpg,Pessimistic,True,774,201,RGB,9d32dd00b7d5033d1337d23b24fc27c970c7b76f434692f22230a1b66861c14f
C:\Users\koush\OneDrive\Documents\archive (4)\Dataset\Pessimistic\PE_436.jpg,Pessimistic,True,612,224,RGB,76710512f7f3c7f7e80c7ba99936cdd86347146bfaca9c0bbeed2730349e72bc
C:\Users\koush\OneDrive\Documents\archive (4)\Dataset\Pessimistic\PE_437.jpg,Pessimistic,True,504,84,RGB,ab69934e5b8dae550aab92774b04bd8de23ffde99738b9847f9073a194f23965
C:\Users\koush\OneDrive\Documents\archive (4)\Dataset\Pessimistic\PE_438.jpg,Pessimistic,True,1374,300,RGB,d187038ef13bcfa739c2dcea01ce51322542bd440b799e55292e6f94fc424498
C:\Users\koush\OneDrive\Documents\archive (4)\Dataset\Pessimistic\PE_439.jpg,Pessimistic,True,812,507,RGB,ab0eec572e51be1e0510c1ade8c6860d63a67c0a6bbef928236e23775f015a09
C:\Users\koush\OneDrive\Documents\archive (4)\Dataset\Pessimistic\PE_44.jpg,Pessimistic,True,1377,503,RGB,e119ed4f6aebae8412f8362db1cf663c10bd144aca2ca59d729226661d56f761
C:\Users\koush\OneDrive\Documents\archive (4)\Dataset\Pessimistic\PE_440.jpg,Pessimistic,True,866,150,RGB,4bb27ba6ec52ca171bf4a8094db4580080991bab9e02b00120b05889364bd339
C:\Users\koush\OneDrive\Documents\archive (4)\Dataset\Pessimistic\PE_441.jpg,Pessimistic,True,777,224,RGB,98026c29442eaf23cf2b74de14345c506870ef9864702645f9c2bb47389705c0
C:\Users\koush\OneDrive\Documents\archive (4)\Dataset\Pessimistic\PE_442.jpg,Pessimistic,True,529,189,RGB,d93881461bc5f6074c892a670c540f6d1751122972dcdf87f02517f2bb77ce79
C:\Users\koush\OneDrive\Documents\archive (4)\Dataset\Pessimistic\PE_443.jpg,Pessimistic,True,460,96,RGB,2a7d3be5275beb52e3cc2c2c9d5e02018332cb25cd2a4716975763671a6febf4
C:\Users\koush\OneDrive\Documents\archive (4)\Dataset\Pessimistic\PE_444.jpg,Pessimistic,True,1831,623,RGB,9c0909b1e857891769cfe6dce5a96a333c5510d77aadaff9a4a9130c94e9d681
C:\Users\koush\OneDrive\Documents\archive (4)\Dataset\Pessimistic\PE_445.jpg,Pessimistic,True,580,185,RGB,c29e7e6e09c6998b87c108689f34038935aeeb0fb092fe638950b7f42c0dd2ae
C:\Users\koush\OneDrive\Documents\archive (4)\Dataset\Pessimistic\PE_446.jpg,Pessimistic,True,861,150,RGB,1a4df0b0404517bda61fbddd0a2ef0623798f47e36fdf949fff87794ca1a30f8
C:\Users\koush\OneDrive\Documents\archive (4)\Dataset\Pessimistic\PE_447.jpg,Pessimistic,True,672,220,RGB,e2d2fe8318d8ca6caa6b7df1531922ed25126633997359584ebbab59dac78dfd
C:\Users\koush\OneDrive\Documents\archive (4)\Dataset\Pessimistic\PE_448.jpg,Pessimistic,True,284,104,RGB,f57aab430f4488884199bf4305d9acd96c6412c64a96cfb2c15d59b597080a2b
C:\Users\koush\OneDrive\Documents\archive (4)\Dataset\Pessimistic\PE_449.jpg,Pessimistic,True,464,116,RGB,7c8ff528913f9fc316e41840dd562d1d531573fc6ea952e11792a9060ff0a007
C:\Users\koush\OneDrive\Documents\archive (4)\Dataset\Pessimistic\PE_45.jpg,Pessimistic,True,1764,606,RGB,d7b71c89f160b0386ceb2fcef261525d25f90faed84dc23bc9daf0659fcf3d85
C:\Users\koush\OneDrive\Documents\archive (4)\Dataset\Pessimistic\PE_450.jpg,Pessimistic,True,907,200,RGB,6331a863306301640ac8afdefa4fbd27a8a1ed5adfabe62f97cec2cc2b71789d
C:\Users\koush\OneDrive\Documents\archive (4)\Dataset\Pessimistic\PE_451.jpg,Pessimistic,True,232,104,RGB,1e3f1b5d1c6a1552c6f995ab7fd8acae12988fb2dfa5bd52af1a165ac6168368
C:\Users\koush\OneDrive\Documents\archive (4)\Dataset\Pessimistic\PE_452.jpg,Pessimistic,True,500,68,RGB,7c69a3fa494adb7db870cce3d08eee3ce432463afb27535028742db24fccea44
C:\Users\koush\OneDrive\Documents\archive (4)\Dataset\Pessimistic\PE_453.jpg,Pessimistic,True,300,76,RGB,6fee90093b5e2ff48fc830b41d838ae0655e06a02b574f29490ecd03f0ef5a51
C:\Users\koush\OneDrive\Documents\archive (4)\Dataset\Pessimistic\PE_454.jpg,Pessimistic,True,316,116,RGB,daeb44b653af01fffb268510c8d65a2e30b6fad57a4efd4a794561ac022142f4
C:\Users\koush\OneDrive\Documents\archive (4)\Dataset\Pessimistic\PE_455.jpg,Pessimistic,True,276,80,RGB,100f19c6e7f9bb735d4b095a554d3d856633e7fd0f333cf0b8f3a0d5a383bb84
C:\Users\koush\OneDrive\Documents\archive (4)\Dataset\Pessimistic\PE_456.jpg,Pessimistic,True,548,176,RGB,42efa44f989dabbed8a9b8f5a56011af93d42dd04f65beebf193242df322a83f
C:\Users\koush\OneDrive\Documents\archive (4)\Dataset\Pessimistic\PE_457.jpg,Pessimistic,True,264,124,RGB,09a15ae30098383e7908e98efd00d78c468f26b0f997fc3eba0ed31397f36311
C:\Users\koush\OneDrive\Documents\archive (4)\Dataset\Pessimistic\PE_458.jpg,Pessimistic,True,428,108,RGB,8dca2919b4349895f708f2005320a0aff7b1ab9d5528e214de3dd44287d14d2a
C:\Users\koush\OneDrive\Documents\archive (4)\Dataset\Pessimistic\PE_459.jpg,Pessimistic,True,727,157,RGB,362e192a5532090b69199648a8ee49ca67fcbffd4374aea51386465cb12b6a6b
C:\Users\koush\OneDrive\Documents\archive (4)\Dataset\Pessimistic\PE_46.jpg,Pessimistic,True,880,510,RGB,1d55766a96bcd847ce4fab9c5bc0d6b848c52ba1604bb3f80cae41338bb123d5
C:\Users\koush\OneDrive\Documents\archive (4)\Dataset\Pessimistic\PE_460.jpg,Pessimistic,True,672,224,RGB,52a264bc7b5b9f8025502ecdc0984cf3d2d61a6c51c2d65c4a7fa1e817c41904
C:\Users\koush\OneDrive\Documents\archive (4)\Dataset\Pessimistic\PE_461.jpg,Pessimistic,True,404,88,RGB,b30a72e86d6db50f9e93b25b2c6d4be255355a01c6c298d4985789e12889f159
C:\Users\koush\OneDrive\Documents\archive (4)\Dataset\Pessimistic\PE_462.jpg,Pessimistic,True,700,232,RGB,879756fafe888a1fa4dca820341f42b4a1a5a1405a2b9b5b21e284934ae6e9e4
C:\Users\koush\OneDrive\Documents\archive (4)\Dataset\Pessimistic\PE_463.jpg,Pessimistic,True,509,199,RGB,a33a4c3cceda9cb29e612d1ccbf85480165fe78c7601ba57b450df0cdae3ce39
C:\Users\koush\OneDrive\Documents\archive (4)\Dataset\Pessimistic\PE_464.jpg,Pessimistic,True,851,173,RGB,c54722f712ebcf5bd40c0b08622374a59d44a2c789ce90cb8e0e505713bc0d19
C:\Users\koush\OneDrive\Documents\archive (4)\Dataset\Pessimistic\PE_465.jpg,Pessimistic,True,608,232,RGB,278b4410a7e6eb845a084370f831206567ab40db619f4b97a96797e0b8bd41a0
C:\Users\koush\OneDrive\Documents\archive (4)\Dataset\Pessimistic\PE_466.jpg,Pessimistic,True,378,198,RGB,640407dd5eea5cf5e573e75179d6f8f1b86b07f7b66d75dbee31c8a0ea16921e
C:\Users\koush\OneDrive\Documents\archive (4)\Dataset\Pessimistic\PE_467.jpg,Pessimistic,True,504,84,RGB,ab69934e5b8dae550aab92774b04bd8de23ffde99738b9847f9073a194f23965
C:\Users\koush\OneDrive\Documents\archive (4)\Dataset\Pessimistic\PE_468.jpg,Pessimistic,True,704,196,RGB,ba2300f4104268e2eb431605155278b833c2f5506dbc2c7d9d0b88df1c8cb46d
C:\Users\koush\OneDrive\Documents\archive (4)\Dataset\Pessimistic\PE_469.jpg,Pessimistic,True,880,400,RGB,9f03167e92554f4c911ffdf2f6e72a2ef0b8d390b1f384dfb7031b1460f166c3
C:\Users\koush\OneDrive\Documents\archive (4)\Dataset\Pessimistic\PE_47.jpg,Pessimistic,True,1269,405,RGB,2ae22c316ba24b0d20eac4cd9540e069bd309d563592482c840e473cc6226995
C:\Users\koush\OneDrive\Documents\archive (4)\Dataset\Pessimistic\PE_470.jpg,Pessimistic,True,480,96,RGB,37f8d1fca173ef970e53c7b2b5a6089772572cad9094f1144ec54494aaa578e5
C:\Users\koush\OneDrive\Documents\archive (4)\Dataset\Pessimistic\PE_471.jpg,Pessimistic,True,548,140,RGB,5ab4e80a33f28f12ad8f8bdcc4e514be8f95cdb3fe17eb7199100031122f4ef3
C:\Users\koush\OneDrive\Documents\archive (4)\Dataset\Pessimistic\PE_472.jpg,Pessimistic,True,965,400,RGB,ac2e9d0dc134c4af7c5ae00269ff6969fe9b7bbcf42f15e17c73bcfc86736e1e
C:\Users\koush\OneDrive\Documents\archive (4)\Dataset\Pessimistic\PE_473.jpg,Pessimistic,True,500,92,RGB,696519c52c866e72e649f85f716e78bee71ac33e18431b3cc083df4740a769e3
C:\Users\koush\OneDrive\Documents\archive (4)\Dataset\Pessimistic\PE_474.jpg,Pessimistic,True,621,300,RGB,1f25c6c9189d7db5072378c662cb1e40c25d58fa476ebf73de2155e9088aee9f
C:\Users\koush\OneDrive\Documents\archive (4)\Dataset\Pessimistic\PE_475.jpg,Pessimistic,True,451,200,RGB,a7ffabba27402d6d3ff1ed71f921685122159d183d759adf93e3c8ff0939f51c
C:\Users\koush\OneDrive\Documents\archive (4)\Dataset\Pessimistic\PE_476.jpg,Pessimistic,True,461,104,RGB,187d9fa158b834a3b7899b9cd07c7f3485a71fb53a652ff026ee69b537a1b390
C:\Users\koush\OneDrive\Documents\archive (4)\Dataset\Pessimistic\PE_477.jpg,Pessimistic,True,456,113,RGB,ef80bfd47654f605ba757b3a037c324007a1fefdc76b7d009a20ab52fc38f719
C:\Users\koush\OneDrive\Documents\archive (4)\Dataset\Pessimistic\PE_478.jpg,Pessimistic,True,704,196,RGB,ba2300f4104268e2eb431605155278b833c2f5506dbc2c7d9d0b88df1c8cb46d
C:\Users\koush\OneDrive\Documents\archive (4)\Dataset\Pessimistic\PE_479.jpg,Pessimistic,True,444,104,RGB,72d39f408d4ceb811b82ad475d9e8188e9950691ecf48114c3f9c86d885083f7
C:\Users\koush\OneDrive\Documents\archive (4)\Dataset\Pessimistic\PE_48.jpg,Pessimistic,True,2254,661,RGB,97515e6e4c291454a9f5820a8677925aa1f03403906e4cb24ace1058e9c2ef3a
C:\Users\koush\OneDrive\Documents\archive (4)\Dataset\Pessimistic\PE_480.jpg,Pessimistic,True,507,245,RGB,b9025ae05146cbfd1f82306084e145f0c7953269fa13c4770b08b568ac4d04a7
C:\Users\koush\OneDrive\Documents\archive (4)\Dataset\Pessimistic\PE_481.jpg,Pessimistic,True,758,388,RGB,5650042cf35c999e02edb5c0a8f50746636797b72123552a4d5b1c7580e099c9
C:\Users\koush\OneDrive\Documents\archive (4)\Dataset\Pessimistic\PE_482.jpg,Pessimistic,True,656,200,RGB,267a9aaa3929a7cdb6b69c018f92527408992c82f05bd7a865d5f1867c67a7b2
C:\Users\koush\OneDrive\Documents\archive (4)\Dataset\Pessimistic\PE_483.jpg,Pessimistic,True,804,180,RGB,b0e336dd13f61712394bbeaf933e9727b9eb038c3478df5251037665c2fdbcfd
C:\Users\koush\OneDrive\Documents\archive (4)\Dataset\Pessimistic\PE_484.jpg,Pessimistic,True,460,298,RGB,83c2e4d0e961145f5153dab23c5a257542fa681261540ebb647242c4f5640581
C:\Users\koush\OneDrive\Documents\archive (4)\Dataset\Pessimistic\PE_485.jpg,Pessimistic,True,460,96,RGB,fb591010abb288b1993e0dd4be5a4639dc595f63feb8e4d12b74f30f01b2b527
C:\Users\koush\OneDrive\Documents\archive (4)\Dataset\Pessimistic\PE_486.jpg,Pessimistic,True,714,200,RGB,aef52cd6bd56f11bd58df301361487e4562bb9103298cb438f36b2b7628298da
C:\Users\koush\OneDrive\Documents\archive (4)\Dataset\Pessimistic\PE_487.jpg,Pessimistic,True,357,190,RGB,38f048e5a10771ed9780f95e35443a753b8ec7f097cdc42ff3d92f9a2b74dff2
C:\Users\koush\OneDrive\Documents\archive (4)\Dataset\Pessimistic\PE_488.jpg,Pessimistic,True,878,200,RGB,400f8a5de6383031c7419b6821070d0b80f1fbfdfb1fa88012cb3b600c094f1d
C:\Users\koush\OneDrive\Documents\archive (4)\Dataset\Pessimistic\PE_489.jpg,Pessimistic,True,672,220,RGB,e2d2fe8318d8ca6caa6b7df1531922ed25126633997359584ebbab59dac78dfd
C:\Users\koush\OneDrive\Documents\archive (4)\Dataset\Pessimistic\PE_49.jpg,Pessimistic,True,725,432,RGB,fa175b2e660b65ba95e3205535677bb3c75a3b5882feb9eab99d9bc7ddcde732
C:\Users\koush\OneDrive\Documents\archive (4)\Dataset\Pessimistic\PE_490.jpg,Pessimistic,True,900,300,RGB,9afc0c99154e3c6408434e780d04f051ac951a6451d52c642fe885307e3d8ec9
C:\Users\koush\OneDrive\Documents\archive (4)\Dataset\Pessimistic\PE_491.jpg,Pessimistic,True,460,116,RGB,cc4596888ce495c0bade4239892a982640cf38850f441fc29da6658e4d19ddc7
C:\Users\koush\OneDrive\Documents\archive (4)\Dataset\Pessimistic\PE_492.jpg,Pessimistic,True,707,286,RGB,c00a34ae24dac3dfc379ee7b2fba1bec58fcda3932c036d65959f9ea259e76ef
C:\Users\koush\OneDrive\Documents\archive (4)\Dataset\Pessimistic\PE_493.jpg,Pessimistic,True,646,300,RGB,56abdaa51cab616c3fa4bf947f68b0ac7d297a32ca9f3f6d7a7f3b999697232c
C:\Users\koush\OneDrive\Documents\archive (4)\Dataset\Pessimistic\PE_494.jpg,Pessimistic,True,870,200,RGB,191032e344caff78c6b34c88842734e29d4537b3bc84edba921080fee6a451c3
C:\Users\koush\OneDrive\Documents\archive (4)\Dataset\Pessimistic\PE_495.jpg,Pessimistic,True,733,200,RGB,07e1e0a00f0c69b1241f8b77d9e852d353fec5b0e57cb74ccd34749294bdd182
C:\Users\koush\OneDrive\Documents\archive (4)\Dataset\Pessimistic\PE_496.jpg,Pessimistic,True,409,199,RGB,7e63ce9115212c39f3761950a5a980f5240b1d48fb781f66bccffe6d94d223f8
C:\Users\koush\OneDrive\Documents\archive (4)\Dataset\Pessimistic\PE_497.jpg,Pessimistic,True,448,112,RGB,97a3f66d3baa8053ec78c92202cd1567687724ff45ace14dfccd4b4d4f8b30f3
C:\Users\koush\OneDrive\Documents\archive (4)\Dataset\Pessimistic\PE_498.jpg,Pessimistic,True,729,200,RGB,5dacd2a39ec7ad3071faad4a3feedfd389636a96318170e3f829b47972593683
C:\Users\koush\OneDrive\Documents\archive (4)\Dataset\Pessimistic\PE_499.jpg,Pessimistic,True,405,226,RGB,60b225f35f079a8ffed918ec6c895e0c12a42d198f84ce2804f5c4e8d5d81856
C:\Users\koush\OneDrive\Documents\archive (4)\Dataset\Pessimistic\PE_5.jpg,Pessimistic,True,1995,701,RGB,de2b5bb1088f1cffa4758dab58e0f655c25424186030b79cf1774a6ec7593564
C:\Users\koush\OneDrive\Documents\archive (4)\Dataset\Pessimistic\PE_50.jpg,Pessimistic,True,1473,523,RGB,3b841fa18bd3a83bbf903e10d12da703d20f1d5bdf28ce5eb23df142896373a3
C:\Users\koush\OneDrive\Documents\archive (4)\Dataset\Pessimistic\PE_500.jpg,Pessimistic,True,778,150,RGB,4b5fe08851f2f47f3c679d2c98bcb3886c26fb2d87aa1e9cf4f70670d2bfc0e8
C:\Users\koush\OneDrive\Documents\archive (4)\Dataset\Pessimistic\PE_501.jpg,Pessimistic,True,388,112,RGB,734f2cdd15056c0440282b959d6506ff7a54e1f437489f166ae990ea8ebd4599
C:\Users\koush\OneDrive\Documents\archive (4)\Dataset\Pessimistic\PE_502.jpg,Pessimistic,True,655,275,RGB,260c557500d73cc5d19adfde5ffb573a12ea94ecedf8b83c8fe9e5ca6dd27aa3
C:\Users\koush\OneDrive\Documents\archive (4)\Dataset\Pessimistic\PE_503.jpg,Pessimistic,True,388,96,RGB,09540056adccfcf2f58071053376b9423cb7587c8bb4949d5c8d8b5a8dd51263
C:\Users\koush\OneDrive\Documents\archive (4)\Dataset\Pessimistic\PE_504.jpg,Pessimistic,True,632,149,RGB,bf566fce572afe5c8a5913ee5c3d1c1a7e8580e914501d83b06692ed80862fb0
C:\Users\koush\OneDrive\Documents\archive (4)\Dataset\Pessimistic\PE_505.jpg,Pessimistic,True,392,161,RGB,c404a02f1f385c362a4626f90e349e279262073a70965e76180c749fd53157b4
C:\Users\koush\OneDrive\Documents\archive (4)\Dataset\Pessimistic\PE_506.jpg,Pessimistic,True,477,100,RGB,7582639dec38f2d2e9afd7c1d4fc272782bb486f8903650212d6293048286622
C:\Users\koush\OneDrive\Documents\archive (4)\Dataset\Pessimistic\PE_507.jpg,Pessimistic,True,800,200,RGB,bfede608b516a2fdac9308dc60c1608c8a356ebb877f438336ecf9f9648b37f5
C:\Users\koush\OneDrive\Documents\archive (4)\Dataset\Pessimistic\PE_508.jpg,Pessimistic,True,240,80,RGB,b0aa0906a752ada332f50c68479da32ce88b7b347e087c893fc479f88829de71
C:\Users\koush\OneDrive\Documents\archive (4)\Dataset\Pessimistic\PE_509.jpg,Pessimistic,True,874,150,RGB,f34abd955ff2063b8b996959fafc9d24443c7e96f505f8d5f5c6a4d0c9d3e4dd
C:\Users\koush\OneDrive\Documents\archive (4)\Dataset\Pessimistic\PE_51.jpg,Pessimistic,True,2355,594,RGB,fcb68dc31d3e65d7ff02e93c94f72285ee61a3117a3ddf414fab73e2d1d6fa36
C:\Users\koush\OneDrive\Documents\archive (4)\Dataset\Pessimistic\PE_510.jpg,Pessimistic,True,568,128,RGB,590e93f85eb4b77b3c728f640ee2ca02cb5e5d710a544c41e7007dd7adffe7cc
C:\Users\koush\OneDrive\Documents\archive (4)\Dataset\Pessimistic\PE_511.jpg,Pessimistic,True,382,179,RGB,accf1706faff77ae2502d00f02b3334b1deb47e2cfd9a6041582e92b447a1c8c
C:\Users\koush\OneDrive\Documents\archive (4)\Dataset\Pessimistic\PE_512.jpg,Pessimistic,True,420,112,RGB,6b4d135dcae203502bfb7df7e8ed8841801168cfbc2ad6a04193b1afdb0a5d2f
C:\Users\koush\OneDrive\Documents\archive (4)\Dataset\Pessimistic\PE_513.jpg,Pessimistic,True,596,160,RGB,e2d85b6d9c2df05893bdd40aaf1ada16f3656f648d19771dfb66cad61592d03f
C:\Users\koush\OneDrive\Documents\archive (4)\Dataset\Pessimistic\PE_514.jpg,Pessimistic,True,655,275,RGB,260c557500d73cc5d19adfde5ffb573a12ea94ecedf8b83c8fe9e5ca6dd27aa3
C:\Users\koush\OneDrive\Documents\archive (4)\Dataset\Pessimistic\PE_515.jpg,Pessimistic,True,436,108,RGB,ad9f4c0844f3f5dff8d1f610fd9d01e94f071badf9bad483b88eadb12984151c
C:\Users\koush\OneDrive\Documents\archive (4)\Dataset\Pessimistic\PE_516.jpg,Pessimistic,True,788,180,RGB,0c98054b5bc9cfc0a36332c77fbe5e09d8d08a60f5b6a7a9eed7bb87be54cd0f
C:\Users\koush\OneDrive\Documents\archive (4)\Dataset\Pessimistic\PE_517.jpg,Pessimistic,True,457,173,RGB,0fb465dcded20a80b47ec50892506a1d5b0be3ead42b699db222e832d14c8a21
C:\Users\koush\OneDrive\Documents\archive (4)\Dataset\Pessimistic\PE_518.jpg,Pessimistic,True,429,91,RGB,b93d444f99a3547f8266bc26917edf844b6022d1ffa147827fbcd1330446f5ed
C:\Users\koush\OneDrive\Documents\archive (4)\Dataset\Pessimistic\PE_519.jpg,Pessimistic,True,416,96,RGB,1af4149d79eea727ff5414c4faca0a23fd0e29dbb5047ed69521e54717c162bb
C:\Users\koush\OneDrive\Documents\archive (4)\Dataset\Pessimistic\PE_52.jpg,Pessimistic,True,1353,615,RGB,186712081ddf6892def78075856e32b79350da2a4967617836e4e89b39610bed
C:\Users\koush\OneDrive\Documents\archive (4)\Dataset\Pessimistic\PE_520.jpg,Pessimistic,True,731,200,RGB,21c4203e6b4579d0aa1c46ba26faeb91bec11f053dc55b4179f2501c4c6178da
C:\Users\koush\OneDrive\Documents\archive (4)\Dataset\Pessimistic\PE_521.jpg,Pessimistic,True,408,112,RGB,d9028f6a3a47af5763df0402b79662fe391c820d17d9d9e94f08b900c6127989
C:\Users\koush\OneDrive\Documents\archive (4)\Dataset\Pessimistic\PE_522.jpg,Pessimistic,True,680,140,RGB,480c3edfac74125b259331ff624dc58832dbfd70b2fa04ba8cbcc85677e1bfe8
C:\Users\koush\OneDrive\Documents\archive (4)\Dataset\Pessimistic\PE_523.jpg,Pessimistic,True,475,298,RGB,246dfbd0c9d0b8b2186900f851c8093d69cd83c4e63576c83e1c3f63cbf0c944
C:\Users\koush\OneDrive\Documents\archive (4)\Dataset\Pessimistic\PE_524.jpg,Pessimistic,True,937,200,RGB,b10f2fd9241ead225e0c612c6755d684f6e9b62f88f2e127af2d06e0c0bfacc5
C:\Users\koush\OneDrive\Documents\archive (4)\Dataset\Pessimistic\PE_525.jpg,Pessimistic,True,580,320,RGB,cc0a407dfd2e994af5e6cf7c8c56dc1e5e22bb22c0c9cd02e3c9e36060d57df0
C:\Users\koush\OneDrive\Documents\archive (4)\Dataset\Pessimistic\PE_526.jpg,Pessimistic,True,519,189,RGB,4fe8376d05d816fb84877ea3fbc7acb3369f6009c0bea714c3ca1498fd4effd9
C:\Users\koush\OneDrive\Documents\archive (4)\Dataset\Pessimistic\PE_527.jpg,Pessimistic,True,922,200,RGB,3746430a0e1f96bb83fdbf492a2186e4ae8bca64a496977bdd31182d7e17eea8
C:\Users\koush\OneDrive\Documents\archive (4)\Dataset\Pessimistic\PE_528.jpg,Pessimistic,True,480,260,RGB,7138038ed80b5358bb09a08359ca96912541aa2588f1907e3c769d029aeeef7e
C:\Users\koush\OneDrive\Documents\archive (4)\Dataset\Pessimistic\PE_529.jpg,Pessimistic,True,382,179,RGB,accf1706faff77ae2502d00f02b3334b1deb47e2cfd9a6041582e92b447a1c8c
C:\Users\koush\OneDrive\Documents\archive (4)\Dataset\Pessimistic\PE_53.jpg,Pessimistic,True,1423,620,RGB,6eb98b6d68455098da6c8c664b354ecb78e115bf7fd0592b00f3c16c1412dc63
C:\Users\koush\OneDrive\Documents\archive (4)\Dataset\Pessimistic\PE_530.jpg,Pessimistic,True,348,72,RGB,0b93cf48834f94173775d8e5633a42bbd2566492f419157f20e57f83f7f20b94
C:\Users\koush\OneDrive\Documents\archive (4)\Dataset\Pessimistic\PE_531.jpg,Pessimistic,True,672,176,RGB,cef163c5df732affeb857981a083bb7c0029779fbbba0335819670396c59766e
C:\Users\koush\OneDrive\Documents\archive (4)\Dataset\Pessimistic\PE_532.jpg,Pessimistic,True,388,88,RGB,b1797c72336a200784736955593b41440c61e1239ad7ad8cd5323a41be3b2306
C:\Users\koush\OneDrive\Documents\archive (4)\Dataset\Pessimistic\PE_533.jpg,Pessimistic,True,404,108,RGB,c9ee14c57845b34ef04bca746b7be459bc10bde61dbe20ea604a4a5d81b03e39
C:\Users\koush\OneDrive\Documents\archive (4)\Dataset\Pessimistic\PE_534.jpg,Pessimistic,True,848,320,RGB,f10032ab5a51af56be9edb34721d5b1ba8fef3771d69f383a8996e7adb7cade8
C:\Users\koush\OneDrive\Documents\archive (4)\Dataset\Pessimistic\PE_535.jpg,Pessimistic,True,292,132,RGB,24e30066048b5db58c6aa6f1efe54401aa131632c7e6f833cd885ff00521db33
C:\Users\koush\OneDrive\Documents\archive (4)\Dataset\Pessimistic\PE_536.jpg,Pessimistic,True,372,112,RGB,d1484f4fdff52c75799357037a32c80ad82dba5a274937faf12a59610fc0ad79
C:\Users\koush\OneDrive\Documents\archive (4)\Dataset\Pessimistic\PE_537.jpg,Pessimistic,True,872,208,RGB,a77618d6c97c0ed1da36911574571f6df05792033f487f6579b87c26781c4f4d
C:\Users\koush\OneDrive\Documents\archive (4)\Dataset\Pessimistic\PE_538.jpg,Pessimistic,True,528,200,RGB,9821429c1f225d0c0c3ee820b90c389840f7bc3ecac47e877df42d2783be86ea
C:\Users\koush\OneDrive\Documents\archive (4)\Dataset\Pessimistic\PE_539.jpg,Pessimistic,True,584,108,RGB,7ce0a913feec4680d7165fc7d16429ceef1842f6adbbd734ef04d97f6467ef87
C:\Users\koush\OneDrive\Documents\archive (4)\Dataset\Pessimistic\PE_54.jpg,Pessimistic,True,2464,807,RGB,a6adc58da24e461fc0b44bfda73dcf8ed912d4f894137cc10f9fb126115e03fb
C:\Users\koush\OneDrive\Documents\archive (4)\Dataset\Pessimistic\PE_540.jpg,Pessimistic,True,714,200,RGB,aef52cd6bd56f11bd58df301361487e4562bb9103298cb438f36b2b7628298da
C:\Users\koush\OneDrive\Documents\archive (4)\Dataset\Pessimistic\PE_541.jpg,Pessimistic,True,505,200,RGB,ea565e0942e7c920b15c2406e198bd36a3e5e5a403b14eb43102ad20a46559ed
C:\Users\koush\OneDrive\Documents\archive (4)\Dataset\Pessimistic\PE_542.jpg,Pessimistic,True,380,80,RGB,5ca5cbfc69cd1fc3f9ff0ccbf94ebc8296828eb57c2be98d0279c15361b3d8c6
C:\Users\koush\OneDrive\Documents\archive (4)\Dataset\Pessimistic\PE_543.jpg,Pessimistic,True,684,196,RGB,e26d796b48857e9fb76f0bfc4f1ac7e4127a7584bd91605684b1c852c73ca37c
C:\Users\koush\OneDrive\Documents\archive (4)\Dataset\Pessimistic\PE_544.jpg,Pessimistic,True,447,200,RGB,9b4fbe5990809803db3af77e90a142da18d50aa7e06afec8df713c89c12512ae
C:\Users\koush\OneDrive\Documents\archive (4)\Dataset\Pessimistic\PE_545.jpg,Pessimistic,True,376,104,RGB,abb0a224b687c67d1173b005f75c62e0e0a5f403257ccf0dce284a2c39309d28
C:\Users\koush\OneDrive\Documents\archive (4)\Dataset\Pessimistic\PE_546.jpg,Pessimistic,True,508,192,RGB,03cd55c29c01bd1703d1be2bb344a2659e77b9cfbbbbe8c5a86bac75cfbe18d6
C:\Users\koush\OneDrive\Documents\archive (4)\Dataset\Pessimistic\PE_547.jpg,Pessimistic,True,488,240,RGB,2c4a8dc8ab6593c535667ba9f5064e0440edf7232a754af12d5d4bd650880ef3
C:\Users\koush\OneDrive\Documents\archive (4)\Dataset\Pessimistic\PE_548.jpg,Pessimistic,True,372,72,RGB,04f89856b5a126b3ab45eb2cac83312a5cbf26853a72e9f6f5c183168a7676cf
C:\Users\koush\OneDrive\Documents\archive (4)\Dataset\Pessimistic\PE_549.jpg,Pessimistic,True,636,292,RGB,ed48dfe08a3802ec6d0a4832062a62f7d6ccbf4098e554e8bc96c402cbcfe277
C:\Users\koush\OneDrive\Documents\archive (4)\Dataset\Pessimistic\PE_55.jpg,Pessimistic,True,904,523,RGB,d3d9b3fa73c95c8a2221dae4504af39f525e10df5a5fc8d1e509c1b16a08e633
C:\Users\koush\OneDrive\Documents\archive (4)\Dataset\Pessimistic\PE_550.jpg,Pessimistic,True,524,204,RGB,5c25a8be8bf66bd3ed632ffd43462692cad6bed9a3fd5389f11acec7bdecc025
C:\Users\koush\OneDrive\Documents\archive (4)\Dataset\Pessimistic\PE_551.jpg,Pessimistic,True,392,84,RGB,7dabe633e1791300a90d3907f2f9e6b135a147e7e13eee1cceb4fce24c6aead6
C:\Users\koush\OneDrive\Documents\archive (4)\Dataset\Pessimistic\PE_552.jpg,Pessimistic,True,644,220,RGB,2802e46c07315ad33ae019ad778b7c73b7c0f969c0525476e4216a6af3b71ac6
C:\Users\koush\OneDrive\Documents\archive (4)\Dataset\Pessimistic\PE_553.jpg,Pessimistic,True,480,196,RGB,bbda72baf136b102bc454e3c9a0fe7092a24ad49c3f859e05c6ba4bfa1996dad
C:\Users\koush\OneDrive\Documents\archive (4)\Dataset\Pessimistic\PE_554.jpg,Pessimistic,True,340,64,RGB,3d7c7c6cdba6bd49932819c6dfd95c6d97591790374f6525e7608d196019e282
C:\Users\koush\OneDrive\Documents\archive (4)\Dataset\Pessimistic\PE_555.jpg,Pessimistic,True,640,148,RGB,ca69e42a6790ea8f2dfa912255932ba8802cb9547cf2e105ba5c7e660d24c8af
C:\Users\koush\OneDrive\Documents\archive (4)\Dataset\Pessimistic\PE_556.jpg,Pessimistic,True,504,240,RGB,8c1c7ccd4a705a7f9f089f0bdca4cb559e91787f2ea91b998245b17f49f4eb71
C:\Users\koush\OneDrive\Documents\archive (4)\Dataset\Pessimistic\PE_557.jpg,Pessimistic,True,435,100,RGB,370da51747d2dde1f10cb2427a7380838e635f274b054693bccda42bdecf4932
C:\Users\koush\OneDrive\Documents\archive (4)\Dataset\Pessimistic\PE_558.jpg,Pessimistic,True,476,240,RGB,01dfe225758a758a3d38ab24aff0d906e7eead775630ce6e28b0f13b300723e7
C:\Users\koush\OneDrive\Documents\archive (4)\Dataset\Pessimistic\PE_559.jpg,Pessimistic,True,412,248,RGB,3b8702bd6a35d88250d60c0c09cccd202138de91b7f98591addec666651bdc70
C:\Users\koush\OneDrive\Documents\archive (4)\Dataset\Pessimistic\PE_56.jpg,Pessimistic,True,1448,605,RGB,54b08588310adfb8b9d6e986a8c33bee07a02667966291cc23ce6a2dad949d6e
C:\Users\koush\OneDrive\Documents\archive (4)\Dataset\Pessimistic\PE_560.jpg,Pessimistic,True,488,84,RGB,4fc2505abba7a78cbcff53ab0f6be93638e2dd011c365921e0ba62e7b5bc14ef
C:\Users\koush\OneDrive\Documents\archive (4)\Dataset\Pessimistic\PE_561.jpg,Pessimistic,True,636,196,RGB,aef5e7fa1beaa8fcad3575f6d905d10e8bdce510748eafca8b70e5efe350991a
C:\Users\koush\OneDrive\Documents\archive (4)\Dataset\Pessimistic\PE_562.jpg,Pessimistic,True,512,248,RGB,858e681eccbb0d5426fa63d8a3e9c9ef204c50af00f0901ee4c1f23c057867ba
C:\Users\koush\OneDrive\Documents\archive (4)\Dataset\Pessimistic\PE_563.jpg,Pessimistic,True,508,72,RGB,2b1e6c69c78d5ae3b9c89c3c85d68c2fdf07833baed939889874fb74af5ff1b8
C:\Users\koush\OneDrive\Documents\archive (4)\Dataset\Pessimistic\PE_564.jpg,Pessimistic,True,680,276,RGB,b2deb2d69f6450b79a5e9a8d248ba8fcdaa376be289d58314ff76a57aa1f8cb2
C:\Users\koush\OneDrive\Documents\archive (4)\Dataset\Pessimistic\PE_565.jpg,Pessimistic,True,408,209,RGB,2d8cb8d386dff30b7280dc814f7b5614b9ce74108bb29b953a07fb761ab6ff76
C:\Users\koush\OneDrive\Documents\archive (4)\Dataset\Pessimistic\PE_566.jpg,Pessimistic,True,300,112,RGB,a8255b266c3f9a710d99bd0b0aaede36886f8c7b48af0c29ab14a08c77699afd
C:\Users\koush\OneDrive\Documents\archive (4)\Dataset\Pessimistic\PE_567.jpg,Pessimistic,True,696,224,RGB,c4105adf5c5efddf14164873b6ae7de243ce5dc6bd28fa94fc372e9aa91b6b91
C:\Users\koush\OneDrive\Documents\archive (4)\Dataset\Pessimistic\PE_568.jpg,Pessimistic,True,400,156,RGB,8c5613582015a774c4d866ec7069ee349d18f6baef16ff9c550e02266f59f58b
C:\Users\koush\OneDrive\Documents\archive (4)\Dataset\Pessimistic\PE_569.jpg,Pessimistic,True,865,264,RGB,73da9370b222d59cc3a3de86a1c15bad49761e6bfe2ba2da9266859dd6363e17
C:\Users\koush\OneDrive\Documents\archive (4)\Dataset\Pessimistic\PE_57.jpg,Pessimistic,True,2491,727,RGB,abd1c4e29fe742653179a7635fe1d525c5aaec13fd9e328f22dd01d92b4c2ae9
C:\Users\koush\OneDrive\Documents\archive (4)\Dataset\Pessimistic\PE_570.jpg,Pessimistic,True,576,151,RGB,8213482b22df8bc0f616c646b7f9f4fcc7fec56f65cdce518a0b94e1d61e4a8f
C:\Users\koush\OneDrive\Documents\archive (4)\Dataset\Pessimistic\PE_571.jpg,Pessimistic,True,327,163,RGB,63fc1f37285edc9cd671a147618940f90d96ffa1b61104138d9030bd90442e64
C:\Users\koush\OneDrive\Documents\archive (4)\Dataset\Pessimistic\PE_572.jpg,Pessimistic,True,1122,221,RGB,03e4a8e592cad921e2339efa5ac220ad9dbe0e78c4d4d355af668c450a1acc9f
C:\Users\koush\OneDrive\Documents\archive (4)\Dataset\Pessimistic\PE_573.jpg,Pessimistic,True,536,180,RGB,38166dc7f345969fc9da36b1702fc968a1e33751b50568b991d3c97a2879b235
C:\Users\koush\OneDrive\Documents\archive (4)\Dataset\Pessimistic\PE_574.jpg,Pessimistic,True,476,216,RGB,eb7e9c1daa96e035f4574c1fdd43247eee3510bf370f3de957f33fb9dbf8e6bf
C:\Users\koush\OneDrive\Documents\archive (4)\Dataset\Pessimistic\PE_575.jpg,Pessimistic,True,928,188,RGB,e41004d35d929cf229ef0585b166ea991f120557ac8230d8a00002ac19041b6d
C:\Users\koush\OneDrive\Documents\archive (4)\Dataset\Pessimistic\PE_576.jpg,Pessimistic,True,513,105,RGB,b720a1d7c88f1252b724c8592d2cfb7d5641712cbf0b687547d0f70c311ce422
C:\Users\koush\OneDrive\Documents\archive (4)\Dataset\Pessimistic\PE_577.jpg,Pessimistic,True,276,264,RGB,73f1f98df38dec12d42acf264b3893daa0e9f7b30e2699f7a52fe4a66550d22a
C:\Users\koush\OneDrive\Documents\archive (4)\Dataset\Pessimistic\PE_578.jpg,Pessimistic,True,960,252,RGB,3ded7070bd9f5bd7b94287854159960dfe31e9e7411d79751c7c7edf1034b5e7
C:\Users\koush\OneDrive\Documents\archive (4)\Dataset\Pessimistic\PE_579.jpg,Pessimistic,True,880,264,RGB,991be609e241d45246d259d09efa504b5696783fd71279f44bcb411a554a8538
C:\Users\koush\OneDrive\Documents\archive (4)\Dataset\Pessimistic\PE_58.jpg,Pessimistic,True,1183,709,RGB,8aa43ef9857431dc89cd90b93c2f240351b6a43ad57178ef6f684cb83a7a6221
C:\Users\koush\OneDrive\Documents\archive (4)\Dataset\Pessimistic\PE_580.jpg,Pessimistic,True,444,220,RGB,ee07fab357c17bc9473d5cfb998340c027624f5fa56ac331eb4712ab0a6a1404
C:\Users\koush\OneDrive\Documents\archive (4)\Dataset\Pessimistic\PE_581.jpg,Pessimistic,True,896,268,RGB,028c3f94de404582e7e95ad142fecb78f21cfbf4e151228aab8f7b268d65a106
C:\Users\koush\OneDrive\Documents\archive (4)\Dataset\Pessimistic\PE_582.jpg,Pessimistic,True,696,184,RGB,5286801b68e2d5b3728cf5918b82fa53f0b6ab8e95dfaea698bac56fa8759d6b
C:\Users\koush\OneDrive\Documents\archive (4)\Dataset\Pessimistic\PE_583.jpg,Pessimistic,True,560,292,RGB,2c6fe4d79aad23daf8b16b3912a30b496ce946607f7319a50daab7dd83a6a1cd
C:\Users\koush\OneDrive\Documents\archive (4)\Dataset\Pessimistic\PE_584.jpg,Pessimistic,True,937,238,RGB,40bdc943b8d5e383532d998aa1a225f25127db7a6050b73525aef414622f5126
C:\Users\koush\OneDrive\Documents\archive (4)\Dataset\Pessimistic\PE_585.jpg,Pessimistic,True,724,168,RGB,85e220ad031c0d5ae26bdec34f1808f68885221ceded1843a539719312ca3f4f
C:\Users\koush\OneDrive\Documents\archive (4)\Dataset\Pessimistic\PE_586.jpg,Pessimistic,True,319,260,RGB,fc79d0d48bdcaea86efb217f245a38037bba84c3a6f9a0e311828000fd1d8d7f
C:\Users\koush\OneDrive\Documents\archive (4)\Dataset\Pessimistic\PE_587.jpg,Pessimistic,True,948,248,RGB,21ccf034961ab63c68bc07af2543fdde16bf9b0c06f4a1508bd7c4347fe4bc06
C:\Users\koush\OneDrive\Documents\archive (4)\Dataset\Pessimistic\PE_588.jpg,Pessimistic,True,628,204,RGB,2b37d6d813fe24040285c4506e5a8ea339f61f2398eb0281f62636da9d060ec7
C:\Users\koush\OneDrive\Documents\archive (4)\Dataset\Pessimistic\PE_589.jpg,Pessimistic,True,329,204,RGB,d60769fb6540ec60309aa7f123faf4c766c2439775f3fd5c38c5d25e6f7b7480
C:\Users\koush\OneDrive\Documents\archive (4)\Dataset\Pessimistic\PE_59.jpg,Pessimistic,True,971,431,RGB,09a1fe1fa6a740ac524838013321fe45fe4580a70995a539cdc68613889eb2a2
C:\Users\koush\OneDrive\Documents\archive (4)\Dataset\Pessimistic\PE_590.jpg,Pessimistic,True,912,216,RGB,4218f4629ea81246ce21e7d5642647d775f6a22161aa322746ddb88f5a4132db
C:\Users\koush\OneDrive\Documents\archive (4)\Dataset\Pessimistic\PE_591.jpg,Pessimistic,True,692,163,RGB,b331ef9f68b2fb01e5c04ec6af96e60f3f2e4a3bcd2514f195336e009f787720
C:\Users\koush\OneDrive\Documents\archive (4)\Dataset\Pessimistic\PE_592.jpg,Pessimistic,True,398,159,RGB,fcea17e764194bcb854666b75d016b22d6269a9d5b7aaf814fe523771944a7fa
C:\Users\koush\OneDrive\Documents\archive (4)\Dataset\Pessimistic\PE_593.jpg,Pessimistic,True,888,244,RGB,462ac0164def2697902378a9f6d08af768fa0f18ab49d72a09fe2e2a4320100c
C:\Users\koush\OneDrive\Documents\archive (4)\Dataset\Pessimistic\PE_594.jpg,Pessimistic,True,672,196,RGB,f2db8110040da09c142e8b5fb56aa17980624f93b4cfe10520e1e650335ff8fd
C:\Users\koush\OneDrive\Documents\archive (4)\Dataset\Pessimistic\PE_595.jpg,Pessimistic,True,512,240,RGB,ef75c9a3c346f18f9fc00fdcb97704749a110dbfdd609c28e02fda9385763ff6
C:\Users\koush\OneDrive\Documents\archive (4)\Dataset\Pessimistic\PE_596.jpg,Pessimistic,True,840,188,RGB,03d60dfeb083992a5ac1af1172e7bb66bb5718d1e6938d4ee09049c11aa94301
C:\Users\koush\OneDrive\Documents\archive (4)\Dataset\Pessimistic\PE_597.jpg,Pessimistic,True,576,236,RGB,88864e0225464de1ad1d32367b0604192cb9724a235f4020354e821322fc9934
C:\Users\koush\OneDrive\Documents\archive (4)\Dataset\Pessimistic\PE_598.jpg,Pessimistic,True,402,229,RGB,b3ef621de56060c8499f837fc261d28cebeaafa686ed2395c2b52d9ad41dbe94
C:\Users\koush\OneDrive\Documents\archive (4)\Dataset\Pessimistic\PE_599.jpg,Pessimistic,True,856,196,RGB,8a6078cee2d1d02ec7f0c994d8718e6b2409051a7364340c3a5022523c79416b
C:\Users\koush\OneDrive\Documents\archive (4)\Dataset\Pessimistic\PE_6.jpg,Pessimistic,True,1877,559,RGB,b5d475b157c15bf8c1d420ec88ba909159ef8d008540b860eb643c2bc22f2796
C:\Users\koush\OneDrive\Documents\archive (4)\Dataset\Pessimistic\PE_60.jpg,Pessimistic,True,2218,658,RGB,90aba0f8eed664ca267c8294a31e1dc1d2146bc00ea92f4e6039166cf5674583
C:\Users\koush\OneDrive\Documents\archive (4)\Dataset\Pessimistic\PE_600.jpg,Pessimistic,True,813,150,RGB,a19f78e0cdb2330207dfc597f3f239f3ce69d97545f5e9efcf675a0c47123570
C:\Users\koush\OneDrive\Documents\archive (4)\Dataset\Pessimistic\PE_601.jpg,Pessimistic,True,640,299,RGB,42cb02a399ba5807d46e7f28e5610e93ae767c7d3fb01d293b0ccdea7b784c8e
C:\Users\koush\OneDrive\Documents\archive (4)\Dataset\Pessimistic\PE_602.jpg,Pessimistic,True,952,240,RGB,af1f29a169e042e7f4d9024c064e61af47b27650797f621fc88c489fd3e41ce4
C:\Users\koush\OneDrive\Documents\archive (4)\Dataset\Pessimistic\PE_603.jpg,Pessimistic,True,811,200,RGB,af1a033eded321fb34903de09546a8abbb0836a3eb9020acabf0463f8a9ea9e8
C:\Users\koush\OneDrive\Documents\archive (4)\Dataset\Pessimistic\PE_604.jpg,Pessimistic,True,432,300,RGB,6a58920ad4ee9ca55d2b4f112f7a5ffa0dc2330f5b0a521264b3d947a2ea64df
C:\Users\koush\OneDrive\Documents\archive (4)\Dataset\Pessimistic\PE_605.jpg,Pessimistic,True,972,244,RGB,a92aa11f311755e462b8aafcb336a2a44e5970629ce1ea59f147b00f777dfaa5
C:\Users\koush\OneDrive\Documents\archive (4)\Dataset\Pessimistic\PE_606.jpg,Pessimistic,True,348,76,RGB,0fb762db70e2259dca3f910768ef447dfa4613c941377ec5f0b5c8860f6c9f13
C:\Users\koush\OneDrive\Documents\archive (4)\Dataset\Pessimistic\PE_607.jpg,Pessimistic,True,451,200,RGB,eec12db6a2b807962229ba0508f76cca0efcbf268a6ca5949b7cd515563a9837
C:\Users\koush\OneDrive\Documents\archive (4)\Dataset\Pessimistic\PE_608.jpg,Pessimistic,True,1090,263,RGB,a10909db3ba9938ae3c2c173fbdb38e8cf437f17595dbdaa0020565a1b199b76
C:\Users\koush\OneDrive\Documents\archive (4)\Dataset\Pessimistic\PE_609.jpg,Pessimistic,True,521,150,RGB,25edec573b4008b0a7e53c21c3a008ac6c6cd1e53bc3995706c1a44bdf8b433a
C:\Users\koush\OneDrive\Documents\archive (4)\Dataset\Pessimistic\PE_61.jpg,Pessimistic,True,851,491,RGB,87b7d7d64d4f81bcfe52bc09a7523bda5acbe7fd3a467029b38c28592ddbbd8f
C:\Users\koush\OneDrive\Documents\archive (4)\Dataset\Pessimistic\PE_610.jpg,Pessimistic,True,471,300,RGB,673e4359535a172b6efec7f2e7405fa532fe641807cce328fb9d8bd2739a8d6c
C:\Users\koush\OneDrive\Documents\archive (4)\Dataset\Pessimistic\PE_611.jpg,Pessimistic,True,920,256,RGB,758e3bc08f56d3a404f3c63e2854330c7e8602a60554093c6488efda4db603d0
C:\Users\koush\OneDrive\Documents\archive (4)\Dataset\Pessimistic\PE_612.jpg,Pessimistic,True,300,76,RGB,6fee90093b5e2ff48fc830b41d838ae0655e06a02b574f29490ecd03f0ef5a51
C:\Users\koush\OneDrive\Documents\archive (4)\Dataset\Pessimistic\PE_613.jpg,Pessimistic,True,274,137,RGB,24bfdec99174448391ce8cf12865321a46e49344c15cdedf95078bfe55cebbac
C:\Users\koush\OneDrive\Documents\archive (4)\Dataset\Pessimistic\PE_614.jpg,Pessimistic,True,796,224,RGB,0aecae3c68ae170923246127d8c90af373d76930c5786090e088af06914167e1
C:\Users\koush\OneDrive\Documents\archive (4)\Dataset\Pessimistic\PE_615.jpg,Pessimistic,True,700,232,RGB,879756fafe888a1fa4dca820341f42b4a1a5a1405a2b9b5b21e284934ae6e9e4
C:\Users\koush\OneDrive\Documents\archive (4)\Dataset\Pessimistic\PE_616.jpg,Pessimistic,True,436,300,RGB,60a3d9941896d383e08db7322c89e3682fcc37db322dfc4b65769b31e5cc53e2
C:\Users\koush\OneDrive\Documents\archive (4)\Dataset\Pessimistic\PE_617.jpg,Pessimistic,True,488,100,RGB,bc8b7acd08205c1b92abf6ee3ac9e09a0ff06fcebb36776e473e449e8fa3cef0
C:\Users\koush\OneDrive\Documents\archive (4)\Dataset\Pessimistic\PE_618.jpg,Pessimistic,True,704,196,RGB,ba2300f4104268e2eb431605155278b833c2f5506dbc2c7d9d0b88df1c8cb46d
C:\Users\koush\OneDrive\Documents\archive (4)\Dataset\Pessimistic\PE_619.jpg,Pessimistic,True,890,150,RGB,de82c4aff92071c6b755079ab1c8832b81c1cfaa52874cfc162c3dd7d03ecd5a
C:\Users\koush\OneDrive\Documents\archive (4)\Dataset\Pessimistic\PE_62.jpg,Pessimistic,True,1644,619,RGB,e88756fcbca093502667f2129ba863947049fe381e08e5e710c7f5f26d75c7d9
C:\Users\koush\OneDrive\Documents\archive (4)\Dataset\Pessimistic\PE_620.jpg,Pessimistic,True,444,72,RGB,6545d338d6dbebfa46d9d4384b38ad3438dc85c95efedaaced3791a14963c291
C:\Users\koush\OneDrive\Documents\archive (4)\Dataset\Pessimistic\PE_621.jpg,Pessimistic,True,729,122,RGB,d2c5ddfb8fe3433e94078f496cd849d474529c5d41dda46413dcb36b8eb831ea
C:\Users\koush\OneDrive\Documents\archive (4)\Dataset\Pessimistic\PE_622.jpg,Pessimistic,True,300,112,RGB,a8255b266c3f9a710d99bd0b0aaede36886f8c7b48af0c29ab14a08c77699afd
C:\Users\koush\OneDrive\Documents\archive (4)\Dataset\Pessimistic\PE_623.jpg,Pessimistic,True,404,88,RGB,b30a72e86d6db50f9e93b25b2c6d4be255355a01c6c298d4985789e12889f159
C:\Users\koush\OneDrive\Documents\archive (4)\Dataset\Pessimistic\PE_624.jpg,Pessimistic,True,2355,594,RGB,fcb68dc31d3e65d7ff02e93c94f72285ee61a3117a3ddf414fab73e2d1d6fa36
C:\Users\koush\OneDrive\Documents\archive (4)\Dataset\Pessimistic\PE_625.jpg,Pessimistic,True,477,100,RGB,7582639dec38f2d2e9afd7c1d4fc272782bb486f8903650212d6293048286622
C:\Users\koush\OneDrive\Documents\archive (4)\Dataset\Pessimistic\PE_626.jpg,Pessimistic,True,420,112,RGB,6b4d135dcae203502bfb7df7e8ed8841801168cfbc2ad6a04193b1afdb0a5d2f
C:\Users\koush\OneDrive\Documents\archive (4)\Dataset\Pessimistic\PE_627.jpg,Pessimistic,True,874,150,RGB,f34abd955ff2063b8b996959fafc9d24443c7e96f505f8d5f5c6a4d0c9d3e4dd
C:\Users\koush\OneDrive\Documents\archive (4)\Dataset\Pessimistic\PE_628.jpg,Pessimistic,True,388,96,RGB,09540056adccfcf2f58071053376b9423cb7587c8bb4949d5c8d8b5a8dd51263
C:\Users\koush\OneDrive\Documents\archive (4)\Dataset\Pessimistic\PE_629.jpg,Pessimistic,True,800,200,RGB,bfede608b516a2fdac9308dc60c1608c8a356ebb877f438336ecf9f9648b37f5
C:\Users\koush\OneDrive\Documents\archive (4)\Dataset\Pessimistic\PE_63.jpg,Pessimistic,True,2271,650,RGB,fd53f8b6fd9564038b7e2aa931e25d1b449ab614df31651c950564660e7015f8
C:\Users\koush\OneDrive\Documents\archive (4)\Dataset\Pessimistic\PE_630.jpg,Pessimistic,True,930,180,RGB,65967f4027ee8b5763b07a718e513c9d48b8d20f473731ecfd866c9de3fc4be7
C:\Users\koush\OneDrive\Documents\archive (4)\Dataset\Pessimistic\PE_64.jpg,Pessimistic,True,1051,580,RGB,91341dcd46977a38c2ab6979a8bb71b4ddd1d88bcf120da13442ae6ed7f3e7ed
C:\Users\koush\OneDrive\Documents\archive (4)\Dataset\Pessimistic\PE_65.jpg,Pessimistic,True,1382,515,RGB,f73c6e86e617ec69b22225472b83851928da4b75cf01e7d7888e483b2edd35f3
C:\Users\koush\OneDrive\Documents\archive (4)\Dataset\Pessimistic\PE_66.jpg,Pessimistic,True,1965,615,RGB,625fda91b773083bd6015b66d0a92920ecbd68384e9b1a0aa8759f6a09b69b5a
C:\Users\koush\OneDrive\Documents\archive (4)\Dataset\Pessimistic\PE_67.jpg,Pessimistic,True,1135,631,RGB,2000225c46d02d76949bbffa8c54e34ed22525a7979a4f157295ffd63d2e486b
C:\Users\koush\OneDrive\Documents\archive (4)\Dataset\Pessimistic\PE_68.jpg,Pessimistic,True,1344,472,RGB,8222072e0953bc3fee35e477e714203dba7a262aa9e5f3aad43528e35168a40f
C:\Users\koush\OneDrive\Documents\archive (4)\Dataset\Pessimistic\PE_69.jpg,Pessimistic,True,2340,635,RGB,d044ee2e4c2a4996bb57d850b75efba205204504a7b7f2c2575f6b1d72d370ea
C:\Users\koush\OneDrive\Documents\archive (4)\Dataset\Pessimistic\PE_7.jpg,Pessimistic,True,939,409,RGB,ed6ee32406b98336b54aa0a3cfa6a2f4ba10378648909798f015792b643bc5fb
C:\Users\koush\OneDrive\Documents\archive (4)\Dataset\Pessimistic\PE_70.jpg,Pessimistic,True,771,482,RGB,89a7bf6088c4694b453b937da3b80d2cd0f22e4f4f0dd8db16acfa4fbd102c79
C:\Users\koush\OneDrive\Documents\archive (4)\Dataset\Pessimistic\PE_71.jpg,Pessimistic,True,1648,649,RGB,37cbb759ccf6bdcf7b853e8f1b3ad78b9ec70a1182357a1c97f311d98a331db5
C:\Users\koush\OneDrive\Documents\archive (4)\Dataset\Pessimistic\PE_72.jpg,Pessimistic,True,1831,623,RGB,9c0909b1e857891769cfe6dce5a96a333c5510d77aadaff9a4a9130c94e9d681
C:\Users\koush\OneDrive\Documents\archive (4)\Dataset\Pessimistic\PE_73.jpg,Pessimistic,True,968,566,RGB,1495eb09fed52927b1e50adef2a777d2da1d16c0a83ba58b6b7087225512bf0b
C:\Users\koush\OneDrive\Documents\archive (4)\Dataset\Pessimistic\PE_74.jpg,Pessimistic,True,1310,533,RGB,6a497dd61fc88e85ca60047088b2836c9243d60a8b22ff2962deb7e62ef60e8b
C:\Users\koush\OneDrive\Documents\archive (4)\Dataset\Pessimistic\PE_75.jpg,Pessimistic,True,2417,665,RGB,5173881dbf0d334e04e79397cf9653d51f091331a549be6bc508fa0d60987aad
C:\Users\koush\OneDrive\Documents\archive (4)\Dataset\Pessimistic\PE_76.jpg,Pessimistic,True,882,566,RGB,dc8518ad04b3a146a82716e0367c04de4b2e7306da5c4c233497bab290a8466b
C:\Users\koush\OneDrive\Documents\archive (4)\Dataset\Pessimistic\PE_77.jpg,Pessimistic,True,1318,592,RGB,ba5032077b0f02ba54de4164a7260e4e5f5fe4864f5ce2394f16e46ad3a41bbc
C:\Users\koush\OneDrive\Documents\archive (4)\Dataset\Pessimistic\PE_78.jpg,Pessimistic,True,2414,782,RGB,7148f4ce7f4aff5c7b887b4c02710d3b287b66bb84080d4f99a1196923ac171b
C:\Users\koush\OneDrive\Documents\archive (4)\Dataset\Pessimistic\PE_79.jpg,Pessimistic,True,1013,516,RGB,b44c5d795078fec37afdce7dfdad0c4e30bc75111361cb50fdd3aacd5a793bcb
C:\Users\koush\OneDrive\Documents\archive (4)\Dataset\Pessimistic\PE_8.jpg,Pessimistic,True,1163,468,RGB,f942b5e2b0f8050a04150bb355b51601de9c3eeba5fc6d91630a700741a46348
C:\Users\koush\OneDrive\Documents\archive (4)\Dataset\Pessimistic\PE_80.jpg,Pessimistic,True,1511,530,RGB,cd77c5b2a93c20af14926cabe85e9aacb17039d85e3a76b97a0203ae5fd4823d
C:\Users\koush\OneDrive\Documents\archive (4)\Dataset\Pessimistic\PE_81.jpg,Pessimistic,True,2440,664,RGB,c9be747fc078f4a1b65e297e45d6d759158cec090cd4eacd3ca67105f53d9add
C:\Users\koush\OneDrive\Documents\archive (4)\Dataset\Pessimistic\PE_82.jpg,Pessimistic,True,1156,687,RGB,260439975c3bddd4e52fbe942a9e33dc4e69b3b5e421b53bac77330e7111f0c1
C:\Users\koush\OneDrive\Documents\archive (4)\Dataset\Pessimistic\PE_83.jpg,Pessimistic,True,1145,436,RGB,bc4ee40c299b7c3de3449ba3b1b0631a8eedaf387e83f1d881013d2694420d11
C:\Users\koush\OneDrive\Documents\archive (4)\Dataset\Pessimistic\PE_84.jpg,Pessimistic,True,1782,598,RGB,ff362a1b0e3918205aaf669a7e06ac4c378fcf321289fc848cf970e5fbd94e35
C:\Users\koush\OneDrive\Documents\archive (4)\Dataset\Pessimistic\PE_85.jpg,Pessimistic,True,1120,585,RGB,1e8c7a2588af9cbe5b61dc6e91f9c7c1880ca2b41d42100405a0431231639391
C:\Users\koush\OneDrive\Documents\archive (4)\Dataset\Pessimistic\PE_86.jpg,Pessimistic,True,1159,397,RGB,3a9c23deec966bdd915745b943574d244b00cef5289264b05caa9c5e790168ca
C:\Users\koush\OneDrive\Documents\archive (4)\Dataset\Pessimistic\PE_87.jpg,Pessimistic,True,1635,600,RGB,14319ac7cc4e88e1825dd461da2e1eefaa9ab5757784d82d63bb249ebea627ea
C:\Users\koush\OneDrive\Documents\archive (4)\Dataset\Pessimistic\PE_88.jpg,Pessimistic,True,1385,755,RGB,6cd958582b4279558757fa8d3d329971d6e4c453dd7ac52886c714fba2cfa41e
C:\Users\koush\OneDrive\Documents\archive (4)\Dataset\Pessimistic\PE_89.jpg,Pessimistic,True,1967,652,RGB,c358fffda8ac9e83597d302cec9ee1f42c9fc43009289f99708128c1353217f1
C:\Users\koush\OneDrive\Documents\archive (4)\Dataset\Pessimistic\PE_9.jpg,Pessimistic,True,1952,525,RGB,86115815cf87d26304965cbf24ecec22eefdd88668062b9b9bb14f9072c33d75
C:\Users\koush\OneDrive\Documents\archive (4)\Dataset\Pessimistic\PE_90.jpg,Pessimistic,True,2063,603,RGB,54b4244c69f67018ae7d290b5cdaa33714ab9b7496e25bdde272b7cb26a46603
C:\Users\koush\OneDrive\Documents\archive (4)\Dataset\Pessimistic\PE_91.jpg,Pessimistic,True,1365,620,RGB,bdcb709475711d8bcb9ee9d53a094748983c159568208802f20ba8cb2e76a8a0
C:\Users\koush\OneDrive\Documents\archive (4)\Dataset\Pessimistic\PE_92.jpg,Pessimistic,True,2277,535,RGB,6454a0201f693b32671596e37c1f4f2a05d226a3e393132ffc1d86adccd06312
C:\Users\koush\OneDrive\Documents\archive (4)\Dataset\Pessimistic\PE_93.jpg,Pessimistic,True,2024,468,RGB,8ba3becd60cef6c761c47131d86c9778179a3fda299f72c63c27256e1c9fadfa
C:\Users\koush\OneDrive\Documents\archive (4)\Dataset\Pessimistic\PE_94.jpg,Pessimistic,True,1161,564,RGB,9edb130b81fb1b375b7f584f002e2a6adf89be9f8680adcdd9d8180467cc1e73
C:\Users\koush\OneDrive\Documents\archive (4)\Dataset\Pessimistic\PE_95.jpg,Pessimistic,True,2170,603,RGB,fc5ddd61848bb06e460252350a6cf52441c14bec3d362d52e3add421ff809bc2
C:\Users\koush\OneDrive\Documents\archive (4)\Dataset\Pessimistic\PE_96.jpg,Pessimistic,True,1673,438,RGB,9fd0d829dc847dbe32c6777867db810c107a84ecd9de48b03911a030891541f2
C:\Users\koush\OneDrive\Documents\archive (4)\Dataset\Pessimistic\PE_97.jpg,Pessimistic,True,1985,748,RGB,aa8aed344380772ab09f409835df7065a9ffe1643b08a5cfcce3ba5e7206d3f8
C:\Users\koush\OneDrive\Documents\archive (4)\Dataset\Pessimistic\PE_98.jpg,Pessimistic,True,2755,685,RGB,db8953c565ddd93dae76b38f52286087bf51e94900f397b56f726d80dcf368d8
C:\Users\koush\OneDrive\Documents\archive (4)\Dataset\Pessimistic\PE_99.jpg,Pessimistic,True,1619,448,RGB,fb110e52c471dd15b512d771ae22f8f07e7c1701bc80e7986eb3cdcaa542c610
C:\Users\koush\OneDrive\Documents\archive (4)\Dataset\Stable_Mindset\ST_1.jpg,Stable_Mindset,True,1487,704,RGB,f0d04ce755683e2258bfd43565ad678c907e5a5c3d6f52b63fae89eee08a5684
C:\Users\koush\OneDrive\Documents\archive (4)\Dataset\Stable_Mindset\ST_10.jpg,Stable_Mindset,True,1759,871,RGB,c675ddc52aa43637cb8cb5095b69e3f5527b48a42d9380890c0becd37c368937
C:\Users\koush\OneDrive\Documents\archive (4)\Dataset\Stable_Mindset\ST_100.jpg,Stable_Mindset,True,934,490,RGB,e9035e577cc1b74fda51b8461bd8c6c9320cafbd430e1b851a4641c7a3332956
C:\Users\koush\OneDrive\Documents\archive (4)\Dataset\Stable_Mindset\ST_101.jpg,Stable_Mindset,True,1575,672,RGB,1b73e6c84876d46b60ab621f4a2bf3bd8d290dfe3c1e32cf7bb1d1d30dc50d09
C:\Users\koush\OneDrive\Documents\archive (4)\Dataset\Stable_Mindset\ST_102.jpg,Stable_Mindset,True,1180,603,RGB,0005d57ff1a1dfda662beff263b9c8b18f97194130b058ddbcd91e41349a0314
C:\Users\koush\OneDrive\Documents\archive (4)\Dataset\Stable_Mindset\ST_103.jpg,Stable_Mindset,True,1361,607,RGB,7ab4e72215289d85f35d55081edcdf24f0fde8118e86c00251fa262c2117fc4a
C:\Users\koush\OneDrive\Documents\archive (4)\Dataset\Stable_Mindset\ST_104.jpg,Stable_Mindset,True,1361,607,RGB,7ab4e72215289d85f35d55081edcdf24f0fde8118e86c00251fa262c2117fc4a
C:\Users\koush\OneDrive\Documents\archive (4)\Dataset\Stable_Mindset\ST_105.jpg,Stable_Mindset,True,1231,656,RGB,cc63787be7f93cad64d018c37975f32455cfdd43ecabdadc5c7cf94cae8db59b
C:\Users\koush\OneDrive\Documents\archive (4)\Dataset\Stable_Mindset\ST_106.jpg,Stable_Mindset,True,1690,774,RGB,476a16bcc578d3a7bfcaf0d889d66f66c9b6299849a5f1a73fc2eecc77352299
C:\Users\koush\OneDrive\Documents\archive (4)\Dataset\Stable_Mindset\ST_107.jpg,Stable_Mindset,True,1801,845,RGB,4648f8ab52b70f38aadc62b2fa094b7d9b9dcfd18486c584a1206416fd60f2d6
C:\Users\koush\OneDrive\Documents\archive (4)\Dataset\Stable_Mindset\ST_108.jpg,Stable_Mindset,True,1951,846,RGB,28932cd7fa139029f6fba275ab4fc829bb9cdf839d09980f71b47f97ae7ff947
C:\Users\koush\OneDrive\Documents\archive (4)\Dataset\Stable_Mindset\ST_110.jpg,Stable_Mindset,True,1231,656,RGB,cc63787be7f93cad64d018c37975f32455cfdd43ecabdadc5c7cf94cae8db59b
C:\Users\koush\OneDrive\Documents\archive (4)\Dataset\Stable_Mindset\ST_111.jpg,Stable_Mindset,True,1303,662,RGB,beee225836b76a4cb5ea4f20f18e087f73bc5f3bd6beb0757cdd529368e48aed
C:\Users\koush\OneDrive\Documents\archive (4)\Dataset\Stable_Mindset\ST_112.jpg,Stable_Mindset,True,1571,823,RGB,d0aff62d2d9a01beb0d56b888cd5ca011a4a5d102a9c704ecddb80e3e1a1918d
C:\Users\koush\OneDrive\Documents\archive (4)\Dataset\Stable_Mindset\ST_113.jpg,Stable_Mindset,True,1535,686,RGB,fd80382b1cda029bf9675ed1890b721ae0fdcc3b843ad942f82f23704f43e3de
C:\Users\koush\OneDrive\Documents\archive (4)\Dataset\Stable_Mindset\ST_114.jpg,Stable_Mindset,True,1405,592,RGB,4bfa836b5602361521c2c02a3c411b347e0ff226360e961ac1112bc275a769be
C:\Users\koush\OneDrive\Documents\archive (4)\Dataset\Stable_Mindset\ST_115.jpg,Stable_Mindset,True,1528,615,RGB,4ad1fd94e33d60692c66d592c5bc9fc5e3f25dfda002fc6457037f9c3b1bddc6
C:\Users\koush\OneDrive\Documents\archive (4)\Dataset\Stable_Mindset\ST_116.jpg,Stable_Mindset,True,1708,689,RGB,b40040624329fce3e0d9733b62ab3b2fcbd0b49b3acdf112ab34da9437acce21
C:\Users\koush\OneDrive\Documents\archive (4)\Dataset\Stable_Mindset\ST_117.jpg,Stable_Mindset,True,1240,532,RGB,01868fddd5b9ed45cc05e6196290f3a58a6b6d30447159646ee463160c70c955
C:\Users\koush\OneDrive\Documents\archive (4)\Dataset\Stable_Mindset\ST_118.jpg,Stable_Mindset,True,1535,686,RGB,fd80382b1cda029bf9675ed1890b721ae0fdcc3b843ad942f82f23704f43e3de
C:\Users\koush\OneDrive\Documents\archive (4)\Dataset\Stable_Mindset\ST_119.jpg,Stable_Mindset,True,1535,686,RGB,fd80382b1cda029bf9675ed1890b721ae0fdcc3b843ad942f82f23704f43e3de
C:\Users\koush\OneDrive\Documents\archive (4)\Dataset\Stable_Mindset\ST_12.jpg,Stable_Mindset,True,1823,875,RGB,35ad93047b23a4bbad5026f5bb9a0fbad71736a0d75f69a5241ddb9e9ba8fb5c
C:\Users\koush\OneDrive\Documents\archive (4)\Dataset\Stable_Mindset\ST_120.jpg,Stable_Mindset,True,1630,736,RGB,caeaaecebe9061f5267da67ce8fc33c010d1f7c9d4b9e2b135dfc8bbc7653291
C:\Users\koush\OneDrive\Documents\archive (4)\Dataset\Stable_Mindset\ST_121.jpg,Stable_Mindset,True,2688,814,RGB,9096fbffde0b1d712930bdcfd656f685a4cfa86ad4c6f1fe44142e52f8274ba5
C:\Users\koush\OneDrive\Documents\archive (4)\Dataset\Stable_Mindset\ST_123.jpg,Stable_Mindset,True,2688,814,RGB,9096fbffde0b1d712930bdcfd656f685a4cfa86ad4c6f1fe44142e52f8274ba5
C:\Users\koush\OneDrive\Documents\archive (4)\Dataset\Stable_Mindset\ST_124.jpg,Stable_Mindset,True,2688,814,RGB,9096fbffde0b1d712930bdcfd656f685a4cfa86ad4c6f1fe44142e52f8274ba5
C:\Users\koush\OneDrive\Documents\archive (4)\Dataset\Stable_Mindset\ST_125.jpg,Stable_Mindset,True,2787,879,RGB,72c7cc2355a552e0b1473bdf4ca68f68443d786b8dd71640af868780edb7431b
C:\Users\koush\OneDrive\Documents\archive (4)\Dataset\Stable_Mindset\ST_126.jpg,Stable_Mindset,True,2725,878,RGB,d23433c1f7c253403d2c85aa375ecf8cff6af541d28f22d8c923ba83bd4bfa24
C:\Users\koush\OneDrive\Documents\archive (4)\Dataset\Stable_Mindset\ST_127.jpg,Stable_Mindset,True,2787,879,RGB,72c7cc2355a552e0b1473bdf4ca68f68443d786b8dd71640af868780edb7431b
C:\Users\koush\OneDrive\Documents\archive (4)\Dataset\Stable_Mindset\ST_128.jpg,Stable_Mindset,True,2787,879,RGB,72c7cc2355a552e0b1473bdf4ca68f68443d786b8dd71640af868780edb7431b
C:\Users\koush\OneDrive\Documents\archive (4)\Dataset\Stable_Mindset\ST_129.jpg,Stable_Mindset,True,2293,551,RGB,6471b17f217b1dcfdabc9927b7c484868bb76ce546262acc5c46041c2f719532
C:\Users\koush\OneDrive\Documents\archive (4)\Dataset\Stable_Mindset\ST_13.jpg,Stable_Mindset,True,1113,510,RGB,c048944341c90c8ec91dbd283bf24095328e7797c36d5cb0ad244f169bde90a7
C:\Users\koush\OneDrive\Documents\archive (4)\Dataset\Stable_Mindset\ST_130.jpg,Stable_Mindset,True,2226,548,RGB,5eb8aba821101fe597350f4fa2f53de505a97fb8090ae3e76b96e7c9b33962b4
C:\Users\koush\OneDrive\Documents\archive (4)\Dataset\Stable_Mindset\ST_131.jpg,Stable_Mindset,True,2293,551,RGB,6471b17f217b1dcfdabc9927b7c484868bb76ce546262acc5c46041c2f719532
C:\Users\koush\OneDrive\Documents\archive (4)\Dataset\Stable_Mindset\ST_134.jpg,Stable_Mindset,True,2303,576,RGB,e19b5c1e810ed015dfa2afc3d5ea85f8b89e28ef2cac6a7d8b0eee2124e536d9
C:\Users\koush\OneDrive\Documents\archive (4)\Dataset\Stable_Mindset\ST_135.jpg,Stable_Mindset,True,2303,576,RGB,e19b5c1e810ed015dfa2afc3d5ea85f8b89e28ef2cac6a7d8b0eee2124e536d9
C:\Users\koush\OneDrive\Documents\archive (4)\Dataset\Stable_Mindset\ST_136.jpg,Stable_Mindset,True,2303,576,RGB,e19b5c1e810ed015dfa2afc3d5ea85f8b89e28ef2cac6a7d8b0eee2124e536d9
C:\Users\koush\OneDrive\Documents\archive (4)\Dataset\Stable_Mindset\ST_137.jpg,Stable_Mindset,True,2602,808,RGB,e0670915fec41fe97f11a12a3078e9560be3a4f9b75a39617749f7da0c72bdf5
C:\Users\koush\OneDrive\Documents\archive (4)\Dataset\Stable_Mindset\ST_138.jpg,Stable_Mindset,True,2483,725,RGB,2309f34e0b83cd093bbe440efbe7ea3dd2fef2d6b4410bcc5be0ac173f764903
C:\Users\koush\OneDrive\Documents\archive (4)\Dataset\Stable_Mindset\ST_139.jpg,Stable_Mindset,True,2602,808,RGB,e0670915fec41fe97f11a12a3078e9560be3a4f9b75a39617749f7da0c72bdf5
C:\Users\koush\OneDrive\Documents\archive (4)\Dataset\Stable_Mindset\ST_14.jpg,Stable_Mindset,True,1084,543,RGB,c363c7c13034e9ead70e2ae11db16fa9ade1f44e9c2d39eeddf9fd263ec2d295
C:\Users\koush\OneDrive\Documents\archive (4)\Dataset\Stable_Mindset\ST_140.jpg,Stable_Mindset,True,2602,808,RGB,e0670915fec41fe97f11a12a3078e9560be3a4f9b75a39617749f7da0c72bdf5
C:\Users\koush\OneDrive\Documents\archive (4)\Dataset\Stable_Mindset\ST_141.jpg,Stable_Mindset,True,3185,1042,RGB,8b5fffd1389d453fe77ed2b6735a86b32b6734cfa9335b1b819242b23581b91c
C:\Users\koush\OneDrive\Documents\archive (4)\Dataset\Stable_Mindset\ST_142.jpg,Stable_Mindset,True,2975,925,RGB,64f0962a6041ec0909b0f2c33372aaf55cd03acbeda20d7816468152e0c6ef2c
C:\Users\koush\OneDrive\Documents\archive (4)\Dataset\Stable_Mindset\ST_144.jpg,Stable_Mindset,True,3185,1042,RGB,8b5fffd1389d453fe77ed2b6735a86b32b6734cfa9335b1b819242b23581b91c
C:\Users\koush\OneDrive\Documents\archive (4)\Dataset\Stable_Mindset\ST_145.jpg,Stable_Mindset,True,2671,793,RGB,44b9318cf3814a7919c8e3269c4147d5492c3a61becb65618f5fe149534c0804
C:\Users\koush\OneDrive\Documents\archive (4)\Dataset\Stable_Mindset\ST_146.jpg,Stable_Mindset,True,2521,788,RGB,0ede6ecbbd5bc2bf1d281bf0e38e106a011287cdf265b93c515219fa864c00b6
C:\Users\koush\OneDrive\Documents\archive (4)\Dataset\Stable_Mindset\ST_147.jpg,Stable_Mindset,True,2671,793,RGB,44b9318cf3814a7919c8e3269c4147d5492c3a61becb65618f5fe149534c0804
C:\Users\koush\OneDrive\Documents\archive (4)\Dataset\Stable_Mindset\ST_148.jpg,Stable_Mindset,True,2671,793,RGB,44b9318cf3814a7919c8e3269c4147d5492c3a61becb65618f5fe149534c0804
C:\Users\koush\OneDrive\Documents\archive (4)\Dataset\Stable_Mindset\ST_149.jpg,Stable_Mindset,True,3071,901,RGB,9aded5ecc86eed9f243753e81a6aedf422945271a261b6cf7c49b5a5281a9715
C:\Users\koush\OneDrive\Documents\archive (4)\Dataset\Stable_Mindset\ST_15.jpg,Stable_Mindset,True,1146,545,RGB,6320aed94f35e8001c80d5b30b5f5f65ae97a8665bce83d56a7280e20a3ef8fb
C:\Users\koush\OneDrive\Documents\archive (4)\Dataset\Stable_Mindset\ST_150.jpg,Stable_Mindset,True,2801,826,RGB,445cb23e502324f9fb6c740d0ad15c11b8e3b53f82625436b46297c7e32c127a
C:\Users\koush\OneDrive\Documents\archive (4)\Dataset\Stable_Mindset\ST_151.jpg,Stable_Mindset,True,3071,901,RGB,9aded5ecc86eed9f243753e81a6aedf422945271a261b6cf7c49b5a5281a9715
C:\Users\koush\OneDrive\Documents\archive (4)\Dataset\Stable_Mindset\ST_153.jpg,Stable_Mindset,True,2959,755,RGB,d37d4bb37dd01ab3e1187391906b6abc226fb4929a0b554aa00ef449c6ba5bde
C:\Users\koush\OneDrive\Documents\archive (4)\Dataset\Stable_Mindset\ST_154.jpg,Stable_Mindset,True,2887,714,RGB,165190867d2cc2e93b1f2d14be11945b3a74d46e6a21311a297352d870b6286d
C:\Users\koush\OneDrive\Documents\archive (4)\Dataset\Stable_Mindset\ST_156.jpg,Stable_Mindset,True,2959,755,RGB,d37d4bb37dd01ab3e1187391906b6abc226fb4929a0b554aa00ef449c6ba5bde
C:\Users\koush\OneDrive\Documents\archive (4)\Dataset\Stable_Mindset\ST_157.jpg,Stable_Mindset,True,2657,884,RGB,92d80c7185c7ce29128d4119161e1db920a5f84484a1df1c7de127d9aacfa8e8
C:\Users\koush\OneDrive\Documents\archive (4)\Dataset\Stable_Mindset\ST_158.jpg,Stable_Mindset,True,2657,884,RGB,92d80c7185c7ce29128d4119161e1db920a5f84484a1df1c7de127d9aacfa8e8
C:\Users\koush\OneDrive\Documents\archive (4)\Dataset\Stable_Mindset\ST_159.jpg,Stable_Mindset,True,2657,884,RGB,92d80c7185c7ce29128d4119161e1db920a5f84484a1df1c7de127d9aacfa8e8
C:\Users\koush\OneDrive\Documents\archive (4)\Dataset\Stable_Mindset\ST_161.jpg,Stable_Mindset,True,2074,521,RGB,75c0fa50405f132b38484c4c332c6ae6a544ed141a45d05f334c9cfa10b0bff0
C:\Users\koush\OneDrive\Documents\archive (4)\Dataset\Stable_Mindset\ST_163.jpg,Stable_Mindset,True,2258,583,RGB,828f02b8597ccf8d873df3c2858c954707b378aabcebc447e74f742af4e40c8b
C:\Users\koush\OneDrive\Documents\archive (4)\Dataset\Stable_Mindset\ST_164.jpg,Stable_Mindset,True,2258,583,RGB,828f02b8597ccf8d873df3c2858c954707b378aabcebc447e74f742af4e40c8b
C:\Users\koush\OneDrive\Documents\archive (4)\Dataset\Stable_Mindset\ST_165.jpg,Stable_Mindset,True,2349,548,RGB,409e06fff13b931f4988d196d06358f68e027eddd89aa2aa0ced07cc0d91d013
C:\Users\koush\OneDrive\Documents\archive (4)\Dataset\Stable_Mindset\ST_166.jpg,Stable_Mindset,True,2534,609,RGB,cb02293911707fdd286d18c97ea4488f2b85de1a4fe29fd5609ffbf72df5d8fa
C:\Users\koush\OneDrive\Documents\archive (4)\Dataset\Stable_Mindset\ST_168.jpg,Stable_Mindset,True,2534,609,RGB,cb02293911707fdd286d18c97ea4488f2b85de1a4fe29fd5609ffbf72df5d8fa
C:\Users\koush\OneDrive\Documents\archive (4)\Dataset\Stable_Mindset\ST_17.jpg,Stable_Mindset,True,1209,539,RGB,aacd9776a73e380e01995a94bf295e2e17c4940fe3c4b77ee79f80643258c627
C:\Users\koush\OneDrive\Documents\archive (4)\Dataset\Stable_Mindset\ST_170.jpg,Stable_Mindset,True,1900,446,RGB,9f3749fce67177fa7d7a11f148e990202faa3001c331070abaa1f7e42e753cfb
C:\Users\koush\OneDrive\Documents\archive (4)\Dataset\Stable_Mindset\ST_171.jpg,Stable_Mindset,True,1981,533,RGB,452271ff02d1fef027c5b1d033eaad8ea227bf086b34fb20176554ae1b7c615b
C:\Users\koush\OneDrive\Documents\archive (4)\Dataset\Stable_Mindset\ST_172.jpg,Stable_Mindset,True,1981,533,RGB,452271ff02d1fef027c5b1d033eaad8ea227bf086b34fb20176554ae1b7c615b
C:\Users\koush\OneDrive\Documents\archive (4)\Dataset\Stable_Mindset\ST_173.jpg,Stable_Mindset,True,1922,525,RGB,230c67c6e27612f9c0a0a3c31f4bcfcdc8dd38a5dbddde0194fce2eacbed0689
C:\Users\koush\OneDrive\Documents\archive (4)\Dataset\Stable_Mindset\ST_174.jpg,Stable_Mindset,True,1922,525,RGB,230c67c6e27612f9c0a0a3c31f4bcfcdc8dd38a5dbddde0194fce2eacbed0689
C:\Users\koush\OneDrive\Documents\archive (4)\Dataset\Stable_Mindset\ST_176.jpg,Stable_Mindset,True,1922,525,RGB,230c67c6e27612f9c0a0a3c31f4bcfcdc8dd38a5dbddde0194fce2eacbed0689
C:\Users\koush\OneDrive\Documents\archive (4)\Dataset\Stable_Mindset\ST_177.jpg,Stable_Mindset,True,1672,412,RGB,8a6457b6b38c2763d21c73b3cc1c5482463bc4ccb5749f70f3d73211b4236af7
C:\Users\koush\OneDrive\Documents\archive (4)\Dataset\Stable_Mindset\ST_179.jpg,Stable_Mindset,True,1672,412,RGB,8a6457b6b38c2763d21c73b3cc1c5482463bc4ccb5749f70f3d73211b4236af7
C:\Users\koush\OneDrive\Documents\archive (4)\Dataset\Stable_Mindset\ST_18.jpg,Stable_Mindset,True,1309,589,RGB,49a02f02cefb843c8943dd73ec2510714a6f22204905620b5b7bf90ead6c234a
C:\Users\koush\OneDrive\Documents\archive (4)\Dataset\Stable_Mindset\ST_180.jpg,Stable_Mindset,True,1672,412,RGB,8a6457b6b38c2763d21c73b3cc1c5482463bc4ccb5749f70f3d73211b4236af7
C:\Users\koush\OneDrive\Documents\archive (4)\Dataset\Stable_Mindset\ST_181.jpg,Stable_Mindset,True,1730,633,RGB,82a4c0b67927efab26bd9741d608b685cf9743ddb6ce5f7605ad0c498a950921
C:\Users\koush\OneDrive\Documents\archive (4)\Dataset\Stable_Mindset\ST_182.jpg,Stable_Mindset,True,1730,633,RGB,82a4c0b67927efab26bd9741d608b685cf9743ddb6ce5f7605ad0c498a950921
C:\Users\koush\OneDrive\Documents\archive (4)\Dataset\Stable_Mindset\ST_183.jpg,Stable_Mindset,True,1730,633,RGB,82a4c0b67927efab26bd9741d608b685cf9743ddb6ce5f7605ad0c498a950921
C:\Users\koush\OneDrive\Documents\archive (4)\Dataset\Stable_Mindset\ST_185.jpg,Stable_Mindset,True,1779,528,RGB,fba5574ecadccd7832cab3bc1f3df5dac5c663dd78f32c06607fc65b76363fe4
C:\Users\koush\OneDrive\Documents\archive (4)\Dataset\Stable_Mindset\ST_187.jpg,Stable_Mindset,True,1779,528,RGB,fba5574ecadccd7832cab3bc1f3df5dac5c663dd78f32c06607fc65b76363fe4
C:\Users\koush\OneDrive\Documents\archive (4)\Dataset\Stable_Mindset\ST_188.jpg,Stable_Mindset,True,1779,528,RGB,fba5574ecadccd7832cab3bc1f3df5dac5c663dd78f32c06607fc65b76363fe4
C:\Users\koush\OneDrive\Documents\archive (4)\Dataset\Stable_Mindset\ST_189.jpg,Stable_Mindset,True,1723,520,RGB,11eceede0367ae45ed4a0a7b1ed7ebf9c793f95a45b65588155c61da0a8af2a2
C:\Users\koush\OneDrive\Documents\archive (4)\Dataset\Stable_Mindset\ST_19.jpg,Stable_Mindset,True,1340,604,RGB,39be139e37f6ac3c214ac2af75e055c99366afc83bf3456149407514de01e38b
C:\Users\koush\OneDrive\Documents\archive (4)\Dataset\Stable_Mindset\ST_190.jpg,Stable_Mindset,True,1723,520,RGB,11eceede0367ae45ed4a0a7b1ed7ebf9c793f95a45b65588155c61da0a8af2a2
C:\Users\koush\OneDrive\Documents\archive (4)\Dataset\Stable_Mindset\ST_192.jpg,Stable_Mindset,True,1723,520,RGB,11eceede0367ae45ed4a0a7b1ed7ebf9c793f95a45b65588155c61da0a8af2a2
C:\Users\koush\OneDrive\Documents\archive (4)\Dataset\Stable_Mindset\ST_193.jpg,Stable_Mindset,True,1738,472,RGB,18f03f6fa060e477b106ac0a982df710cf7022474382a371b83c610b1cae6f66
C:\Users\koush\OneDrive\Documents\archive (4)\Dataset\Stable_Mindset\ST_194.jpg,Stable_Mindset,True,1738,472,RGB,18f03f6fa060e477b106ac0a982df710cf7022474382a371b83c610b1cae6f66
C:\Users\koush\OneDrive\Documents\archive (4)\Dataset\Stable_Mindset\ST_196.jpg,Stable_Mindset,True,1738,472,RGB,18f03f6fa060e477b106ac0a982df710cf7022474382a371b83c610b1cae6f66
C:\Users\koush\OneDrive\Documents\archive (4)\Dataset\Stable_Mindset\ST_197.jpg,Stable_Mindset,True,2187,597,RGB,7e331c8b37a057aa33f0cd961396ffd7a691261c41b82f4d48d3d9c5d5bab64c
C:\Users\koush\OneDrive\Documents\archive (4)\Dataset\Stable_Mindset\ST_199.jpg,Stable_Mindset,True,2187,597,RGB,7e331c8b37a057aa33f0cd961396ffd7a691261c41b82f4d48d3d9c5d5bab64c
C:\Users\koush\OneDrive\Documents\archive (4)\Dataset\Stable_Mindset\ST_2.jpg,Stable_Mindset,True,1487,704,RGB,f0d04ce755683e2258bfd43565ad678c907e5a5c3d6f52b63fae89eee08a5684
C:\Users\koush\OneDrive\Documents\archive (4)\Dataset\Stable_Mindset\ST_200.jpg,Stable_Mindset,True,2187,597,RGB,7e331c8b37a057aa33f0cd961396ffd7a691261c41b82f4d48d3d9c5d5bab64c
C:\Users\koush\OneDrive\Documents\archive (4)\Dataset\Stable_Mindset\ST_201.jpg,Stable_Mindset,True,1487,704,RGB,f0d04ce755683e2258bfd43565ad678c907e5a5c3d6f52b63fae89eee08a5684
C:\Users\koush\OneDrive\Documents\archive (4)\Dataset\Stable_Mindset\ST_202.jpg,Stable_Mindset,True,1487,704,RGB,f0d04ce755683e2258bfd43565ad678c907e5a5c3d6f52b63fae89eee08a5684
C:\Users\koush\OneDrive\Documents\archive (4)\Dataset\Stable_Mindset\ST_203.jpg,Stable_Mindset,True,1487,704,RGB,f0d04ce755683e2258bfd43565ad678c907e5a5c3d6f52b63fae89eee08a5684
C:\Users\koush\OneDrive\Documents\archive (4)\Dataset\Stable_Mindset\ST_205.jpg,Stable_Mindset,True,1472,592,RGB,1274643539923c4b923767e97786a3ea3498386fdd5f666ce352341c63423751
C:\Users\koush\OneDrive\Documents\archive (4)\Dataset\Stable_Mindset\ST_207.jpg,Stable_Mindset,True,1490,588,RGB,ef6f0ac34a02bc2b674233e9cbba6c3404f6add587508e4d4a041f66a16df263
C:\Users\koush\OneDrive\Documents\archive (4)\Dataset\Stable_Mindset\ST_208.jpg,Stable_Mindset,True,1512,590,RGB,b026440912ea677d6b558cb7b50cfa73127109dc3a08339c7f851b8f989fd1f5
C:\Users\koush\OneDrive\Documents\archive (4)\Dataset\Stable_Mindset\ST_209.jpg,Stable_Mindset,True,1823,875,RGB,35ad93047b23a4bbad5026f5bb9a0fbad71736a0d75f69a5241ddb9e9ba8fb5c
C:\Users\koush\OneDrive\Documents\archive (4)\Dataset\Stable_Mindset\ST_21.jpg,Stable_Mindset,True,1199,603,RGB,c699f3700ad7233c966c56b8dbc4f938811eac8f40261d19d46f35dff6707807
C:\Users\koush\OneDrive\Documents\archive (4)\Dataset\Stable_Mindset\ST_210.jpg,Stable_Mindset,True,1759,871,RGB,c675ddc52aa43637cb8cb5095b69e3f5527b48a42d9380890c0becd37c368937
C:\Users\koush\OneDrive\Documents\archive (4)\Dataset\Stable_Mindset\ST_212.jpg,Stable_Mindset,True,1823,875,RGB,35ad93047b23a4bbad5026f5bb9a0fbad71736a0d75f69a5241ddb9e9ba8fb5c
C:\Users\koush\OneDrive\Documents\archive (4)\Dataset\Stable_Mindset\ST_213.jpg,Stable_Mindset,True,1113,510,RGB,c048944341c90c8ec91dbd283bf24095328e7797c36d5cb0ad244f169bde90a7
C:\Users\koush\OneDrive\Documents\archive (4)\Dataset\Stable_Mindset\ST_214.jpg,Stable_Mindset,True,1084,543,RGB,c363c7c13034e9ead70e2ae11db16fa9ade1f44e9c2d39eeddf9fd263ec2d295
C:\Users\koush\OneDrive\Documents\archive (4)\Dataset\Stable_Mindset\ST_215(1).jpg,Stable_Mindset,True,1146,545,RGB,6320aed94f35e8001c80d5b30b5f5f65ae97a8665bce83d56a7280e20a3ef8fb
C:\Users\koush\OneDrive\Documents\archive (4)\Dataset\Stable_Mindset\ST_215.jpg,Stable_Mindset,True,1146,545,RGB,6320aed94f35e8001c80d5b30b5f5f65ae97a8665bce83d56a7280e20a3ef8fb
C:\Users\koush\OneDrive\Documents\archive (4)\Dataset\Stable_Mindset\ST_217(1).jpg,Stable_Mindset,True,1209,539,RGB,aacd9776a73e380e01995a94bf295e2e17c4940fe3c4b77ee79f80643258c627
C:\Users\koush\OneDrive\Documents\archive (4)\Dataset\Stable_Mindset\ST_217.jpg,Stable_Mindset,True,1209,539,RGB,aacd9776a73e380e01995a94bf295e2e17c4940fe3c4b77ee79f80643258c627
C:\Users\koush\OneDrive\Documents\archive (4)\Dataset\Stable_Mindset\ST_218(1).jpg,Stable_Mindset,True,1309,589,RGB,49a02f02cefb843c8943dd73ec2510714a6f22204905620b5b7bf90ead6c234a
C:\Users\koush\OneDrive\Documents\archive (4)\Dataset\Stable_Mindset\ST_218.jpg,Stable_Mindset,True,1309,589,RGB,49a02f02cefb843c8943dd73ec2510714a6f22204905620b5b7bf90ead6c234a
C:\Users\koush\OneDrive\Documents\archive (4)\Dataset\Stable_Mindset\ST_219(1).jpg,Stable_Mindset,True,1340,604,RGB,39be139e37f6ac3c214ac2af75e055c99366afc83bf3456149407514de01e38b
C:\Users\koush\OneDrive\Documents\archive (4)\Dataset\Stable_Mindset\ST_219.jpg,Stable_Mindset,True,1340,604,RGB,39be139e37f6ac3c214ac2af75e055c99366afc83bf3456149407514de01e38b
C:\Users\koush\OneDrive\Documents\archive (4)\Dataset\Stable_Mindset\ST_221(1).jpg,Stable_Mindset,True,1199,603,RGB,c699f3700ad7233c966c56b8dbc4f938811eac8f40261d19d46f35dff6707807
C:\Users\koush\OneDrive\Documents\archive (4)\Dataset\Stable_Mindset\ST_221.jpg,Stable_Mindset,True,1199,603,RGB,c699f3700ad7233c966c56b8dbc4f938811eac8f40261d19d46f35dff6707807
C:\Users\koush\OneDrive\Documents\archive (4)\Dataset\Stable_Mindset\ST_222(1).jpg,Stable_Mindset,True,806,459,RGB,a029115de5ccb97ee8ba54a2ce6954a4a91ebd5a42ed9fbc438c7a53949d0804
C:\Users\koush\OneDrive\Documents\archive (4)\Dataset\Stable_Mindset\ST_222.jpg,Stable_Mindset,True,806,459,RGB,a029115de5ccb97ee8ba54a2ce6954a4a91ebd5a42ed9fbc438c7a53949d0804
C:\Users\koush\OneDrive\Documents\archive (4)\Dataset\Stable_Mindset\ST_223(1).jpg,Stable_Mindset,True,1025,523,RGB,7ec7e45f474a491ae85ad66f1bc7f8cdd9a1803c8faec8a96fbbca6ceb9c29c7
C:\Users\koush\OneDrive\Documents\archive (4)\Dataset\Stable_Mindset\ST_223.jpg,Stable_Mindset,True,1025,523,RGB,7ec7e45f474a491ae85ad66f1bc7f8cdd9a1803c8faec8a96fbbca6ceb9c29c7
C:\Users\koush\OneDrive\Documents\archive (4)\Dataset\Stable_Mindset\ST_226(1).jpg,Stable_Mindset,True,1149,520,RGB,555ede370648a068f58f90dfb2b4568b441bf88653fb9aaa4e4db30c6fa06f15
C:\Users\koush\OneDrive\Documents\archive (4)\Dataset\Stable_Mindset\ST_226.jpg,Stable_Mindset,True,1149,520,RGB,555ede370648a068f58f90dfb2b4568b441bf88653fb9aaa4e4db30c6fa06f15
C:\Users\koush\OneDrive\Documents\archive (4)\Dataset\Stable_Mindset\ST_227(1).jpg,Stable_Mindset,True,1330,555,RGB,6f567182d2e69dcd9ba65a2e34e83b3e68f6da7fc4943e3da98637af4f2adb9b
C:\Users\koush\OneDrive\Documents\archive (4)\Dataset\Stable_Mindset\ST_227.jpg,Stable_Mindset,True,1330,555,RGB,6f567182d2e69dcd9ba65a2e34e83b3e68f6da7fc4943e3da98637af4f2adb9b
C:\Users\koush\OneDrive\Documents\archive (4)\Dataset\Stable_Mindset\ST_228(1).jpg,Stable_Mindset,True,1174,527,RGB,7a32891e9776628c0e2b90cf4b479d94c761e07a4a88952da2f08ca27b33659b
C:\Users\koush\OneDrive\Documents\archive (4)\Dataset\Stable_Mindset\ST_228.jpg,Stable_Mindset,True,1174,527,RGB,7a32891e9776628c0e2b90cf4b479d94c761e07a4a88952da2f08ca27b33659b
C:\Users\koush\OneDrive\Documents\archive (4)\Dataset\Stable_Mindset\ST_229.jpg,Stable_Mindset,True,438,192,RGB,45a30f4aaff809541639e158dc8bae43939ce6a0c0839c10b82b2c6101a27be1
C:\Users\koush\OneDrive\Documents\archive (4)\Dataset\Stable_Mindset\ST_23.jpg,Stable_Mindset,True,1025,523,RGB,7ec7e45f474a491ae85ad66f1bc7f8cdd9a1803c8faec8a96fbbca6ceb9c29c7
C:\Users\koush\OneDrive\Documents\archive (4)\Dataset\Stable_Mindset\ST_231.jpg,Stable_Mindset,True,423,202,RGB,50064b4fd61a31b2d63ff293a0d380ac57a5c86e8f41858e083f427bcfa894c0
C:\Users\koush\OneDrive\Documents\archive (4)\Dataset\Stable_Mindset\ST_232.jpg,Stable_Mindset,True,442,211,RGB,aebd811c23eb8e1e080cb8810907c6c1464992a593527123ce5e408040f8cffa
C:\Users\koush\OneDrive\Documents\archive (4)\Dataset\Stable_Mindset\ST_234.jpg,Stable_Mindset,True,979,460,RGB,bedc86fb41605ed90bb8cd39c6d6005c595e9d857b226afc3e5d3d436d1a5081
C:\Users\koush\OneDrive\Documents\archive (4)\Dataset\Stable_Mindset\ST_235.jpg,Stable_Mindset,True,1194,493,RGB,942f69d69bf724dae1487b1d8383924c2dad77ec8ecc3e31c222098b2220686e
C:\Users\koush\OneDrive\Documents\archive (4)\Dataset\Stable_Mindset\ST_236.jpg,Stable_Mindset,True,1232,575,RGB,8412acb1daa1a7f0a5ed72af97948c7430fd3151824bf13ce781ab7e6fb32fba
C:\Users\koush\OneDrive\Documents\archive (4)\Dataset\Stable_Mindset\ST_238.jpg,Stable_Mindset,True,885,414,RGB,3c43cbcb2207d3e30dc942c77486ebc5b6ff4867fe20e6b12de528b54ee6830f
C:\Users\koush\OneDrive\Documents\archive (4)\Dataset\Stable_Mindset\ST_239.jpg,Stable_Mindset,True,899,409,RGB,73fb725eb9f93404ee9f0d8e2d2b2858e46fff6dfbdb03c8a3147f9774af80da
C:\Users\koush\OneDrive\Documents\archive (4)\Dataset\Stable_Mindset\ST_24.jpg,Stable_Mindset,True,1025,523,RGB,7ec7e45f474a491ae85ad66f1bc7f8cdd9a1803c8faec8a96fbbca6ceb9c29c7
C:\Users\koush\OneDrive\Documents\archive (4)\Dataset\Stable_Mindset\ST_240.jpg,Stable_Mindset,True,1135,493,RGB,719028ece64d5e14465bb3f3f927bbf26ad6ca7d2a2d78ed72377f505246d5de
C:\Users\koush\OneDrive\Documents\archive (4)\Dataset\Stable_Mindset\ST_241.jpg,Stable_Mindset,True,883,408,RGB,107424f2a56f13cdf0dd1a95fced04c9c5729cf223de352a638b43baf9f94148
C:\Users\koush\OneDrive\Documents\archive (4)\Dataset\Stable_Mindset\ST_243.jpg,Stable_Mindset,True,883,408,RGB,107424f2a56f13cdf0dd1a95fced04c9c5729cf223de352a638b43baf9f94148
C:\Users\koush\OneDrive\Documents\archive (4)\Dataset\Stable_Mindset\ST_244.jpg,Stable_Mindset,True,1032,444,RGB,15ff8dfed38a70f8d93cdfb8033d361ea9455e6f08231ba225a7348ecf97d1ac
C:\Users\koush\OneDrive\Documents\archive (4)\Dataset\Stable_Mindset\ST_246.jpg,Stable_Mindset,True,894,454,RGB,1fccaaddd405973831bcc58ac3f0e3450661d83240d291489053cb2892198cc6
C:\Users\koush\OneDrive\Documents\archive (4)\Dataset\Stable_Mindset\ST_247.jpg,Stable_Mindset,True,1060,493,RGB,c28d81f661bb5ffef4e0683462c0c328e5f89572a8393d8618800bd05e58631e
C:\Users\koush\OneDrive\Documents\archive (4)\Dataset\Stable_Mindset\ST_248.jpg,Stable_Mindset,True,992,440,RGB,344deedea92bdce784869bc653c39dd839babd53196f4098bc2481ca6965b0f2
C:\Users\koush\OneDrive\Documents\archive (4)\Dataset\Stable_Mindset\ST_249.jpg,Stable_Mindset,True,738,392,RGB,8c6ffb12b7cb6f60f2c12943da73a1c8098e0c0e0c95a0cc40c809e78c8caff6
C:\Users\koush\OneDrive\Documents\archive (4)\Dataset\Stable_Mindset\ST_25.jpg,Stable_Mindset,True,1174,527,RGB,7a32891e9776628c0e2b90cf4b479d94c761e07a4a88952da2f08ca27b33659b
C:\Users\koush\OneDrive\Documents\archive (4)\Dataset\Stable_Mindset\ST_250.jpg,Stable_Mindset,True,787,424,RGB,5092a47ee7f2cb52f1b2ee29e48b3de5eeb82cd0779adda0d6c703316691f575
C:\Users\koush\OneDrive\Documents\archive (4)\Dataset\Stable_Mindset\ST_251.jpg,Stable_Mindset,True,959,455,RGB,4519bcbf679d27d59e676b11f71956d9f68507e3cf36c94117822fe1aa3bcfef
C:\Users\koush\OneDrive\Documents\archive (4)\Dataset\Stable_Mindset\ST_253.jpg,Stable_Mindset,True,700,290,RGB,cfcca811e202935a883f55a5a710e2ccc77e51e1b84efcc02ea033661ae8e106
C:\Users\koush\OneDrive\Documents\archive (4)\Dataset\Stable_Mindset\ST_255.jpg,Stable_Mindset,True,738,320,RGB,fbe246cf20c31118e3807198f321bcf991e3c3ec04550815f3e0f928366afcf8
C:\Users\koush\OneDrive\Documents\archive (4)\Dataset\Stable_Mindset\ST_257.jpg,Stable_Mindset,True,907,392,RGB,b610b3833b4c5de19dfe5e678ad2c210d4fcf6bb668c7901d6a1303252abff2b
C:\Users\koush\OneDrive\Documents\archive (4)\Dataset\Stable_Mindset\ST_258.jpg,Stable_Mindset,True,896,367,RGB,e53319002cce086fdf471c867f45c9a26b9f8da2298f4674de8817f2e09b44e4
C:\Users\koush\OneDrive\Documents\archive (4)\Dataset\Stable_Mindset\ST_260.jpg,Stable_Mindset,True,938,414,RGB,e6c2cab1e452aeb03a780b9fa796806e162f9ba70637880ee424196c33f8f8a3
C:\Users\koush\OneDrive\Documents\archive (4)\Dataset\Stable_Mindset\ST_262.jpg,Stable_Mindset,True,878,410,RGB,8b524c6b56e127af7bce9f9a31cabde5e9f5d546eeeddda88e7f2905a0ac0852
C:\Users\koush\OneDrive\Documents\archive (4)\Dataset\Stable_Mindset\ST_263.jpg,Stable_Mindset,True,984,443,RGB,6309b2681f0ae68286edbb2ad99940b8b7b0ec229384af854decac81125bbea6
C:\Users\koush\OneDrive\Documents\archive (4)\Dataset\Stable_Mindset\ST_264.jpg,Stable_Mindset,True,984,443,RGB,6309b2681f0ae68286edbb2ad99940b8b7b0ec229384af854decac81125bbea6
C:\Users\koush\OneDrive\Documents\archive (4)\Dataset\Stable_Mindset\ST_266.jpg,Stable_Mindset,True,999,460,RGB,dbf8660ec78f362b884adff70a564cbcc78942bf6faa75d69b1f337e3967a14c
C:\Users\koush\OneDrive\Documents\archive (4)\Dataset\Stable_Mindset\ST_267.jpg,Stable_Mindset,True,999,460,RGB,dbf8660ec78f362b884adff70a564cbcc78942bf6faa75d69b1f337e3967a14c
C:\Users\koush\OneDrive\Documents\archive (4)\Dataset\Stable_Mindset\ST_268.jpg,Stable_Mindset,True,999,460,RGB,dbf8660ec78f362b884adff70a564cbcc78942bf6faa75d69b1f337e3967a14c
C:\Users\koush\OneDrive\Documents\archive (4)\Dataset\Stable_Mindset\ST_27.jpg,Stable_Mindset,True,1330,555,RGB,6f567182d2e69dcd9ba65a2e34e83b3e68f6da7fc4943e3da98637af4f2adb9b
C:\Users\koush\OneDrive\Documents\archive (4)\Dataset\Stable_Mindset\ST_270.jpg,Stable_Mindset,True,1003,532,RGB,04dd5c85475968c69176356fd67612dc8056ce4077803be967160ce1dcfbf080
C:\Users\koush\OneDrive\Documents\archive (4)\Dataset\Stable_Mindset\ST_271.jpg,Stable_Mindset,True,1202,585,RGB,b2e426cdbddc936be4e3a1cb96fc0b35b4c48a3b8259c10a5c65a99c57bf30e4
C:\Users\koush\OneDrive\Documents\archive (4)\Dataset\Stable_Mindset\ST_272.jpg,Stable_Mindset,True,1103,575,RGB,46d3497433a2038dd1711ee9aabad9a50bbad5f83316d78406bb3ce000bcc172
C:\Users\koush\OneDrive\Documents\archive (4)\Dataset\Stable_Mindset\ST_273.jpg,Stable_Mindset,True,967,424,RGB,13963ba32957b05195246ac46b1a77e0a23e31e9f9988d13fe301a35f1d7245e
C:\Users\koush\OneDrive\Documents\archive (4)\Dataset\Stable_Mindset\ST_274.jpg,Stable_Mindset,True,1013,458,RGB,aa9072eb230f2afbd8ae4f4b023575f293ec170be0f96ee6e9a343b3e9831596
C:\Users\koush\OneDrive\Documents\archive (4)\Dataset\Stable_Mindset\ST_275.jpg,Stable_Mindset,True,1076,498,RGB,33e2374beedd35194c0f59d2a73f7812f9822c46c1ffe839f08c2605af609217
C:\Users\koush\OneDrive\Documents\archive (4)\Dataset\Stable_Mindset\ST_277.jpg,Stable_Mindset,True,1050,498,RGB,7e67cfa7ea531a2e6dcd2b3b63a90d557c47098210975427e81ff4447c0230b3
C:\Users\koush\OneDrive\Documents\archive (4)\Dataset\Stable_Mindset\ST_278.jpg,Stable_Mindset,True,1121,531,RGB,7563597c35e833484d562dca3f6733b2d0c93d429f6545878a3e385057c8eb8d
C:\Users\koush\OneDrive\Documents\archive (4)\Dataset\Stable_Mindset\ST_279.jpg,Stable_Mindset,True,1213,532,RGB,0e220db11231ac258e85950a2e54a3d7530dc7170b7dcb263fb66a06b3e66ae0
C:\Users\koush\OneDrive\Documents\archive (4)\Dataset\Stable_Mindset\ST_28.jpg,Stable_Mindset,True,1174,527,RGB,7a32891e9776628c0e2b90cf4b479d94c761e07a4a88952da2f08ca27b33659b
C:\Users\koush\OneDrive\Documents\archive (4)\Dataset\Stable_Mindset\ST_281.jpg,Stable_Mindset,True,902,378,RGB,d2d0331c778b6d0d70490900fd393aa14b1b0a19e630c7ae767903d2ff09922c
C:\Users\koush\OneDrive\Documents\archive (4)\Dataset\Stable_Mindset\ST_282.jpg,Stable_Mindset,True,671,234,RGB,99ab665945086c7ecb11042b456fe4198a015b1937007d809e4d381631b315c3
C:\Users\koush\OneDrive\Documents\archive (4)\Dataset\Stable_Mindset\ST_283.jpg,Stable_Mindset,True,671,234,RGB,f464f1e9a38a4cffed6d58b12c5b31469702a97052ad8b5633dad42754caf4f8
C:\Users\koush\OneDrive\Documents\archive (4)\Dataset\Stable_Mindset\ST_286.jpg,Stable_Mindset,True,588,235,RGB,dcdefe0927d30983b644defccd3998e7f40f0834b9587d0b7051bd9c5bf1c8a4
C:\Users\koush\OneDrive\Documents\archive (4)\Dataset\Stable_Mindset\ST_287.jpg,Stable_Mindset,True,588,235,RGB,dcdefe0927d30983b644defccd3998e7f40f0834b9587d0b7051bd9c5bf1c8a4
C:\Users\koush\OneDrive\Documents\archive (4)\Dataset\Stable_Mindset\ST_288.jpg,Stable_Mindset,True,588,235,RGB,dcdefe0927d30983b644defccd3998e7f40f0834b9587d0b7051bd9c5bf1c8a4
C:\Users\koush\OneDrive\Documents\archive (4)\Dataset\Stable_Mindset\ST_292.jpg,Stable_Mindset,True,893,270,RGB,b30a97629f79b39ebd2d96bd5e398efbfdc9f7b3fc368e663fafbc8a12f38354
C:\Users\koush\OneDrive\Documents\archive (4)\Dataset\Stable_Mindset\ST_293.jpg,Stable_Mindset,True,858,421,RGB,487ee0deee8d9a658778309422fffc377d0f209282b7eb3927a1cf103572fc7b
C:\Users\koush\OneDrive\Documents\archive (4)\Dataset\Stable_Mindset\ST_294.jpg,Stable_Mindset,True,1030,434,RGB,ead0c00d796ae52fc539f5d19d2b4f4dfc0ea840e26ee9b8ce3bca6fd58c2667
C:\Users\koush\OneDrive\Documents\archive (4)\Dataset\Stable_Mindset\ST_295.jpg,Stable_Mindset,True,1001,431,RGB,9a8bc466426df7d62d33782c190f4034ae26979c7caad4ce4cb1df60ce49a1b2
C:\Users\koush\OneDrive\Documents\archive (4)\Dataset\Stable_Mindset\ST_297.jpg,Stable_Mindset,True,1038,355,RGB,8879e307c4a50f0e265890e3bd91e813c42e965dc68388fbb1dc1fb351d0a691
C:\Users\koush\OneDrive\Documents\archive (4)\Dataset\Stable_Mindset\ST_298.jpg,Stable_Mindset,True,1120,401,RGB,cffbfc61dec3659e08118fbf3c739645d31ab7b21418d96f2ed458128f4ade22
C:\Users\koush\OneDrive\Documents\archive (4)\Dataset\Stable_Mindset\ST_299.jpg,Stable_Mindset,True,1110,354,RGB,60493392bea8cf292f5873c249e3402aa3edf529caf7c8996d880742c7f8aefd
C:\Users\koush\OneDrive\Documents\archive (4)\Dataset\Stable_Mindset\ST_3.jpg,Stable_Mindset,True,1487,704,RGB,f0d04ce755683e2258bfd43565ad678c907e5a5c3d6f52b63fae89eee08a5684
C:\Users\koush\OneDrive\Documents\archive (4)\Dataset\Stable_Mindset\ST_30.jpg,Stable_Mindset,True,423,183,RGB,cd0e4a5d7f4d5622abcd4deb8a4893c8d90b071dfca7b02a38f3396484ba383e
C:\Users\koush\OneDrive\Documents\archive (4)\Dataset\Stable_Mindset\ST_305.jpg,Stable_Mindset,True,447,137,RGB,c39cda8e46c04a77c965233efde9adba55489bb2b89b7799b98e57b3d3a6e603
C:\Users\koush\OneDrive\Documents\archive (4)\Dataset\Stable_Mindset\ST_306.jpg,Stable_Mindset,True,390,125,RGB,7e81db9342eea1e861d8cd679732204c0a7b0d7e1ee668eb3e56f3d5505410dc
C:\Users\koush\OneDrive\Documents\archive (4)\Dataset\Stable_Mindset\ST_308.jpg,Stable_Mindset,True,383,125,RGB,b3892e7fd9614a94803a70ef675f59966f3ee18cab51f817693958a1cf630f1e
C:\Users\koush\OneDrive\Documents\archive (4)\Dataset\Stable_Mindset\ST_309.jpg,Stable_Mindset,True,406,133,RGB,42430e969183da382e0035bba1d3c0a60c1469976526e8f4abbb3e8ad9352af4
C:\Users\koush\OneDrive\Documents\archive (4)\Dataset\Stable_Mindset\ST_31.jpg,Stable_Mindset,True,409,176,RGB,955b14753c57489f5b60f2ca728ff16dc1bfe4f9863d010958f7a422b5d5003e
C:\Users\koush\OneDrive\Documents\archive (4)\Dataset\Stable_Mindset\ST_310.jpg,Stable_Mindset,True,406,133,RGB,65bb85bb515c508c3329f2396e82731b3dd7b1ca8d9a0cc02876aff0c6054c16
C:\Users\koush\OneDrive\Documents\archive (4)\Dataset\Stable_Mindset\ST_311.jpg,Stable_Mindset,True,406,127,RGB,ebcf21df3a6ee239834902cafaadfa0de95abfd7f626b0bddb17b39539559b94
C:\Users\koush\OneDrive\Documents\archive (4)\Dataset\Stable_Mindset\ST_312.jpg,Stable_Mindset,True,406,127,RGB,c9387c6db5a84da2f84702fb3d346763f925fc065f32ff40b89f57acbbf70441
C:\Users\koush\OneDrive\Documents\archive (4)\Dataset\Stable_Mindset\ST_313.jpg,Stable_Mindset,True,567,290,RGB,8c89a0de106d9f3040d0cdb31c587d4ccce8dcc5cdf85c5946b29e16e5b817cd
C:\Users\koush\OneDrive\Documents\archive (4)\Dataset\Stable_Mindset\ST_314.jpg,Stable_Mindset,True,567,290,RGB,8c89a0de106d9f3040d0cdb31c587d4ccce8dcc5cdf85c5946b29e16e5b817cd
C:\Users\koush\OneDrive\Documents\archive (4)\Dataset\Stable_Mindset\ST_315.jpg,Stable_Mindset,True,567,290,RGB,8c89a0de106d9f3040d0cdb31c587d4ccce8dcc5cdf85c5946b29e16e5b817cd
C:\Users\koush\OneDrive\Documents\archive (4)\Dataset\Stable_Mindset\ST_317.jpg,Stable_Mindset,True,1043,390,RGB,da4429c662111cde7fd362f4e8ab71dd3d1744f67c68f4dc1cd0cb250331fae7
C:\Users\koush\OneDrive\Documents\archive (4)\Dataset\Stable_Mindset\ST_318.jpg,Stable_Mindset,True,960,390,RGB,8de10c26d5ed3b193b8cf7504e6af44b21291c4310268384617894be40709b9e
C:\Users\koush\OneDrive\Documents\archive (4)\Dataset\Stable_Mindset\ST_319.jpg,Stable_Mindset,True,1043,390,RGB,da4429c662111cde7fd362f4e8ab71dd3d1744f67c68f4dc1cd0cb250331fae7
C:\Users\koush\OneDrive\Documents\archive (4)\Dataset\Stable_Mindset\ST_32.jpg,Stable_Mindset,True,442,191,RGB,52cd9aa43afc3f2247d1e33f4cef510f1730509cdc9a0a6575b19ec1e2b13f1a
C:\Users\koush\OneDrive\Documents\archive (4)\Dataset\Stable_Mindset\ST_321.jpg,Stable_Mindset,True,702,295,RGB,f3b41d059dff1db3d1518e1a7d544f6c49fb0b0b443627fabc67d6fb3a400c85
C:\Users\koush\OneDrive\Documents\archive (4)\Dataset\Stable_Mindset\ST_322.jpg,Stable_Mindset,True,702,295,RGB,f3b41d059dff1db3d1518e1a7d544f6c49fb0b0b443627fabc67d6fb3a400c85
C:\Users\koush\OneDrive\Documents\archive (4)\Dataset\Stable_Mindset\ST_323.jpg,Stable_Mindset,True,702,295,RGB,f3b41d059dff1db3d1518e1a7d544f6c49fb0b0b443627fabc67d6fb3a400c85
C:\Users\koush\OneDrive\Documents\archive (4)\Dataset\Stable_Mindset\ST_324.jpg,Stable_Mindset,True,623,391,RGB,845d2977016fb353b9cb94b67b3f8e9d58b505fd6b9b834f83b746f1a0364c11
C:\Users\koush\OneDrive\Documents\archive (4)\Dataset\Stable_Mindset\ST_328.jpg,Stable_Mindset,True,739,480,RGB,4f299dcaf6bacc6a1027a5bd2fffad519c90147eb325c0c6afaa1642288203b3
C:\Users\koush\OneDrive\Documents\archive (4)\Dataset\Stable_Mindset\ST_329.jpg,Stable_Mindset,True,821,386,RGB,e2bdbe488d00e285badbcaa7f75270dad9106cab399b155f80f9f261a0a0e4bb
C:\Users\koush\OneDrive\Documents\archive (4)\Dataset\Stable_Mindset\ST_33.jpg,Stable_Mindset,True,979,460,RGB,bedc86fb41605ed90bb8cd39c6d6005c595e9d857b226afc3e5d3d436d1a5081
C:\Users\koush\OneDrive\Documents\archive (4)\Dataset\Stable_Mindset\ST_330.jpg,Stable_Mindset,True,821,386,RGB,e2bdbe488d00e285badbcaa7f75270dad9106cab399b155f80f9f261a0a0e4bb
C:\Users\koush\OneDrive\Documents\archive (4)\Dataset\Stable_Mindset\ST_332.jpg,Stable_Mindset,True,1037,528,RGB,209a9a3c8c0a2de267997a7e827cf86d06fca2af6149c35e698f3db76a16593f
C:\Users\koush\OneDrive\Documents\archive (4)\Dataset\Stable_Mindset\ST_333.jpg,Stable_Mindset,True,587,249,RGB,be47a6c272c24a9b976e7de2046967a976d2c47b1f86289c389d72ecc4a0f953
C:\Users\koush\OneDrive\Documents\archive (4)\Dataset\Stable_Mindset\ST_334.jpg,Stable_Mindset,True,619,264,RGB,5c2f5fd060b4b02b73229df73e1dc98ecf4e102bbfd8585ee9ff2f9ec0e9d1b7
C:\Users\koush\OneDrive\Documents\archive (4)\Dataset\Stable_Mindset\ST_335.jpg,Stable_Mindset,True,599,281,RGB,a3239490e3d9dae147217ea2deee08e25d97b1e5775d93b9c68b335e73cc3ac5
C:\Users\koush\OneDrive\Documents\archive (4)\Dataset\Stable_Mindset\ST_336.jpg,Stable_Mindset,True,514,250,RGB,4cafca88c379c353966faa9dc4edeb33b6b1d7545e1d63b6673304e3dddddd9f
C:\Users\koush\OneDrive\Documents\archive (4)\Dataset\Stable_Mindset\ST_337.jpg,Stable_Mindset,True,594,303,RGB,8688dd2060d94e1635329f949df2b3f9fd04b78512e9bf9ffadddd69570b5d03
C:\Users\koush\OneDrive\Documents\archive (4)\Dataset\Stable_Mindset\ST_338.jpg,Stable_Mindset,True,566,278,RGB,dd5e5d0d65ac4db233e400865c9e26d2a0159171a1b81ed24ac36e92b46d53ed
C:\Users\koush\OneDrive\Documents\archive (4)\Dataset\Stable_Mindset\ST_339.jpg,Stable_Mindset,True,715,371,RGB,a40c176396bd35222cf7edabd0baa657f0e3ad5cc3beb8d76fdf19b34936989a
C:\Users\koush\OneDrive\Documents\archive (4)\Dataset\Stable_Mindset\ST_34.jpg,Stable_Mindset,True,979,460,RGB,bedc86fb41605ed90bb8cd39c6d6005c595e9d857b226afc3e5d3d436d1a5081
C:\Users\koush\OneDrive\Documents\archive (4)\Dataset\Stable_Mindset\ST_340.jpg,Stable_Mindset,True,661,341,RGB,5dba0dfdd119c134763c3ac0d224722aa8026747145aed68086ffadfd23b9444
C:\Users\koush\OneDrive\Documents\archive (4)\Dataset\Stable_Mindset\ST_341.jpg,Stable_Mindset,True,595,284,RGB,d8c978d5222643229065e41109145b32d88eff5805923731622b4ff4f9d8470a
C:\Users\koush\OneDrive\Documents\archive (4)\Dataset\Stable_Mindset\ST_342.jpg,Stable_Mindset,True,732,350,RGB,90467f4bc5a82d15251a1f08a6a3713fa6ce6d497e257d121bb00e926d926619
C:\Users\koush\OneDrive\Documents\archive (4)\Dataset\Stable_Mindset\ST_343.jpg,Stable_Mindset,True,553,259,RGB,f3ee568553d318b30191ff5faded8587d089beaf1a517dbbae12ac028da35c4d
C:\Users\koush\OneDrive\Documents\archive (4)\Dataset\Stable_Mindset\ST_344.jpg,Stable_Mindset,True,557,255,RGB,e638509ac47c1cb6beddacae9d461a4a11d3740cac06c07ca2c12b54a82bdcd2
C:\Users\koush\OneDrive\Documents\archive (4)\Dataset\Stable_Mindset\ST_346.jpg,Stable_Mindset,True,838,367,RGB,ed21aa5f025d51076d008a6489315ca5deef9416400674280abd3ffe90cb889a
C:\Users\koush\OneDrive\Documents\archive (4)\Dataset\Stable_Mindset\ST_347.jpg,Stable_Mindset,True,838,367,RGB,ed21aa5f025d51076d008a6489315ca5deef9416400674280abd3ffe90cb889a
C:\Users\koush\OneDrive\Documents\archive (4)\Dataset\Stable_Mindset\ST_348.jpg,Stable_Mindset,True,838,367,RGB,ed21aa5f025d51076d008a6489315ca5deef9416400674280abd3ffe90cb889a
C:\Users\koush\OneDrive\Documents\archive (4)\Dataset\Stable_Mindset\ST_350.jpg,Stable_Mindset,True,793,365,RGB,23bbf258e9b5b961eedeaa2bdce75072bb4fe7552b1201b6b98f615f39555651
C:\Users\koush\OneDrive\Documents\archive (4)\Dataset\Stable_Mindset\ST_351.jpg,Stable_Mindset,True,793,365,RGB,23bbf258e9b5b961eedeaa2bdce75072bb4fe7552b1201b6b98f615f39555651
C:\Users\koush\OneDrive\Documents\archive (4)\Dataset\Stable_Mindset\ST_352.jpg,Stable_Mindset,True,793,365,RGB,23bbf258e9b5b961eedeaa2bdce75072bb4fe7552b1201b6b98f615f39555651
C:\Users\koush\OneDrive\Documents\archive (4)\Dataset\Stable_Mindset\ST_353.jpg,Stable_Mindset,True,836,399,RGB,82108e68c3429fd42f6985530a537a30386ac11dab43662ac18a6ea81bf59df4
C:\Users\koush\OneDrive\Documents\archive (4)\Dataset\Stable_Mindset\ST_354.jpg,Stable_Mindset,True,836,399,RGB,82108e68c3429fd42f6985530a537a30386ac11dab43662ac18a6ea81bf59df4
C:\Users\koush\OneDrive\Documents\archive (4)\Dataset\Stable_Mindset\ST_355.jpg,Stable_Mindset,True,836,399,RGB,82108e68c3429fd42f6985530a537a30386ac11dab43662ac18a6ea81bf59df4
C:\Users\koush\OneDrive\Documents\archive (4)\Dataset\Stable_Mindset\ST_356.jpg,Stable_Mindset,True,836,399,RGB,82108e68c3429fd42f6985530a537a30386ac11dab43662ac18a6ea81bf59df4
C:\Users\koush\OneDrive\Documents\archive (4)\Dataset\Stable_Mindset\ST_358.jpg,Stable_Mindset,True,870,445,RGB,abb4005f74c235f585b17f26e75883b5ade04c70cca7b1507f7c07ee6872b389
C:\Users\koush\OneDrive\Documents\archive (4)\Dataset\Stable_Mindset\ST_36.jpg,Stable_Mindset,True,1232,575,RGB,8412acb1daa1a7f0a5ed72af97948c7430fd3151824bf13ce781ab7e6fb32fba
C:\Users\koush\OneDrive\Documents\archive (4)\Dataset\Stable_Mindset\ST_361.jpg,Stable_Mindset,True,920,340,RGB,768435b498c8747e46b64cb6ccb00de7cca44f6b383996d6b05da1977c77db30
C:\Users\koush\OneDrive\Documents\archive (4)\Dataset\Stable_Mindset\ST_362.jpg,Stable_Mindset,True,938,363,RGB,a1f39fde2834d3051ba6d88bfea506c7e5752abd6d0ca2581f79829828233366
C:\Users\koush\OneDrive\Documents\archive (4)\Dataset\Stable_Mindset\ST_363.jpg,Stable_Mindset,True,938,363,RGB,a1f39fde2834d3051ba6d88bfea506c7e5752abd6d0ca2581f79829828233366
C:\Users\koush\OneDrive\Documents\archive (4)\Dataset\Stable_Mindset\ST_364.jpg,Stable_Mindset,True,963,388,RGB,64e3fe8845e73ef241118836a6ec56a123306e82459bd825aba5fc86572ca793
C:\Users\koush\OneDrive\Documents\archive (4)\Dataset\Stable_Mindset\ST_365.jpg,Stable_Mindset,True,847,399,RGB,804bc8f71944381cc9860cc596e558bf8881db05f961f013d827d52f80b77b1f
C:\Users\koush\OneDrive\Documents\archive (4)\Dataset\Stable_Mindset\ST_366.jpg,Stable_Mindset,True,847,399,RGB,804bc8f71944381cc9860cc596e558bf8881db05f961f013d827d52f80b77b1f
C:\Users\koush\OneDrive\Documents\archive (4)\Dataset\Stable_Mindset\ST_367.jpg,Stable_Mindset,True,847,399,RGB,804bc8f71944381cc9860cc596e558bf8881db05f961f013d827d52f80b77b1f
C:\Users\koush\OneDrive\Documents\archive (4)\Dataset\Stable_Mindset\ST_369.jpg,Stable_Mindset,True,725,408,RGB,86336c2c393a47580edf3bafc65941dcbbd269bc39df7630ee3d932877f9c4d6
C:\Users\koush\OneDrive\Documents\archive (4)\Dataset\Stable_Mindset\ST_37.jpg,Stable_Mindset,True,885,414,RGB,3c43cbcb2207d3e30dc942c77486ebc5b6ff4867fe20e6b12de528b54ee6830f
C:\Users\koush\OneDrive\Documents\archive (4)\Dataset\Stable_Mindset\ST_370.jpg,Stable_Mindset,True,725,408,RGB,86336c2c393a47580edf3bafc65941dcbbd269bc39df7630ee3d932877f9c4d6
C:\Users\koush\OneDrive\Documents\archive (4)\Dataset\Stable_Mindset\ST_371.jpg,Stable_Mindset,True,725,408,RGB,86336c2c393a47580edf3bafc65941dcbbd269bc39df7630ee3d932877f9c4d6
C:\Users\koush\OneDrive\Documents\archive (4)\Dataset\Stable_Mindset\ST_372.jpg,Stable_Mindset,True,725,408,RGB,86336c2c393a47580edf3bafc65941dcbbd269bc39df7630ee3d932877f9c4d6
C:\Users\koush\OneDrive\Documents\archive (4)\Dataset\Stable_Mindset\ST_373.jpg,Stable_Mindset,True,549,308,RGB,29354db58ffa7fe54862e8bbf2be3b2c0f9eb7fb94363579354c02b27460632a
C:\Users\koush\OneDrive\Documents\archive (4)\Dataset\Stable_Mindset\ST_374.jpg,Stable_Mindset,True,549,308,RGB,7b2f37adc8df1c774276c581895374714eed8d30bf16d5f08ee99440b2822fcb
C:\Users\koush\OneDrive\Documents\archive (4)\Dataset\Stable_Mindset\ST_376.jpg,Stable_Mindset,True,675,322,RGB,00e39ab0f3dfba50e12a369907cc23ce273405dbfd675a9c897423902c10cfde
C:\Users\koush\OneDrive\Documents\archive (4)\Dataset\Stable_Mindset\ST_377.jpg,Stable_Mindset,True,817,435,RGB,faac663343f55e8b0314cf698250b22a56083cd4561c184e8b81a60fca5cff40
C:\Users\koush\OneDrive\Documents\archive (4)\Dataset\Stable_Mindset\ST_378.jpg,Stable_Mindset,True,817,435,RGB,faac663343f55e8b0314cf698250b22a56083cd4561c184e8b81a60fca5cff40
C:\Users\koush\OneDrive\Documents\archive (4)\Dataset\Stable_Mindset\ST_379.jpg,Stable_Mindset,True,817,435,RGB,faac663343f55e8b0314cf698250b22a56083cd4561c184e8b81a60fca5cff40
C:\Users\koush\OneDrive\Documents\archive (4)\Dataset\Stable_Mindset\ST_38.jpg,Stable_Mindset,True,885,414,RGB,3c43cbcb2207d3e30dc942c77486ebc5b6ff4867fe20e6b12de528b54ee6830f
C:\Users\koush\OneDrive\Documents\archive (4)\Dataset\Stable_Mindset\ST_382.jpg,Stable_Mindset,True,908,432,RGB,54c5b4e093da2c36d84e0d4d53772c683102862bf6de4ab1912edcb1b76f49fa
C:\Users\koush\OneDrive\Documents\archive (4)\Dataset\Stable_Mindset\ST_383.jpg,Stable_Mindset,True,908,432,RGB,54c5b4e093da2c36d84e0d4d53772c683102862bf6de4ab1912edcb1b76f49fa
C:\Users\koush\OneDrive\Documents\archive (4)\Dataset\Stable_Mindset\ST_384.jpg,Stable_Mindset,True,908,432,RGB,54c5b4e093da2c36d84e0d4d53772c683102862bf6de4ab1912edcb1b76f49fa
C:\Users\koush\OneDrive\Documents\archive (4)\Dataset\Stable_Mindset\ST_385.jpg,Stable_Mindset,True,569,296,RGB,de319552fc323c6b2e1be0717dd29cfc7b44ec3a400f0502c68785d1d334e97e
C:\Users\koush\OneDrive\Documents\archive (4)\Dataset\Stable_Mindset\ST_386.jpg,Stable_Mindset,True,569,296,RGB,de319552fc323c6b2e1be0717dd29cfc7b44ec3a400f0502c68785d1d334e97e
C:\Users\koush\OneDrive\Documents\archive (4)\Dataset\Stable_Mindset\ST_387.jpg,Stable_Mindset,True,569,296,RGB,de319552fc323c6b2e1be0717dd29cfc7b44ec3a400f0502c68785d1d334e97e
C:\Users\koush\OneDrive\Documents\archive (4)\Dataset\Stable_Mindset\ST_39.jpg,Stable_Mindset,True,899,409,RGB,73fb725eb9f93404ee9f0d8e2d2b2858e46fff6dfbdb03c8a3147f9774af80da
C:\Users\koush\OneDrive\Documents\archive (4)\Dataset\Stable_Mindset\ST_390.jpg,Stable_Mindset,True,813,385,RGB,2fd26c283ef06724ddd7e5da0e6fcd6c5aeec3bd6600282539a3075d103bb6c1
C:\Users\koush\OneDrive\Documents\archive (4)\Dataset\Stable_Mindset\ST_391.jpg,Stable_Mindset,True,813,385,RGB,2fd26c283ef06724ddd7e5da0e6fcd6c5aeec3bd6600282539a3075d103bb6c1
C:\Users\koush\OneDrive\Documents\archive (4)\Dataset\Stable_Mindset\ST_392.jpg,Stable_Mindset,True,1031,597,RGB,39e5e77b877a48767484317fc495948def62d3045bf4043d41a164f046d64536
C:\Users\koush\OneDrive\Documents\archive (4)\Dataset\Stable_Mindset\ST_393.jpg,Stable_Mindset,True,947,532,RGB,36d777ea81fb1f1bc40c15a9b8a8d186acd8f8271cbf520e8f480f3b635a420d
C:\Users\koush\OneDrive\Documents\archive (4)\Dataset\Stable_Mindset\ST_394.jpg,Stable_Mindset,True,947,532,RGB,36d777ea81fb1f1bc40c15a9b8a8d186acd8f8271cbf520e8f480f3b635a420d
C:\Users\koush\OneDrive\Documents\archive (4)\Dataset\Stable_Mindset\ST_395.jpg,Stable_Mindset,True,947,532,RGB,36d777ea81fb1f1bc40c15a9b8a8d186acd8f8271cbf520e8f480f3b635a420d
C:\Users\koush\OneDrive\Documents\archive (4)\Dataset\Stable_Mindset\ST_400.jpg,Stable_Mindset,True,662,330,RGB,b979c89b64d87e3f94534f5d5470b32a7c92efcfe2d0330d2488896adbb336c0
C:\Users\koush\OneDrive\Documents\archive (4)\Dataset\Stable_Mindset\ST_402.jpg,Stable_Mindset,True,655,314,RGB,167b489c3cf4ec245d667e4708af513149154ec32f06b4a6a2b95be0a736f206
C:\Users\koush\OneDrive\Documents\archive (4)\Dataset\Stable_Mindset\ST_403.jpg,Stable_Mindset,True,655,314,RGB,167b489c3cf4ec245d667e4708af513149154ec32f06b4a6a2b95be0a736f206
C:\Users\koush\OneDrive\Documents\archive (4)\Dataset\Stable_Mindset\ST_404.jpg,Stable_Mindset,True,570,372,RGB,bfd3ca8011fc6d6724c17180c10e6d84151ba2f2b807bbb99853fcc89b41cbe6
C:\Users\koush\OneDrive\Documents\archive (4)\Dataset\Stable_Mindset\ST_405.jpg,Stable_Mindset,True,683,363,RGB,243e3928674a0b6682148a4f56ab17b6adc6d8a49f741fd5e603378f74996513
C:\Users\koush\OneDrive\Documents\archive (4)\Dataset\Stable_Mindset\ST_407.jpg,Stable_Mindset,True,683,363,RGB,243e3928674a0b6682148a4f56ab17b6adc6d8a49f741fd5e603378f74996513
C:\Users\koush\OneDrive\Documents\archive (4)\Dataset\Stable_Mindset\ST_408.jpg,Stable_Mindset,True,683,363,RGB,243e3928674a0b6682148a4f56ab17b6adc6d8a49f741fd5e603378f74996513
C:\Users\koush\OneDrive\Documents\archive (4)\Dataset\Stable_Mindset\ST_409.jpg,Stable_Mindset,True,938,517,RGB,af2091c04471d7e4f2ebc36cbcf01a752a673690a1b1256478dc45763427f13c
C:\Users\koush\OneDrive\Documents\archive (4)\Dataset\Stable_Mindset\ST_410.jpg,Stable_Mindset,True,938,517,RGB,af2091c04471d7e4f2ebc36cbcf01a752a673690a1b1256478dc45763427f13c
C:\Users\koush\OneDrive\Documents\archive (4)\Dataset\Stable_Mindset\ST_411.jpg,Stable_Mindset,True,938,517,RGB,af2091c04471d7e4f2ebc36cbcf01a752a673690a1b1256478dc45763427f13c
C:\Users\koush\OneDrive\Documents\archive (4)\Dataset\Stable_Mindset\ST_412.jpg,Stable_Mindset,True,868,476,RGB,9da74363dc8e90f9d246ff286456c1b197696c6732fbac33fb0e0bd2ec798770
C:\Users\koush\OneDrive\Documents\archive (4)\Dataset\Stable_Mindset\ST_413.jpg,Stable_Mindset,True,716,327,RGB,476729a8724caaba1825ae10c41bb23fe08d4d5254c3c5746079d128e747bdbc
C:\Users\koush\OneDrive\Documents\archive (4)\Dataset\Stable_Mindset\ST_414.jpg,Stable_Mindset,True,825,330,RGB,cfaf50766fa3b5d7187e8628dbca2486390d49b8859fc521b20db1dc41d3768d
C:\Users\koush\OneDrive\Documents\archive (4)\Dataset\Stable_Mindset\ST_415.jpg,Stable_Mindset,True,825,330,RGB,cfaf50766fa3b5d7187e8628dbca2486390d49b8859fc521b20db1dc41d3768d
C:\Users\koush\OneDrive\Documents\archive (4)\Dataset\Stable_Mindset\ST_417.jpg,Stable_Mindset,True,453,263,RGB,539c986cbe720692e08279c2b0764245dbcff829fcd4ae2a646b89303cbf8ba2
C:\Users\koush\OneDrive\Documents\archive (4)\Dataset\Stable_Mindset\ST_418.jpg,Stable_Mindset,True,453,263,RGB,539c986cbe720692e08279c2b0764245dbcff829fcd4ae2a646b89303cbf8ba2
C:\Users\koush\OneDrive\Documents\archive (4)\Dataset\Stable_Mindset\ST_419.jpg,Stable_Mindset,True,585,315,RGB,355f7951db441a9bcda8f04af54f812c44ffb36754cb1c1c5188a83838fb83f1
C:\Users\koush\OneDrive\Documents\archive (4)\Dataset\Stable_Mindset\ST_42.jpg,Stable_Mindset,True,883,408,RGB,107424f2a56f13cdf0dd1a95fced04c9c5729cf223de352a638b43baf9f94148
C:\Users\koush\OneDrive\Documents\archive (4)\Dataset\Stable_Mindset\ST_420.jpg,Stable_Mindset,True,391,229,RGB,e570db2a84a58ecd14cb80a414e79ae7d2256372d140aa87ffbf1d40f1c0dc47
C:\Users\koush\OneDrive\Documents\archive (4)\Dataset\Stable_Mindset\ST_421.jpg,Stable_Mindset,True,585,315,RGB,355f7951db441a9bcda8f04af54f812c44ffb36754cb1c1c5188a83838fb83f1
C:\Users\koush\OneDrive\Documents\archive (4)\Dataset\Stable_Mindset\ST_422.jpg,Stable_Mindset,True,585,315,RGB,355f7951db441a9bcda8f04af54f812c44ffb36754cb1c1c5188a83838fb83f1
C:\Users\koush\OneDrive\Documents\archive (4)\Dataset\Stable_Mindset\ST_423.jpg,Stable_Mindset,True,691,360,RGB,899ec88df9da357e42ed05ed6fd49287a11fb23675f2b23044c886384a4aa565
C:\Users\koush\OneDrive\Documents\archive (4)\Dataset\Stable_Mindset\ST_424.jpg,Stable_Mindset,True,585,315,RGB,355f7951db441a9bcda8f04af54f812c44ffb36754cb1c1c5188a83838fb83f1
C:\Users\koush\OneDrive\Documents\archive (4)\Dataset\Stable_Mindset\ST_425.jpg,Stable_Mindset,True,691,360,RGB,899ec88df9da357e42ed05ed6fd49287a11fb23675f2b23044c886384a4aa565
C:\Users\koush\OneDrive\Documents\archive (4)\Dataset\Stable_Mindset\ST_426.jpg,Stable_Mindset,True,691,360,RGB,899ec88df9da357e42ed05ed6fd49287a11fb23675f2b23044c886384a4aa565
C:\Users\koush\OneDrive\Documents\archive (4)\Dataset\Stable_Mindset\ST_427.jpg,Stable_Mindset,True,521,290,RGB,1a281500f625e26c016194985442d811e01c6b3c2d65866be12c1ca2dd7480e9
C:\Users\koush\OneDrive\Documents\archive (4)\Dataset\Stable_Mindset\ST_429.jpg,Stable_Mindset,True,521,290,RGB,1a281500f625e26c016194985442d811e01c6b3c2d65866be12c1ca2dd7480e9
C:\Users\koush\OneDrive\Documents\archive (4)\Dataset\Stable_Mindset\ST_43.jpg,Stable_Mindset,True,883,408,RGB,107424f2a56f13cdf0dd1a95fced04c9c5729cf223de352a638b43baf9f94148
C:\Users\koush\OneDrive\Documents\archive (4)\Dataset\Stable_Mindset\ST_430.jpg,Stable_Mindset,True,521,290,RGB,1a281500f625e26c016194985442d811e01c6b3c2d65866be12c1ca2dd7480e9
C:\Users\koush\OneDrive\Documents\archive (4)\Dataset\Stable_Mindset\ST_431.jpg,Stable_Mindset,True,875,486,RGB,4b37dbc0f7de09a9719f2b442e162591fe4befaed4cbae7ec8a4b9c8675668d1
C:\Users\koush\OneDrive\Documents\archive (4)\Dataset\Stable_Mindset\ST_433.jpg,Stable_Mindset,True,875,486,RGB,4b37dbc0f7de09a9719f2b442e162591fe4befaed4cbae7ec8a4b9c8675668d1
C:\Users\koush\OneDrive\Documents\archive (4)\Dataset\Stable_Mindset\ST_434.jpg,Stable_Mindset,True,875,486,RGB,4b37dbc0f7de09a9719f2b442e162591fe4befaed4cbae7ec8a4b9c8675668d1
C:\Users\koush\OneDrive\Documents\archive (4)\Dataset\Stable_Mindset\ST_435.jpg,Stable_Mindset,True,497,291,RGB,fd520ef8cabaf08fe2fdd9f355861f8ccc10cc9f675cd50c29fcc6fd1a58fc90
C:\Users\koush\OneDrive\Documents\archive (4)\Dataset\Stable_Mindset\ST_438.jpg,Stable_Mindset,True,497,291,RGB,fd520ef8cabaf08fe2fdd9f355861f8ccc10cc9f675cd50c29fcc6fd1a58fc90
C:\Users\koush\OneDrive\Documents\archive (4)\Dataset\Stable_Mindset\ST_44.jpg,Stable_Mindset,True,1032,444,RGB,15ff8dfed38a70f8d93cdfb8033d361ea9455e6f08231ba225a7348ecf97d1ac
C:\Users\koush\OneDrive\Documents\archive (4)\Dataset\Stable_Mindset\ST_440.jpg,Stable_Mindset,True,497,291,RGB,fd520ef8cabaf08fe2fdd9f355861f8ccc10cc9f675cd50c29fcc6fd1a58fc90
C:\Users\koush\OneDrive\Documents\archive (4)\Dataset\Stable_Mindset\ST_444.jpg,Stable_Mindset,True,733,347,RGB,fa2cd9c5700c6d1330bcc10035b9cb306b297be4fd2c0878f4f502851a57571f
C:\Users\koush\OneDrive\Documents\archive (4)\Dataset\Stable_Mindset\ST_447.jpg,Stable_Mindset,True,907,515,RGB,2e90ad90db1de3aa73b3966cb3caa201ad3a2cdae261dc08a97ed8e671560ee2
C:\Users\koush\OneDrive\Documents\archive (4)\Dataset\Stable_Mindset\ST_448.jpg,Stable_Mindset,True,739,480,RGB,4f299dcaf6bacc6a1027a5bd2fffad519c90147eb325c0c6afaa1642288203b3
C:\Users\koush\OneDrive\Documents\archive (4)\Dataset\Stable_Mindset\ST_45.jpg,Stable_Mindset,True,890,449,RGB,5cc940ff05ce509356abfbd2ed37a4c86af5164ff6a5d86bd8aef94095c5a321
C:\Users\koush\OneDrive\Documents\archive (4)\Dataset\Stable_Mindset\ST_450.jpg,Stable_Mindset,True,907,515,RGB,2e90ad90db1de3aa73b3966cb3caa201ad3a2cdae261dc08a97ed8e671560ee2
C:\Users\koush\OneDrive\Documents\archive (4)\Dataset\Stable_Mindset\ST_451.jpg,Stable_Mindset,True,589,321,RGB,1dd85bd08db5036abbf9ae54e3a5fb9248c69f3758c4b26280fa65b1f88c0d31
C:\Users\koush\OneDrive\Documents\archive (4)\Dataset\Stable_Mindset\ST_452.jpg,Stable_Mindset,True,699,443,RGB,9994774d557c981c441ed2ff5ff969080e35296ff65e0604e22fc0a196be1f3c
C:\Users\koush\OneDrive\Documents\archive (4)\Dataset\Stable_Mindset\ST_453.jpg,Stable_Mindset,True,589,321,RGB,1dd85bd08db5036abbf9ae54e3a5fb9248c69f3758c4b26280fa65b1f88c0d31
C:\Users\koush\OneDrive\Documents\archive (4)\Dataset\Stable_Mindset\ST_454.jpg,Stable_Mindset,True,589,321,RGB,1dd85bd08db5036abbf9ae54e3a5fb9248c69f3758c4b26280fa65b1f88c0d31
C:\Users\koush\OneDrive\Documents\archive (4)\Dataset\Stable_Mindset\ST_455.jpg,Stable_Mindset,True,615,374,RGB,61f0a510a2bfdf09013c6ebd214f14e6df5c8678213afd4509ae0eea530840b8
C:\Users\koush\OneDrive\Documents\archive (4)\Dataset\Stable_Mindset\ST_458.jpg,Stable_Mindset,True,615,374,RGB,61f0a510a2bfdf09013c6ebd214f14e6df5c8678213afd4509ae0eea530840b8
C:\Users\koush\OneDrive\Documents\archive (4)\Dataset\Stable_Mindset\ST_459.jpg,Stable_Mindset,True,776,486,RGB,871dadcb4cf7e38a8449665cb92b25a9e004d350da15b9a4a3039eff44d4d07e
C:\Users\koush\OneDrive\Documents\archive (4)\Dataset\Stable_Mindset\ST_46.jpg,Stable_Mindset,True,893,437,RGB,41d981b8bfa6e09a984f25daa4c100e69eb04ef3dc620d3d5b69cb77c142ea0f
C:\Users\koush\OneDrive\Documents\archive (4)\Dataset\Stable_Mindset\ST_460.jpg,Stable_Mindset,True,615,374,RGB,61f0a510a2bfdf09013c6ebd214f14e6df5c8678213afd4509ae0eea530840b8
C:\Users\koush\OneDrive\Documents\archive (4)\Dataset\Stable_Mindset\ST_463.jpg,Stable_Mindset,True,698,419,RGB,d490c114d7a9250592c7816b17f90729eb59704025930717fa4c4bd4f072ae47
C:\Users\koush\OneDrive\Documents\archive (4)\Dataset\Stable_Mindset\ST_465.jpg,Stable_Mindset,True,698,419,RGB,d490c114d7a9250592c7816b17f90729eb59704025930717fa4c4bd4f072ae47
C:\Users\koush\OneDrive\Documents\archive (4)\Dataset\Stable_Mindset\ST_466.jpg,Stable_Mindset,True,698,419,RGB,d490c114d7a9250592c7816b17f90729eb59704025930717fa4c4bd4f072ae47
C:\Users\koush\OneDrive\Documents\archive (4)\Dataset\Stable_Mindset\ST_467.jpg,Stable_Mindset,True,742,462,RGB,9bea15bed65c2bb47448955d769212633c39e225ce6f6c69790a232e2c7a71be
C:\Users\koush\OneDrive\Documents\archive (4)\Dataset\Stable_Mindset\ST_468.jpg,Stable_Mindset,True,678,370,RGB,98b4f8183869a9815654447a5db15717c99635ac8bb2933517c0996b44d16499
C:\Users\koush\OneDrive\Documents\archive (4)\Dataset\Stable_Mindset\ST_469.jpg,Stable_Mindset,True,742,462,RGB,9bea15bed65c2bb47448955d769212633c39e225ce6f6c69790a232e2c7a71be
C:\Users\koush\OneDrive\Documents\archive (4)\Dataset\Stable_Mindset\ST_470.jpg,Stable_Mindset,True,742,462,RGB,9bea15bed65c2bb47448955d769212633c39e225ce6f6c69790a232e2c7a71be
C:\Users\koush\OneDrive\Documents\archive (4)\Dataset\Stable_Mindset\ST_471.jpg,Stable_Mindset,True,756,446,RGB,c0ee0012a25946aaf55ae35d26e8bd877399d4ae4a1ba6c97587b33777458020
C:\Users\koush\OneDrive\Documents\archive (4)\Dataset\Stable_Mindset\ST_472.jpg,Stable_Mindset,True,869,563,RGB,8eaf62d7a6f489bce975e76c8c0d3264d30d3d62811d70e7b59e04266ec57807
C:\Users\koush\OneDrive\Documents\archive (4)\Dataset\Stable_Mindset\ST_473.jpg,Stable_Mindset,True,756,446,RGB,c0ee0012a25946aaf55ae35d26e8bd877399d4ae4a1ba6c97587b33777458020
C:\Users\koush\OneDrive\Documents\archive (4)\Dataset\Stable_Mindset\ST_474.jpg,Stable_Mindset,True,756,446,RGB,c0ee0012a25946aaf55ae35d26e8bd877399d4ae4a1ba6c97587b33777458020
C:\Users\koush\OneDrive\Documents\archive (4)\Dataset\Stable_Mindset\ST_475.jpg,Stable_Mindset,True,822,453,RGB,2de83412a16a7471ecdaaf5bc9fe77fc86244529f5a0f39aba74a426c63f0665
C:\Users\koush\OneDrive\Documents\archive (4)\Dataset\Stable_Mindset\ST_476.jpg,Stable_Mindset,True,756,446,RGB,c0ee0012a25946aaf55ae35d26e8bd877399d4ae4a1ba6c97587b33777458020
C:\Users\koush\OneDrive\Documents\archive (4)\Dataset\Stable_Mindset\ST_477.jpg,Stable_Mindset,True,822,453,RGB,2de83412a16a7471ecdaaf5bc9fe77fc86244529f5a0f39aba74a426c63f0665
C:\Users\koush\OneDrive\Documents\archive (4)\Dataset\Stable_Mindset\ST_478.jpg,Stable_Mindset,True,821,434,RGB,6c81cbe0071402d26db9978e8ac1eb65194f8cd4be24c5b424d98f9267833921
C:\Users\koush\OneDrive\Documents\archive (4)\Dataset\Stable_Mindset\ST_479.jpg,Stable_Mindset,True,572,329,RGB,d9c579225f51cda6d3465b62df6f20ff6fc174fc1d9b270fe03fb60988dcce7a
C:\Users\koush\OneDrive\Documents\archive (4)\Dataset\Stable_Mindset\ST_48.jpg,Stable_Mindset,True,992,440,RGB,344deedea92bdce784869bc653c39dd839babd53196f4098bc2481ca6965b0f2
C:\Users\koush\OneDrive\Documents\archive (4)\Dataset\Stable_Mindset\ST_480.jpg,Stable_Mindset,True,822,453,RGB,2de83412a16a7471ecdaaf5bc9fe77fc86244529f5a0f39aba74a426c63f0665
C:\Users\koush\OneDrive\Documents\archive (4)\Dataset\Stable_Mindset\ST_481.jpg,Stable_Mindset,True,572,329,RGB,d9c579225f51cda6d3465b62df6f20ff6fc174fc1d9b270fe03fb60988dcce7a
C:\Users\koush\OneDrive\Documents\archive (4)\Dataset\Stable_Mindset\ST_482.jpg,Stable_Mindset,True,572,329,RGB,d9c579225f51cda6d3465b62df6f20ff6fc174fc1d9b270fe03fb60988dcce7a
C:\Users\koush\OneDrive\Documents\archive (4)\Dataset\Stable_Mindset\ST_483.jpg,Stable_Mindset,True,600,361,RGB,e9b835d7917f3cb0c02919329ea111e824249ef6cb387111505b25392d96789c
C:\Users\koush\OneDrive\Documents\archive (4)\Dataset\Stable_Mindset\ST_484.jpg,Stable_Mindset,True,572,329,RGB,d9c579225f51cda6d3465b62df6f20ff6fc174fc1d9b270fe03fb60988dcce7a
C:\Users\koush\OneDrive\Documents\archive (4)\Dataset\Stable_Mindset\ST_485.jpg,Stable_Mindset,True,600,361,RGB,e9b835d7917f3cb0c02919329ea111e824249ef6cb387111505b25392d96789c
C:\Users\koush\OneDrive\Documents\archive (4)\Dataset\Stable_Mindset\ST_491.jpg,Stable_Mindset,True,539,319,RGB,c5292a73d826f651bb7e766ee69322576107880426c35637d648c78ebfa5550c
C:\Users\koush\OneDrive\Documents\archive (4)\Dataset\Stable_Mindset\ST_492.jpg,Stable_Mindset,True,1031,597,RGB,39e5e77b877a48767484317fc495948def62d3045bf4043d41a164f046d64536
C:\Users\koush\OneDrive\Documents\archive (4)\Dataset\Stable_Mindset\ST_493.jpg,Stable_Mindset,True,539,319,RGB,c5292a73d826f651bb7e766ee69322576107880426c35637d648c78ebfa5550c
C:\Users\koush\OneDrive\Documents\archive (4)\Dataset\Stable_Mindset\ST_494.jpg,Stable_Mindset,True,539,319,RGB,c5292a73d826f651bb7e766ee69322576107880426c35637d648c78ebfa5550c
C:\Users\koush\OneDrive\Documents\archive (4)\Dataset\Stable_Mindset\ST_495.jpg,Stable_Mindset,True,557,322,RGB,beed0f61515e334c59ffa94ce70f254a3e2fe2f3339ac15f905a346b77e9ced6
C:\Users\koush\OneDrive\Documents\archive (4)\Dataset\Stable_Mindset\ST_496.jpg,Stable_Mindset,True,565,327,RGB,40f5aa5f12336b961ab6eaebb4a37864d12407ee46694281b2640364377ab07d
C:\Users\koush\OneDrive\Documents\archive (4)\Dataset\Stable_Mindset\ST_497.jpg,Stable_Mindset,True,557,322,RGB,beed0f61515e334c59ffa94ce70f254a3e2fe2f3339ac15f905a346b77e9ced6
C:\Users\koush\OneDrive\Documents\archive (4)\Dataset\Stable_Mindset\ST_498.jpg,Stable_Mindset,True,557,322,RGB,beed0f61515e334c59ffa94ce70f254a3e2fe2f3339ac15f905a346b77e9ced6
C:\Users\koush\OneDrive\Documents\archive (4)\Dataset\Stable_Mindset\ST_499.jpg,Stable_Mindset,True,825,525,RGB,f5f0a506dbc96896439f3c11a5c81e9d5ce258a5450be2b7debaf85feb540a03
C:\Users\koush\OneDrive\Documents\archive (4)\Dataset\Stable_Mindset\ST_5.jpg,Stable_Mindset,True,1472,592,RGB,1274643539923c4b923767e97786a3ea3498386fdd5f666ce352341c63423751
C:\Users\koush\OneDrive\Documents\archive (4)\Dataset\Stable_Mindset\ST_50.jpg,Stable_Mindset,True,787,424,RGB,5092a47ee7f2cb52f1b2ee29e48b3de5eeb82cd0779adda0d6c703316691f575
C:\Users\koush\OneDrive\Documents\archive (4)\Dataset\Stable_Mindset\ST_500.jpg,Stable_Mindset,True,564,272,RGB,9df8df70104649798635c04d3a9afb1a26760ec94ba6e31cc7925a71b49872bf
C:\Users\koush\OneDrive\Documents\archive (4)\Dataset\Stable_Mindset\ST_501.jpg,Stable_Mindset,True,825,525,RGB,f5f0a506dbc96896439f3c11a5c81e9d5ce258a5450be2b7debaf85feb540a03
C:\Users\koush\OneDrive\Documents\archive (4)\Dataset\Stable_Mindset\ST_502.jpg,Stable_Mindset,True,825,525,RGB,f5f0a506dbc96896439f3c11a5c81e9d5ce258a5450be2b7debaf85feb540a03
C:\Users\koush\OneDrive\Documents\archive (4)\Dataset\Stable_Mindset\ST_503.jpg,Stable_Mindset,True,795,446,RGB,a3731634892996583532e580c7779290dd611949e1035ca90378783fe2b731a0
C:\Users\koush\OneDrive\Documents\archive (4)\Dataset\Stable_Mindset\ST_504.jpg,Stable_Mindset,True,825,525,RGB,f5f0a506dbc96896439f3c11a5c81e9d5ce258a5450be2b7debaf85feb540a03
C:\Users\koush\OneDrive\Documents\archive (4)\Dataset\Stable_Mindset\ST_505.jpg,Stable_Mindset,True,795,446,RGB,a3731634892996583532e580c7779290dd611949e1035ca90378783fe2b731a0
C:\Users\koush\OneDrive\Documents\archive (4)\Dataset\Stable_Mindset\ST_506.jpg,Stable_Mindset,True,795,446,RGB,a3731634892996583532e580c7779290dd611949e1035ca90378783fe2b731a0
C:\Users\koush\OneDrive\Documents\archive (4)\Dataset\Stable_Mindset\ST_507.jpg,Stable_Mindset,True,781,472,RGB,2d855dc2f728f6993a99d68e5328af3abae8c3d37163cde43c2b01c28765d6e9
C:\Users\koush\OneDrive\Documents\archive (4)\Dataset\Stable_Mindset\ST_508.jpg,Stable_Mindset,True,607,356,RGB,5df32ed04f4589e3ddc7a78b73fb50004d7af1bc0b5ad2f07f6b618d00eff53e
C:\Users\koush\OneDrive\Documents\archive (4)\Dataset\Stable_Mindset\ST_509.jpg,Stable_Mindset,True,781,472,RGB,2d855dc2f728f6993a99d68e5328af3abae8c3d37163cde43c2b01c28765d6e9
C:\Users\koush\OneDrive\Documents\archive (4)\Dataset\Stable_Mindset\ST_51.jpg,Stable_Mindset,True,959,455,RGB,4519bcbf679d27d59e676b11f71956d9f68507e3cf36c94117822fe1aa3bcfef
C:\Users\koush\OneDrive\Documents\archive (4)\Dataset\Stable_Mindset\ST_510.jpg,Stable_Mindset,True,781,472,RGB,2d855dc2f728f6993a99d68e5328af3abae8c3d37163cde43c2b01c28765d6e9
C:\Users\koush\OneDrive\Documents\archive (4)\Dataset\Stable_Mindset\ST_511.jpg,Stable_Mindset,True,853,525,RGB,19f2bb835314854f52c8ca14083a650681d887302416ca56754c042cb94f77ae
C:\Users\koush\OneDrive\Documents\archive (4)\Dataset\Stable_Mindset\ST_512.jpg,Stable_Mindset,True,781,472,RGB,2d855dc2f728f6993a99d68e5328af3abae8c3d37163cde43c2b01c28765d6e9
C:\Users\koush\OneDrive\Documents\archive (4)\Dataset\Stable_Mindset\ST_513.jpg,Stable_Mindset,True,853,525,RGB,19f2bb835314854f52c8ca14083a650681d887302416ca56754c042cb94f77ae
C:\Users\koush\OneDrive\Documents\archive (4)\Dataset\Stable_Mindset\ST_514.jpg,Stable_Mindset,True,853,525,RGB,19f2bb835314854f52c8ca14083a650681d887302416ca56754c042cb94f77ae
C:\Users\koush\OneDrive\Documents\archive (4)\Dataset\Stable_Mindset\ST_515.jpg,Stable_Mindset,True,1162,507,RGB,73d3f42e1b567cfe12e8973bfe051220eb91c645460e18693c447a04b0f0e293
C:\Users\koush\OneDrive\Documents\archive (4)\Dataset\Stable_Mindset\ST_516.jpg,Stable_Mindset,True,818,504,RGB,16447119aedd82049e6d0f365be3b4b6c63ab8c74ba6fe86b62f2948dd0aa603
C:\Users\koush\OneDrive\Documents\archive (4)\Dataset\Stable_Mindset\ST_517.jpg,Stable_Mindset,True,1162,507,RGB,73d3f42e1b567cfe12e8973bfe051220eb91c645460e18693c447a04b0f0e293
C:\Users\koush\OneDrive\Documents\archive (4)\Dataset\Stable_Mindset\ST_518.jpg,Stable_Mindset,True,1162,507,RGB,73d3f42e1b567cfe12e8973bfe051220eb91c645460e18693c447a04b0f0e293
C:\Users\koush\OneDrive\Documents\archive (4)\Dataset\Stable_Mindset\ST_519.jpg,Stable_Mindset,True,1183,662,RGB,b467103c4b49eea1ae3b630268b4f426e05e50367ebc2675f4ba2aaccc526a65
C:\Users\koush\OneDrive\Documents\archive (4)\Dataset\Stable_Mindset\ST_52.jpg,Stable_Mindset,True,959,455,RGB,4519bcbf679d27d59e676b11f71956d9f68507e3cf36c94117822fe1aa3bcfef
C:\Users\koush\OneDrive\Documents\archive (4)\Dataset\Stable_Mindset\ST_520.jpg,Stable_Mindset,True,1162,507,RGB,73d3f42e1b567cfe12e8973bfe051220eb91c645460e18693c447a04b0f0e293
C:\Users\koush\OneDrive\Documents\archive (4)\Dataset\Stable_Mindset\ST_521.jpg,Stable_Mindset,True,1183,662,RGB,b467103c4b49eea1ae3b630268b4f426e05e50367ebc2675f4ba2aaccc526a65
C:\Users\koush\OneDrive\Documents\archive (4)\Dataset\Stable_Mindset\ST_522.jpg,Stable_Mindset,True,1183,662,RGB,b467103c4b49eea1ae3b630268b4f426e05e50367ebc2675f4ba2aaccc526a65
C:\Users\koush\OneDrive\Documents\archive (4)\Dataset\Stable_Mindset\ST_523.jpg,Stable_Mindset,True,1660,953,RGB,6e28ab04f1ea03719d0339320ec4d454ea90193669585988689ab7fa386237e3
C:\Users\koush\OneDrive\Documents\archive (4)\Dataset\Stable_Mindset\ST_524.jpg,Stable_Mindset,True,881,477,RGB,bd5daadeb0fed8f2577108bdc619976e171a5ed117529b4a993490777b0f47db
C:\Users\koush\OneDrive\Documents\archive (4)\Dataset\Stable_Mindset\ST_525.jpg,Stable_Mindset,True,1660,953,RGB,6e28ab04f1ea03719d0339320ec4d454ea90193669585988689ab7fa386237e3
C:\Users\koush\OneDrive\Documents\archive (4)\Dataset\Stable_Mindset\ST_526.jpg,Stable_Mindset,True,1660,953,RGB,6e28ab04f1ea03719d0339320ec4d454ea90193669585988689ab7fa386237e3
C:\Users\koush\OneDrive\Documents\archive (4)\Dataset\Stable_Mindset\ST_527.jpg,Stable_Mindset,True,1460,827,RGB,74b988db192994f5050922dcfc42f0bae620d770007874d74817791857b0e293
C:\Users\koush\OneDrive\Documents\archive (4)\Dataset\Stable_Mindset\ST_528.jpg,Stable_Mindset,True,1660,953,RGB,6e28ab04f1ea03719d0339320ec4d454ea90193669585988689ab7fa386237e3
C:\Users\koush\OneDrive\Documents\archive (4)\Dataset\Stable_Mindset\ST_529.jpg,Stable_Mindset,True,1460,827,RGB,74b988db192994f5050922dcfc42f0bae620d770007874d74817791857b0e293
C:\Users\koush\OneDrive\Documents\archive (4)\Dataset\Stable_Mindset\ST_530.jpg,Stable_Mindset,True,1460,827,RGB,74b988db192994f5050922dcfc42f0bae620d770007874d74817791857b0e293
C:\Users\koush\OneDrive\Documents\archive (4)\Dataset\Stable_Mindset\ST_532.jpg,Stable_Mindset,True,1371,704,RGB,6a1680c68bca8becf6221feaeeb94d51f96601bb87407dc79b12d98df613259e
C:\Users\koush\OneDrive\Documents\archive (4)\Dataset\Stable_Mindset\ST_535.jpg,Stable_Mindset,True,1035,602,RGB,ee04b61f78a339e6275836d9f89e4b4f0d4015fe86492862dff9c2dc3d7f029c
C:\Users\koush\OneDrive\Documents\archive (4)\Dataset\Stable_Mindset\ST_537.jpg,Stable_Mindset,True,1035,602,RGB,ee04b61f78a339e6275836d9f89e4b4f0d4015fe86492862dff9c2dc3d7f029c
C:\Users\koush\OneDrive\Documents\archive (4)\Dataset\Stable_Mindset\ST_538.jpg,Stable_Mindset,True,1035,602,RGB,ee04b61f78a339e6275836d9f89e4b4f0d4015fe86492862dff9c2dc3d7f029c
C:\Users\koush\OneDrive\Documents\archive (4)\Dataset\Stable_Mindset\ST_539.jpg,Stable_Mindset,True,965,484,RGB,53a77f8775b2dc881a7133a048ffa3b9fd1bb7264f2abfe7675dac8f1bc84209
C:\Users\koush\OneDrive\Documents\archive (4)\Dataset\Stable_Mindset\ST_54.jpg,Stable_Mindset,True,738,320,RGB,fbe246cf20c31118e3807198f321bcf991e3c3ec04550815f3e0f928366afcf8
C:\Users\koush\OneDrive\Documents\archive (4)\Dataset\Stable_Mindset\ST_540.jpg,Stable_Mindset,True,974,618,RGB,fc9e9ad33c73864191b4fc05b31eaa2740602d45918b15d61545a3f510d7706a
C:\Users\koush\OneDrive\Documents\archive (4)\Dataset\Stable_Mindset\ST_541.jpg,Stable_Mindset,True,965,484,RGB,53a77f8775b2dc881a7133a048ffa3b9fd1bb7264f2abfe7675dac8f1bc84209
C:\Users\koush\OneDrive\Documents\archive (4)\Dataset\Stable_Mindset\ST_542.jpg,Stable_Mindset,True,965,484,RGB,53a77f8775b2dc881a7133a048ffa3b9fd1bb7264f2abfe7675dac8f1bc84209
C:\Users\koush\OneDrive\Documents\archive (4)\Dataset\Stable_Mindset\ST_543.jpg,Stable_Mindset,True,728,430,RGB,885b02f8d89e5c75f933490e421766ba02c2aff3d39148742275a5dbb211249e
C:\Users\koush\OneDrive\Documents\archive (4)\Dataset\Stable_Mindset\ST_544.jpg,Stable_Mindset,True,916,459,RGB,f134c11af32ce1a919472838153c0ab487cfdffe42638e9a90cff6accd22bd90
C:\Users\koush\OneDrive\Documents\archive (4)\Dataset\Stable_Mindset\ST_545.jpg,Stable_Mindset,True,728,430,RGB,885b02f8d89e5c75f933490e421766ba02c2aff3d39148742275a5dbb211249e
C:\Users\koush\OneDrive\Documents\archive (4)\Dataset\Stable_Mindset\ST_546.jpg,Stable_Mindset,True,728,430,RGB,885b02f8d89e5c75f933490e421766ba02c2aff3d39148742275a5dbb211249e
C:\Users\koush\OneDrive\Documents\archive (4)\Dataset\Stable_Mindset\ST_547.jpg,Stable_Mindset,True,1191,584,RGB,0dce158b4d992a1d3c63289d27ac72e745131196bee3289f1600b76e4d9f6152
C:\Users\koush\OneDrive\Documents\archive (4)\Dataset\Stable_Mindset\ST_548.jpg,Stable_Mindset,True,728,430,RGB,885b02f8d89e5c75f933490e421766ba02c2aff3d39148742275a5dbb211249e
C:\Users\koush\OneDrive\Documents\archive (4)\Dataset\Stable_Mindset\ST_549.jpg,Stable_Mindset,True,1191,584,RGB,0dce158b4d992a1d3c63289d27ac72e745131196bee3289f1600b76e4d9f6152
C:\Users\koush\OneDrive\Documents\archive (4)\Dataset\Stable_Mindset\ST_55.jpg,Stable_Mindset,True,738,320,RGB,fbe246cf20c31118e3807198f321bcf991e3c3ec04550815f3e0f928366afcf8
C:\Users\koush\OneDrive\Documents\archive (4)\Dataset\Stable_Mindset\ST_550.jpg,Stable_Mindset,True,1191,584,RGB,0dce158b4d992a1d3c63289d27ac72e745131196bee3289f1600b76e4d9f6152
C:\Users\koush\OneDrive\Documents\archive (4)\Dataset\Stable_Mindset\ST_551.jpg,Stable_Mindset,True,1126,627,RGB,39ddf4073f9a34d685e347dbeaed82344b41c249cc9aff2871b5083ec5181402
C:\Users\koush\OneDrive\Documents\archive (4)\Dataset\Stable_Mindset\ST_552.jpg,Stable_Mindset,True,1131,685,RGB,80e9cb337b98d14d63dd5a3fd3a8971369360f77dfa108db87ecbbb3736d247e
C:\Users\koush\OneDrive\Documents\archive (4)\Dataset\Stable_Mindset\ST_553.jpg,Stable_Mindset,True,1126,627,RGB,39ddf4073f9a34d685e347dbeaed82344b41c249cc9aff2871b5083ec5181402
C:\Users\koush\OneDrive\Documents\archive (4)\Dataset\Stable_Mindset\ST_554.jpg,Stable_Mindset,True,1126,627,RGB,39ddf4073f9a34d685e347dbeaed82344b41c249cc9aff2871b5083ec5181402
C:\Users\koush\OneDrive\Documents\archive (4)\Dataset\Stable_Mindset\ST_555.jpg,Stable_Mindset,True,453,263,RGB,539c986cbe720692e08279c2b0764245dbcff829fcd4ae2a646b89303cbf8ba2
C:\Users\koush\OneDrive\Documents\archive (4)\Dataset\Stable_Mindset\ST_556.jpg,Stable_Mindset,True,1018,585,RGB,ce90d7388d0952f5c33eb5e6e38df4760d2d0517f87aa444e6f4b3a830551940
C:\Users\koush\OneDrive\Documents\archive (4)\Dataset\Stable_Mindset\ST_56.jpg,Stable_Mindset,True,738,320,RGB,fbe246cf20c31118e3807198f321bcf991e3c3ec04550815f3e0f928366afcf8
C:\Users\koush\OneDrive\Documents\archive (4)\Dataset\Stable_Mindset\ST_561.jpg,Stable_Mindset,True,190,56,RGB,e0fd30326518c6adef044e6653462b8f989d8bbc730a9a120094262b749c46f2
C:\Users\koush\OneDrive\Documents\archive (4)\Dataset\Stable_Mindset\ST_562.jpg,Stable_Mindset,True,272,84,RGB,bd924f3ef3dee31977192bd414616a41b374935e7fd470f154760f30d4d65c84
C:\Users\koush\OneDrive\Documents\archive (4)\Dataset\Stable_Mindset\ST_563.jpg,Stable_Mindset,True,196,95,RGB,cd04a9cc5d9480727de3931035fc9b727cae213cad3fa6b48c5ed9b17776d5bd
C:\Users\koush\OneDrive\Documents\archive (4)\Dataset\Stable_Mindset\ST_564.jpg,Stable_Mindset,True,195,108,RGB,a76f82167ed8e1478a0cfd312f67a8335e55ca0d90d1999878082083b449582d
C:\Users\koush\OneDrive\Documents\archive (4)\Dataset\Stable_Mindset\ST_565.jpg,Stable_Mindset,True,237,84,RGB,6bc46624bdec03d23ddce604cacdce856e5349ebe385f8a741b80219c35a73e9
C:\Users\koush\OneDrive\Documents\archive (4)\Dataset\Stable_Mindset\ST_567.jpg,Stable_Mindset,True,284,91,RGB,20871828868e2af2b6afca4dc00f94875efbdad8b30c42083fb2a149d0cdbd6b
C:\Users\koush\OneDrive\Documents\archive (4)\Dataset\Stable_Mindset\ST_568.jpg,Stable_Mindset,True,280,96,RGB,a38bcff5bf320478ffac596e83b4637e2223af6bfda11fff17ae68a62ee3db13
C:\Users\koush\OneDrive\Documents\archive (4)\Dataset\Stable_Mindset\ST_57.jpg,Stable_Mindset,True,907,392,RGB,b610b3833b4c5de19dfe5e678ad2c210d4fcf6bb668c7901d6a1303252abff2b
C:\Users\koush\OneDrive\Documents\archive (4)\Dataset\Stable_Mindset\ST_570.jpg,Stable_Mindset,True,264,180,RGB,6951a90fe80aca65db19a9ea7fce69478519a8f9dfd3832d46c7a3639592cb7b
C:\Users\koush\OneDrive\Documents\archive (4)\Dataset\Stable_Mindset\ST_573.jpg,Stable_Mindset,True,256,96,RGB,d642208b3c00fa1388f29696cd2bea3c2ab6e99d5b9b130d371234c56fb8e1ea
C:\Users\koush\OneDrive\Documents\archive (4)\Dataset\Stable_Mindset\ST_574.jpg,Stable_Mindset,True,196,104,RGB,0262b4d17d36b889d0b643d56c845b1c8884a0cb6474a4b8c63c9729a5ba80c4
C:\Users\koush\OneDrive\Documents\archive (4)\Dataset\Stable_Mindset\ST_575.jpg,Stable_Mindset,True,272,84,RGB,bd924f3ef3dee31977192bd414616a41b374935e7fd470f154760f30d4d65c84
C:\Users\koush\OneDrive\Documents\archive (4)\Dataset\Stable_Mindset\ST_576.jpg,Stable_Mindset,True,232,100,RGB,5e245fe37ca749dc6e876bfb95cbc8e87be35b46574c9db87bd31bdbbba01535
C:\Users\koush\OneDrive\Documents\archive (4)\Dataset\Stable_Mindset\ST_578.jpg,Stable_Mindset,True,284,90,RGB,96162db72d05cfe0180c002779900ae8d152802f97b0640d321218861a565cd5
C:\Users\koush\OneDrive\Documents\archive (4)\Dataset\Stable_Mindset\ST_583.jpg,Stable_Mindset,True,264,180,RGB,6951a90fe80aca65db19a9ea7fce69478519a8f9dfd3832d46c7a3639592cb7b
C:\Users\koush\OneDrive\Documents\archive (4)\Dataset\Stable_Mindset\ST_587.jpg,Stable_Mindset,True,328,80,RGB,4510d1f2399d7698d23265c8fb8d21e8fd9974597a437268e19114314b461dc2
C:\Users\koush\OneDrive\Documents\archive (4)\Dataset\Stable_Mindset\ST_589.jpg,Stable_Mindset,True,248,88,RGB,08fd9eca11192e4c4f1b8014c8d3590f50824c44d533a31231b85150ff105570
C:\Users\koush\OneDrive\Documents\archive (4)\Dataset\Stable_Mindset\ST_59.jpg,Stable_Mindset,True,896,367,RGB,e53319002cce086fdf471c867f45c9a26b9f8da2298f4674de8817f2e09b44e4
C:\Users\koush\OneDrive\Documents\archive (4)\Dataset\Stable_Mindset\ST_590.jpg,Stable_Mindset,True,295,135,RGB,33f0d1fa9a817397cb83bcaf85f3203441c8b2ee6a8fb3d91f3817d39754bd9b
C:\Users\koush\OneDrive\Documents\archive (4)\Dataset\Stable_Mindset\ST_591.jpg,Stable_Mindset,True,324,60,RGB,e6dbab33eb66158b8e8bbf85a43e8d43e5d0ff437e6e9a390bfcb8e02f3c842e
C:\Users\koush\OneDrive\Documents\archive (4)\Dataset\Stable_Mindset\ST_592.jpg,Stable_Mindset,True,313,117,RGB,c36e2a539c0386b7a714082b1f86c5550b54e2e10284ca8b636b334273362924
C:\Users\koush\OneDrive\Documents\archive (4)\Dataset\Stable_Mindset\ST_593.jpg,Stable_Mindset,True,235,127,RGB,61175aad35a0226c79e1a2d4f6a7fb385a8973e926a85a0045461d7afdf6998a
C:\Users\koush\OneDrive\Documents\archive (4)\Dataset\Stable_Mindset\ST_594.jpg,Stable_Mindset,True,373,121,RGB,822d487218159853e06c3fa833e0823154ad97dfd77b525e87a96a46f7bb9baf
C:\Users\koush\OneDrive\Documents\archive (4)\Dataset\Stable_Mindset\ST_595.jpg,Stable_Mindset,True,299,135,RGB,6cb225b4e0e8d282e964e602bc91ae9a8656b9eaf8bfa49d2df9177863dbfeef
C:\Users\koush\OneDrive\Documents\archive (4)\Dataset\Stable_Mindset\ST_596.jpg,Stable_Mindset,True,336,108,RGB,7af39576028a5ce75c69b840e1903c361a8df391b59525b650517230327d2034
C:\Users\koush\OneDrive\Documents\archive (4)\Dataset\Stable_Mindset\ST_598.jpg,Stable_Mindset,True,265,105,RGB,781ffc238c672d779082b6ad5e9bb8eec74bb03829c5c4f22122a3ae9259eef8
C:\Users\koush\OneDrive\Documents\archive (4)\Dataset\Stable_Mindset\ST_599.jpg,Stable_Mindset,True,369,121,RGB,5707bf64da5fc4edec4f1ecac3e9165b5bdbb9299e037c79261cde490823c6b4
C:\Users\koush\OneDrive\Documents\archive (4)\Dataset\Stable_Mindset\ST_60.jpg,Stable_Mindset,True,938,414,RGB,e6c2cab1e452aeb03a780b9fa796806e162f9ba70637880ee424196c33f8f8a3
C:\Users\koush\OneDrive\Documents\archive (4)\Dataset\Stable_Mindset\ST_600.jpg,Stable_Mindset,True,371,121,RGB,1b9ea4108ba74469e84581f529812688fc4269e093ff67ce63672ffd714d33cf
C:\Users\koush\OneDrive\Documents\archive (4)\Dataset\Stable_Mindset\ST_601.jpg,Stable_Mindset,True,388,156,RGB,199917d99e210765f156ca8ea7541a9020fe1070b59316fdb5e6aa164551425b
C:\Users\koush\OneDrive\Documents\archive (4)\Dataset\Stable_Mindset\ST_602.jpg,Stable_Mindset,True,222,126,RGB,a215042eef03cc738212e51ad226d512aae7abbcec4ac26fd4ca8cc7ef054e42
C:\Users\koush\OneDrive\Documents\archive (4)\Dataset\Stable_Mindset\ST_603.jpg,Stable_Mindset,True,424,100,RGB,4a2e108d11fc243a438c8c721a83db4dfa7c1785f3ce56724b1ba696491648a7
C:\Users\koush\OneDrive\Documents\archive (4)\Dataset\Stable_Mindset\ST_604.jpg,Stable_Mindset,True,220,116,RGB,c15f62a2f21470be719f7e26d82e5bd23ae9ddfe1f80597ef4c2e51b91f5be2e
C:\Users\koush\OneDrive\Documents\archive (4)\Dataset\Stable_Mindset\ST_607.jpg,Stable_Mindset,True,247,102,RGB,cbe6dc83f8d35541c3e937e950859ed92b01d785e7327f2597fa6a26acf49e12
C:\Users\koush\OneDrive\Documents\archive (4)\Dataset\Stable_Mindset\ST_608.jpg,Stable_Mindset,True,663,224,RGB,627cb5015cd74f2f0371d360375987b0c58d6e4542071d30da7bbb5f153202a8
C:\Users\koush\OneDrive\Documents\archive (4)\Dataset\Stable_Mindset\ST_609.jpg,Stable_Mindset,True,889,300,RGB,1b99227f5c0c96cabf69f23a8820bfcbdfea201054312c399d4cdf7395453a93
C:\Users\koush\OneDrive\Documents\archive (4)\Dataset\Stable_Mindset\ST_61.jpg,Stable_Mindset,True,878,410,RGB,8b524c6b56e127af7bce9f9a31cabde5e9f5d546eeeddda88e7f2905a0ac0852
C:\Users\koush\OneDrive\Documents\archive (4)\Dataset\Stable_Mindset\ST_610.jpg,Stable_Mindset,True,631,224,RGB,b1410a3af0d24879ec588121a20b81cc3ba86633926cbd6287eb7b986b8ebffe
C:\Users\koush\OneDrive\Documents\archive (4)\Dataset\Stable_Mindset\ST_611.jpg,Stable_Mindset,True,549,300,RGB,ef26edecab96f5b2a15a58fc7b71b19e859231bb014172e241797db05f53bbc6
C:\Users\koush\OneDrive\Documents\archive (4)\Dataset\Stable_Mindset\ST_612.jpg,Stable_Mindset,True,791,269,RGB,4c93e7ebf93287ca246f4ea06f5de3372281a74daebe4e890ccac5045f336f25
C:\Users\koush\OneDrive\Documents\archive (4)\Dataset\Stable_Mindset\ST_613.jpg,Stable_Mindset,True,184,100,RGB,cc510be3afef8233bed5a6135e63f96a15527771dfc7993e28a6e531a06a9ab4
C:\Users\koush\OneDrive\Documents\archive (4)\Dataset\Stable_Mindset\ST_614.jpg,Stable_Mindset,True,424,100,RGB,4a2e108d11fc243a438c8c721a83db4dfa7c1785f3ce56724b1ba696491648a7
C:\Users\koush\OneDrive\Documents\archive (4)\Dataset\Stable_Mindset\ST_615.jpg,Stable_Mindset,True,228,124,RGB,9afd311c54e3e523a982cec71c97edc0df4db2bdadfd5a081c755f190f7a780e
C:\Users\koush\OneDrive\Documents\archive (4)\Dataset\Stable_Mindset\ST_616.jpg,Stable_Mindset,True,252,88,RGB,8344f05e6477ef6edfbfa81158de0fdab96a3df746371feef42eec978ac5a4a0
C:\Users\koush\OneDrive\Documents\archive (4)\Dataset\Stable_Mindset\ST_617.jpg,Stable_Mindset,True,502,224,RGB,0c8b4808b63e5967355751ad4a3eac57d7c7b9c592ceb94a27697ea995b758ad
C:\Users\koush\OneDrive\Documents\archive (4)\Dataset\Stable_Mindset\ST_618.jpg,Stable_Mindset,True,246,99,RGB,5fd9dbc1ce445b639b56b4e6ba91d5208fd4d46665d79781172de4ae594e1d11
C:\Users\koush\OneDrive\Documents\archive (4)\Dataset\Stable_Mindset\ST_619.jpg,Stable_Mindset,True,260,105,RGB,d09c4349bc2c5ebcc733b8d6641c8411bfb8f321958cebb1553dc9f605113d38
C:\Users\koush\OneDrive\Documents\archive (4)\Dataset\Stable_Mindset\ST_620.jpg,Stable_Mindset,True,212,111,RGB,cfcb2562b1c6a32ff7a114420348e8c73632525713b0cd9205d5917cfdbe787e
C:\Users\koush\OneDrive\Documents\archive (4)\Dataset\Stable_Mindset\ST_621.jpg,Stable_Mindset,True,188,131,RGB,f6f8cadde0bf53d211745fb2b3328b2113bfaba1383d9f1296efe88b83444cd5
C:\Users\koush\OneDrive\Documents\archive (4)\Dataset\Stable_Mindset\ST_623.jpg,Stable_Mindset,True,221,141,RGB,5fba6de9cc1b7d2d7d318bf19ed6f87a7333fca512d1f86287d106a5b54621d2
C:\Users\koush\OneDrive\Documents\archive (4)\Dataset\Stable_Mindset\ST_624.jpg,Stable_Mindset,True,594,224,RGB,258a32521e472b94b30987973d14e2a867823391fa5214a026ba2a745f6f423f
C:\Users\koush\OneDrive\Documents\archive (4)\Dataset\Stable_Mindset\ST_625.jpg,Stable_Mindset,True,509,201,RGB,60a42935a911c26ffd41efdc7eee6cb8878286f8aa67ebdd54d4faad710d2bb9
C:\Users\koush\OneDrive\Documents\archive (4)\Dataset\Stable_Mindset\ST_626.jpg,Stable_Mindset,True,228,124,RGB,9afd311c54e3e523a982cec71c97edc0df4db2bdadfd5a081c755f190f7a780e
C:\Users\koush\OneDrive\Documents\archive (4)\Dataset\Stable_Mindset\ST_627.jpg,Stable_Mindset,True,308,104,RGB,9c4b8c1e890afb68e46026404cc7a398a8121865b8375f20328f2f54951e11dc
C:\Users\koush\OneDrive\Documents\archive (4)\Dataset\Stable_Mindset\ST_628.jpg,Stable_Mindset,True,244,92,RGB,762d56d0a931d640ce168b70fcaf8a2b8f53b91ac0a8b557017549c606bfc80f
C:\Users\koush\OneDrive\Documents\archive (4)\Dataset\Stable_Mindset\ST_63.jpg,Stable_Mindset,True,984,443,RGB,6309b2681f0ae68286edbb2ad99940b8b7b0ec229384af854decac81125bbea6
C:\Users\koush\OneDrive\Documents\archive (4)\Dataset\Stable_Mindset\ST_632.jpg,Stable_Mindset,True,156,76,RGB,652ecc451ec676bc2bc1aa5520539c34157d43b3177bb76cb2fdb0dc8eed11e1
C:\Users\koush\OneDrive\Documents\archive (4)\Dataset\Stable_Mindset\ST_634.jpg,Stable_Mindset,True,248,88,RGB,34ebdc6b14cf7203326de7335e4e1bb13c62145037ef51c67a4951dcf007e089
C:\Users\koush\OneDrive\Documents\archive (4)\Dataset\Stable_Mindset\ST_638.jpg,Stable_Mindset,True,260,84,RGB,c01c149842c3f4f72174ccf966748884f8edd818c928d0d431c50f16d97752bf
C:\Users\koush\OneDrive\Documents\archive (4)\Dataset\Stable_Mindset\ST_639.jpg,Stable_Mindset,True,316,116,RGB,2bd398f9ab1e7b2eac1796eca5d548bee2b7d8a2524e4de6743b115fe0d91476
C:\Users\koush\OneDrive\Documents\archive (4)\Dataset\Stable_Mindset\ST_64.jpg,Stable_Mindset,True,984,443,RGB,6309b2681f0ae68286edbb2ad99940b8b7b0ec229384af854decac81125bbea6
C:\Users\koush\OneDrive\Documents\archive (4)\Dataset\Stable_Mindset\ST_640.jpg,Stable_Mindset,True,180,80,RGB,5b6429a108ff559e586e9a653e2a899e3861433ab4a14aa099710233f0164e5c
C:\Users\koush\OneDrive\Documents\archive (4)\Dataset\Stable_Mindset\ST_641.jpg,Stable_Mindset,True,144,84,RGB,f5945476fe815c84378db71be8d4a26ff9747e10473857367a65662b2d3ef20c
C:\Users\koush\OneDrive\Documents\archive (4)\Dataset\Stable_Mindset\ST_643.jpg,Stable_Mindset,True,248,84,RGB,25a08b0a5cc66c56b8e947532fd8aedf1ca8ac6987be4e3696c5444fa5ef8a77
C:\Users\koush\OneDrive\Documents\archive (4)\Dataset\Stable_Mindset\ST_644.jpg,Stable_Mindset,True,160,88,RGB,1e2082e077ae66f024ec3acf745c368d2ae649d5f879dbdc068536916d3da552
C:\Users\koush\OneDrive\Documents\archive (4)\Dataset\Stable_Mindset\ST_645.jpg,Stable_Mindset,True,140,84,RGB,d5fd16cedfb50b5f428053f1a13c1d2f602fc88a01110927e5e74439d4754692
C:\Users\koush\OneDrive\Documents\archive (4)\Dataset\Stable_Mindset\ST_646.jpg,Stable_Mindset,True,176,76,RGB,e92e2342068108404918388e3385783dcc003254f13a03ee67535d055a7fee95
C:\Users\koush\OneDrive\Documents\archive (4)\Dataset\Stable_Mindset\ST_647.jpg,Stable_Mindset,True,208,72,RGB,e4b0ee1ae8c339e723b8f93ba61a5147b9d00f22fb7a4d03bd1cbada80abf6ff
C:\Users\koush\OneDrive\Documents\archive (4)\Dataset\Stable_Mindset\ST_648.jpg,Stable_Mindset,True,168,120,RGB,a7e49d699089debc0b92f0b39aacceea04819ed7cdc76bbef86b54f4c7dccb24
C:\Users\koush\OneDrive\Documents\archive (4)\Dataset\Stable_Mindset\ST_649.jpg,Stable_Mindset,True,180,92,RGB,04beef868f27f184b95d7974227991bca37ee430f0babe5b86d273754e02862c
C:\Users\koush\OneDrive\Documents\archive (4)\Dataset\Stable_Mindset\ST_65.jpg,Stable_Mindset,True,879,359,RGB,da62def1c2780151d4be040700f7afcab6fcf67ea092a256208a63d0fec8c239
C:\Users\koush\OneDrive\Documents\archive (4)\Dataset\Stable_Mindset\ST_654 (1).jpg,Stable_Mindset,True,312,178,RGB,7319088fec9d4c05ca0c2dae75f53f2df54b7f702d66cee0b6e245e7713291fb
C:\Users\koush\OneDrive\Documents\archive (4)\Dataset\Stable_Mindset\ST_658.jpg,Stable_Mindset,True,172,76,RGB,3295989891fd9ecb99765b6bb12cb50fab2f1afe60bfc3ddfb3a83f5a2375ae1
C:\Users\koush\OneDrive\Documents\archive (4)\Dataset\Stable_Mindset\ST_659.jpg,Stable_Mindset,True,156,88,RGB,652b0dc7b73b243b7364af33920be23a378862a103ade7c3166d7c0b60be6b16
C:\Users\koush\OneDrive\Documents\archive (4)\Dataset\Stable_Mindset\ST_66.jpg,Stable_Mindset,True,999,460,RGB,dbf8660ec78f362b884adff70a564cbcc78942bf6faa75d69b1f337e3967a14c
C:\Users\koush\OneDrive\Documents\archive (4)\Dataset\Stable_Mindset\ST_660.jpg,Stable_Mindset,True,276,116,RGB,d47d51866f969e96aa371870733308cbbb95c6dbb48e48234f4bb33740f06287
C:\Users\koush\OneDrive\Documents\archive (4)\Dataset\Stable_Mindset\ST_661.jpg,Stable_Mindset,True,208,76,RGB,3b69ae8b382b93d5a7f7da3c61b03ef17dbef9e20aba6a5b11ed3ceb8933a138
C:\Users\koush\OneDrive\Documents\archive (4)\Dataset\Stable_Mindset\ST_662.jpg,Stable_Mindset,True,204,96,RGB,dd16dfc587a5218a39b19ab5398ce856e37ea087147a6216d78dd689c2178218
C:\Users\koush\OneDrive\Documents\archive (4)\Dataset\Stable_Mindset\ST_663.jpg,Stable_Mindset,True,268,132,RGB,81cdfe1ed6c28a678f7e2e84d7ffec632fe6a826c0a0da2f5028576aa2959392
C:\Users\koush\OneDrive\Documents\archive (4)\Dataset\Stable_Mindset\ST_664.jpg,Stable_Mindset,True,192,96,RGB,c13f75df52229006da988027f6eb22849f7c02294f9db4db86322eba227b383b
C:\Users\koush\OneDrive\Documents\archive (4)\Dataset\Stable_Mindset\ST_665.jpg,Stable_Mindset,True,192,92,RGB,ea57f3a668f8534c2d097e53183405a7b183ef67d92b1d3abc0fdaa9782fef4d
C:\Users\koush\OneDrive\Documents\archive (4)\Dataset\Stable_Mindset\ST_666.jpg,Stable_Mindset,True,176,76,RGB,e92e2342068108404918388e3385783dcc003254f13a03ee67535d055a7fee95
C:\Users\koush\OneDrive\Documents\archive (4)\Dataset\Stable_Mindset\ST_667.jpg,Stable_Mindset,True,236,76,RGB,e4d2ff4de604a38a25c4384204bdc9ac19b697fef45a43b1783dad1cbfaa6099
C:\Users\koush\OneDrive\Documents\archive (4)\Dataset\Stable_Mindset\ST_668.jpg,Stable_Mindset,True,160,100,RGB,3af9abff6e46ee75b7a2b0b88fc83675308f2b144dfd203651c2dbcd2399d351
C:\Users\koush\OneDrive\Documents\archive (4)\Dataset\Stable_Mindset\ST_669.jpg,Stable_Mindset,True,160,120,RGB,018237ff5cb406dd299a3cb8a287c2c6c428aa0385bcaf623c2019ee255584f0
C:\Users\koush\OneDrive\Documents\archive (4)\Dataset\Stable_Mindset\ST_670.jpg,Stable_Mindset,True,747,282,RGB,ebf4edcff7aecc3ff2abb8c20c8491cb652c374c95ed62fe4a8a39ac986768c8
C:\Users\koush\OneDrive\Documents\archive (4)\Dataset\Stable_Mindset\ST_671.jpg,Stable_Mindset,True,516,269,RGB,f917bcb314626ec51de54c08497b962688006c505a0fde2f83830e35c2f856ac
C:\Users\koush\OneDrive\Documents\archive (4)\Dataset\Stable_Mindset\ST_672.jpg,Stable_Mindset,True,691,300,RGB,c861a57c5b2bd0ea7f96b95ea72929b9414015490b94c00c734d020963750028
C:\Users\koush\OneDrive\Documents\archive (4)\Dataset\Stable_Mindset\ST_673.jpg,Stable_Mindset,True,702,288,RGB,ccaa4aac3f6b0d91ab3fd08deaba2b8c8d32749d6323f85da2959a62a22e5871
C:\Users\koush\OneDrive\Documents\archive (4)\Dataset\Stable_Mindset\ST_674.jpg,Stable_Mindset,True,453,267,RGB,ea7b2c807b0ed9d0129a1318d00812b945a85ffd2138ae07b07429f2270e6a91
C:\Users\koush\OneDrive\Documents\archive (4)\Dataset\Stable_Mindset\ST_675.jpg,Stable_Mindset,True,438,278,RGB,10131ca39a7fda3dff3a6ede19ed574a0316392047ab462ad7d14723af89ad7b
C:\Users\koush\OneDrive\Documents\archive (4)\Dataset\Stable_Mindset\ST_676.jpg,Stable_Mindset,True,551,300,RGB,5aa089a59c0741693e5f9795ea6aeca233d1d2baf68fc5f5cd3d2843e03b8e03
C:\Users\koush\OneDrive\Documents\archive (4)\Dataset\Stable_Mindset\ST_677.jpg,Stable_Mindset,True,505,275,RGB,cf0a6fc196e3a178b894569eb0d052bd2e145183ab688611b86fac210580e9ed
C:\Users\koush\OneDrive\Documents\archive (4)\Dataset\Stable_Mindset\ST_678.jpg,Stable_Mindset,True,501,285,RGB,c4b243792b3c69b9763172ff794bbcbd9249f705a57c16ccd48118db9bec671c
C:\Users\koush\OneDrive\Documents\archive (4)\Dataset\Stable_Mindset\ST_679.jpg,Stable_Mindset,True,424,169,RGB,6f21536dd99f179952ae2a331b081fdc541fde1ab5c0757729ec19c4712ee813
C:\Users\koush\OneDrive\Documents\archive (4)\Dataset\Stable_Mindset\ST_68.jpg,Stable_Mindset,True,999,460,RGB,dbf8660ec78f362b884adff70a564cbcc78942bf6faa75d69b1f337e3967a14c
C:\Users\koush\OneDrive\Documents\archive (4)\Dataset\Stable_Mindset\ST_680.jpg,Stable_Mindset,True,437,193,RGB,2549d6fb737e25d0ef349cce2efe4d790b7408517d2f35dbeebfdc68ca59071b
C:\Users\koush\OneDrive\Documents\archive (4)\Dataset\Stable_Mindset\ST_688.jpg,Stable_Mindset,True,180,72,RGB,fde79bb5876c9fd07554e6f419d6a4149b0191d5d3472efd2b632fb86fcf063f
C:\Users\koush\OneDrive\Documents\archive (4)\Dataset\Stable_Mindset\ST_690.jpg,Stable_Mindset,True,184,84,RGB,2c159b1b4267abf6b7b0bbb173f1cc0a47a7bf023e10a447c20e116604ac4db7
C:\Users\koush\OneDrive\Documents\archive (4)\Dataset\Stable_Mindset\ST_691.jpg,Stable_Mindset,True,184,84,RGB,2c159b1b4267abf6b7b0bbb173f1cc0a47a7bf023e10a447c20e116604ac4db7
C:\Users\koush\OneDrive\Documents\archive (4)\Dataset\Stable_Mindset\ST_696.jpg,Stable_Mindset,True,184,80,RGB,2f69c0fae860e92590597c355d773f353b3e0e4602708d659cc7a53eef13d60b
C:\Users\koush\OneDrive\Documents\archive (4)\Dataset\Stable_Mindset\ST_698.jpg,Stable_Mindset,True,172,76,RGB,3295989891fd9ecb99765b6bb12cb50fab2f1afe60bfc3ddfb3a83f5a2375ae1
C:\Users\koush\OneDrive\Documents\archive (4)\Dataset\Stable_Mindset\ST_699.jpg,Stable_Mindset,True,172,76,RGB,3295989891fd9ecb99765b6bb12cb50fab2f1afe60bfc3ddfb3a83f5a2375ae1
C:\Users\koush\OneDrive\Documents\archive (4)\Dataset\Stable_Mindset\ST_7.jpg,Stable_Mindset,True,1490,588,RGB,ef6f0ac34a02bc2b674233e9cbba6c3404f6add587508e4d4a041f66a16df263
C:\Users\koush\OneDrive\Documents\archive (4)\Dataset\Stable_Mindset\ST_70.jpg,Stable_Mindset,True,1003,532,RGB,04dd5c85475968c69176356fd67612dc8056ce4077803be967160ce1dcfbf080
C:\Users\koush\OneDrive\Documents\archive (4)\Dataset\Stable_Mindset\ST_703.jpg,Stable_Mindset,True,514,224,RGB,8dc99739a9680c9d03126507549c895cb56c587af1575aa658fc2909230cf581
C:\Users\koush\OneDrive\Documents\archive (4)\Dataset\Stable_Mindset\ST_705 .jpg,Stable_Mindset,True,443,211,RGB,2851350436ef11771ed9c65934c349a3c1dec2de409470d022230fd0fb6931ec
C:\Users\koush\OneDrive\Documents\archive (4)\Dataset\Stable_Mindset\ST_707.jpg,Stable_Mindset,True,369,185,RGB,89a4e9986c09490b45904fe4428d8b4794b263aa81c94753e82b288782ce6f36
C:\Users\koush\OneDrive\Documents\archive (4)\Dataset\Stable_Mindset\ST_708.jpg,Stable_Mindset,True,366,197,RGB,03bbdf92d6c1055a192dbaa52f6d3fa3aa5ed246e702a6f8e6e33f429d18959d
C:\Users\koush\OneDrive\Documents\archive (4)\Dataset\Stable_Mindset\ST_71.jpg,Stable_Mindset,True,1202,585,RGB,b2e426cdbddc936be4e3a1cb96fc0b35b4c48a3b8259c10a5c65a99c57bf30e4
C:\Users\koush\OneDrive\Documents\archive (4)\Dataset\Stable_Mindset\ST_712.jpg,Stable_Mindset,True,326,147,RGB,72dd3efc79dbac17de84bd5cd9932eeb4407447adb66bdc7c2a222c0433baeef
C:\Users\koush\OneDrive\Documents\archive (4)\Dataset\Stable_Mindset\ST_713.jpg,Stable_Mindset,True,321,164,RGB,d4d7d7461856c5d5ceb6642d3546ca61e951b696dbc9b77cfba630551e2e4f47
C:\Users\koush\OneDrive\Documents\archive (4)\Dataset\Stable_Mindset\ST_714.jpg,Stable_Mindset,True,340,108,RGB,b86057c9f72174539eb6bc5fa9e6fdc09f763f5aae64fd0418e84d4f0885ca5c
C:\Users\koush\OneDrive\Documents\archive (4)\Dataset\Stable_Mindset\ST_716.jpg,Stable_Mindset,True,510,224,RGB,df04c0f331e5a7ec88e4b9dc739e52b47d8826a384c1b29e6f2ca130e1d59033
C:\Users\koush\OneDrive\Documents\archive (4)\Dataset\Stable_Mindset\ST_717.jpg,Stable_Mindset,True,321,219,RGB,54eb23d02b1db0d3bfa743d79a335d643c155cf593cd85459d8dcdc60d8d4490
C:\Users\koush\OneDrive\Documents\archive (4)\Dataset\Stable_Mindset\ST_718.jpg,Stable_Mindset,True,354,211,RGB,fa92870abbf9647f295260b44290b56ee4f98c241c8a841534b213cef326c4c0
C:\Users\koush\OneDrive\Documents\archive (4)\Dataset\Stable_Mindset\ST_719.jpg,Stable_Mindset,True,476,224,RGB,f72b7803890f81f2785d38bd5121dac7832af16ad3b67c6838b9c06aa17477dd
C:\Users\koush\OneDrive\Documents\archive (4)\Dataset\Stable_Mindset\ST_72.jpg,Stable_Mindset,True,1103,575,RGB,46d3497433a2038dd1711ee9aabad9a50bbad5f83316d78406bb3ce000bcc172
C:\Users\koush\OneDrive\Documents\archive (4)\Dataset\Stable_Mindset\ST_721.jpg,Stable_Mindset,True,233,177,RGB,f3e61523b8a4587fb1aa3fd80c802c9c9e34da17e640b155ac04a9f0c5c755e3
C:\Users\koush\OneDrive\Documents\archive (4)\Dataset\Stable_Mindset\ST_722.jpg,Stable_Mindset,True,723,224,RGB,ede25170862f3d96f45b0a909b90472f4bb00df8cae3399d885beef77fcbeaaf
C:\Users\koush\OneDrive\Documents\archive (4)\Dataset\Stable_Mindset\ST_723.jpg,Stable_Mindset,True,574,224,RGB,c2d6565f36c4aea51dfece5737b096a2ec9348b852d63990ee5076a4f244cfd0
C:\Users\koush\OneDrive\Documents\archive (4)\Dataset\Stable_Mindset\ST_724.jpg,Stable_Mindset,True,641,184,RGB,a8d0f00f55b168a6e79083ec22499f097550c212474f296eebfb14be023a8113
C:\Users\koush\OneDrive\Documents\archive (4)\Dataset\Stable_Mindset\ST_725.jpg,Stable_Mindset,True,639,159,RGB,8962d9e3a9c95185dc3a52684049f149b9f1cdc16511f45ff31967d953f7f033
C:\Users\koush\OneDrive\Documents\archive (4)\Dataset\Stable_Mindset\ST_726.jpg,Stable_Mindset,True,811,224,RGB,71b2e8d85b042b07e0f6fa8e789c19ea2b31fa0ae185dbb545140688234f8439
C:\Users\koush\OneDrive\Documents\archive (4)\Dataset\Stable_Mindset\ST_727.jpg,Stable_Mindset,True,382,224,RGB,2e22442ef349070b75ce9f7586f96f1a402d45db6c94a09c70ee5a8a58b85fb1
C:\Users\koush\OneDrive\Documents\archive (4)\Dataset\Stable_Mindset\ST_728.jpg,Stable_Mindset,True,896,224,RGB,0f76f926dfd0270723bae7fb2e60cd900ac28a9608778db7bba1a31cbcd2de6e
C:\Users\koush\OneDrive\Documents\archive (4)\Dataset\Stable_Mindset\ST_729.jpg,Stable_Mindset,True,723,224,RGB,2c6a511e09cb0610bdba2e6b6da9a402e4d1d0e442e0802086866812b059f0b3
C:\Users\koush\OneDrive\Documents\archive (4)\Dataset\Stable_Mindset\ST_73.jpg,Stable_Mindset,True,967,424,RGB,13963ba32957b05195246ac46b1a77e0a23e31e9f9988d13fe301a35f1d7245e
C:\Users\koush\OneDrive\Documents\archive (4)\Dataset\Stable_Mindset\ST_731.jpg,Stable_Mindset,True,723,224,RGB,ede25170862f3d96f45b0a909b90472f4bb00df8cae3399d885beef77fcbeaaf
C:\Users\koush\OneDrive\Documents\archive (4)\Dataset\Stable_Mindset\ST_734.jpg,Stable_Mindset,True,661,224,RGB,82c8ac4a2d68f12365fe4969ef57740123d4c8f4e708ea615fd0777e0008d2bc
C:\Users\koush\OneDrive\Documents\archive (4)\Dataset\Stable_Mindset\ST_737.jpg,Stable_Mindset,True,843,224,RGB,1d7de312d45b0f7091e9d36740fc983e5653e6f4e9ffa1f59c8aa3ab8939cd9a
C:\Users\koush\OneDrive\Documents\archive (4)\Dataset\Stable_Mindset\ST_738.jpg,Stable_Mindset,True,660,220,RGB,13f3e559a3846740fd9806b2c1651a399ac4fe2e5dcfe08f605c6ab1caf89332
C:\Users\koush\OneDrive\Documents\archive (4)\Dataset\Stable_Mindset\ST_739.jpg,Stable_Mindset,True,896,224,RGB,76392565510c33cc59e0a5199ef9552040c7b79822e45375f47fb54bf63fa4fe
C:\Users\koush\OneDrive\Documents\archive (4)\Dataset\Stable_Mindset\ST_74.jpg,Stable_Mindset,True,1013,458,RGB,aa9072eb230f2afbd8ae4f4b023575f293ec170be0f96ee6e9a343b3e9831596
C:\Users\koush\OneDrive\Documents\archive (4)\Dataset\Stable_Mindset\ST_741.jpg,Stable_Mindset,True,668,260,RGB,5e87e4b3556c101f9778ab52609f429528cc208d7cd81ee718625a9f13761364
C:\Users\koush\OneDrive\Documents\archive (4)\Dataset\Stable_Mindset\ST_742.jpg,Stable_Mindset,True,728,152,RGB,e82402df7b11906da50ae6453fd8de6a3bb968f96cb0c0546bcd49286a31d6f4
C:\Users\koush\OneDrive\Documents\archive (4)\Dataset\Stable_Mindset\ST_743.jpg,Stable_Mindset,True,661,224,RGB,82c8ac4a2d68f12365fe4969ef57740123d4c8f4e708ea615fd0777e0008d2bc
C:\Users\koush\OneDrive\Documents\archive (4)\Dataset\Stable_Mindset\ST_746.jpg,Stable_Mindset,True,508,252,RGB,ecae7401a94817e155c6b60e4e6bbcd2577679131f8326f40e2e662208846bd2
C:\Users\koush\OneDrive\Documents\archive (4)\Dataset\Stable_Mindset\ST_748.jpg,Stable_Mindset,True,611,275,RGB,0d032936bdfdb76777f80fd66a7bd3df32e1adba389dec65fc253c132690df5e
C:\Users\koush\OneDrive\Documents\archive (4)\Dataset\Stable_Mindset\ST_749.jpg,Stable_Mindset,True,576,184,RGB,8ef9cec15a0fcc13290c0a8d8d7feb05c9bf4c7cdc5ea439199ca796660d8d12
C:\Users\koush\OneDrive\Documents\archive (4)\Dataset\Stable_Mindset\ST_75.jpg,Stable_Mindset,True,1076,498,RGB,33e2374beedd35194c0f59d2a73f7812f9822c46c1ffe839f08c2605af609217
C:\Users\koush\OneDrive\Documents\archive (4)\Dataset\Stable_Mindset\ST_750.jpg,Stable_Mindset,True,764,216,RGB,9a5ee0306d2e49bc61e0aa21845b0dd76c7bf5864663fc29b0bc2d70f5c05a4d
C:\Users\koush\OneDrive\Documents\archive (4)\Dataset\Stable_Mindset\ST_753.jpg,Stable_Mindset,True,473,191,RGB,ef0dbb75d2695709d936b328d7c1a6379154f20fc176174c1e4ace072877225a
C:\Users\koush\OneDrive\Documents\archive (4)\Dataset\Stable_Mindset\ST_754.jpg,Stable_Mindset,True,696,160,RGB,424d7a5bcbd8e0eaca047bd991c56f9e0c29f253f341e6e172346a6dca62dd4a
C:\Users\koush\OneDrive\Documents\archive (4)\Dataset\Stable_Mindset\ST_755.jpg,Stable_Mindset,True,660,220,RGB,13f3e559a3846740fd9806b2c1651a399ac4fe2e5dcfe08f605c6ab1caf89332
C:\Users\koush\OneDrive\Documents\archive (4)\Dataset\Stable_Mindset\ST_757.jpg,Stable_Mindset,True,648,264,RGB,a89b0538917060028897d1d4260894e9658edc0a89daa92283492fbd68e800a6
C:\Users\koush\OneDrive\Documents\archive (4)\Dataset\Stable_Mindset\ST_758.jpg,Stable_Mindset,True,644,212,RGB,7d24d41003b06bb9e42d40b14a05290ca5d883cde4facbfca61600c3249d1e0e
C:\Users\koush\OneDrive\Documents\archive (4)\Dataset\Stable_Mindset\ST_759.jpg,Stable_Mindset,True,679,151,RGB,d91597f2d2c5cab01d10027b39b62e0e4df9d6a49f8b61757c8f50edd39ead11
C:\Users\koush\OneDrive\Documents\archive (4)\Dataset\Stable_Mindset\ST_761.jpg,Stable_Mindset,True,636,232,RGB,6db68a1fe32c0e58229d504c89b63dd7beba7d380e1f8fca5dcb58680a1e1e4d
C:\Users\koush\OneDrive\Documents\archive (4)\Dataset\Stable_Mindset\ST_762.jpg,Stable_Mindset,True,744,180,RGB,374bcb0df83559c9703a341feeff19e3f265fe401dd91966145036c9e1426d6b
C:\Users\koush\OneDrive\Documents\archive (4)\Dataset\Stable_Mindset\ST_763.jpg,Stable_Mindset,True,482,212,RGB,fbe074367871ffb26de0e5fa36e059f59f4ea37c44c7dfa2ea518cfd53352241
C:\Users\koush\OneDrive\Documents\archive (4)\Dataset\Stable_Mindset\ST_765.jpg,Stable_Mindset,True,516,196,RGB,74e4489582fbab1dd778cf1fb355e7d859a3c8b59d368fd2e0bed5bfbb6b88f8
C:\Users\koush\OneDrive\Documents\archive (4)\Dataset\Stable_Mindset\ST_766.jpg,Stable_Mindset,True,632,224,RGB,f0218139d66d4964e3853dd2c695429c7432e48eeaf03dc1db2b33b6e9455c7e
C:\Users\koush\OneDrive\Documents\archive (4)\Dataset\Stable_Mindset\ST_767.jpg,Stable_Mindset,True,764,216,RGB,9a5ee0306d2e49bc61e0aa21845b0dd76c7bf5864663fc29b0bc2d70f5c05a4d
C:\Users\koush\OneDrive\Documents\archive (4)\Dataset\Stable_Mindset\ST_768.jpg,Stable_Mindset,True,580,164,RGB,e70580573e7c22c95e779465697e5598704dc16af1fee1278e16ac586d0ef24d
C:\Users\koush\OneDrive\Documents\archive (4)\Dataset\Stable_Mindset\ST_769.jpg,Stable_Mindset,True,472,196,RGB,8ef44a8a9ff679e2d97b52748a994e14c4815274ccef963be275f1a2a7e231db
C:\Users\koush\OneDrive\Documents\archive (4)\Dataset\Stable_Mindset\ST_77.jpg,Stable_Mindset,True,1050,498,RGB,7e67cfa7ea531a2e6dcd2b3b63a90d557c47098210975427e81ff4447c0230b3
C:\Users\koush\OneDrive\Documents\archive (4)\Dataset\Stable_Mindset\ST_770.jpg,Stable_Mindset,True,688,168,RGB,0d0a1082c7f38e20e61a69cc9b0078abaf58ebf122a07b18511eeb2ed9da6d29
C:\Users\koush\OneDrive\Documents\archive (4)\Dataset\Stable_Mindset\ST_771.jpg,Stable_Mindset,True,647,149,RGB,c0959c89977c97597423306e5c6a46d51705f962cab49304f773428aaa5ddd1e
C:\Users\koush\OneDrive\Documents\archive (4)\Dataset\Stable_Mindset\ST_772.jpg,Stable_Mindset,True,660,236,RGB,903d0ae188b3aea5cf1652fd1a4352d7ced98ae32c5c903ffff1465d6ab92d25
C:\Users\koush\OneDrive\Documents\archive (4)\Dataset\Stable_Mindset\ST_773.jpg,Stable_Mindset,True,576,148,RGB,764e352fa0d11a656e77960cda9d0f128657aab038a446f05562618cd1a2e983
C:\Users\koush\OneDrive\Documents\archive (4)\Dataset\Stable_Mindset\ST_774.jpg,Stable_Mindset,True,600,260,RGB,fee2b616514068e6379d4021b30bc25d5cb25c2415b070979892b1c635500430
C:\Users\koush\OneDrive\Documents\archive (4)\Dataset\Stable_Mindset\ST_775.jpg,Stable_Mindset,True,644,212,RGB,7d24d41003b06bb9e42d40b14a05290ca5d883cde4facbfca61600c3249d1e0e
C:\Users\koush\OneDrive\Documents\archive (4)\Dataset\Stable_Mindset\ST_777.jpg,Stable_Mindset,True,451,202,RGB,b6571f3e60a277eb9cf1421131d957a8522023dca08cc18331fcf448efa9ea26
C:\Users\koush\OneDrive\Documents\archive (4)\Dataset\Stable_Mindset\ST_778.jpg,Stable_Mindset,True,512,200,RGB,25d729c3aee1cbfd0ee84f24d0147e1e6cf0755eb55728061e0341dade192e21
C:\Users\koush\OneDrive\Documents\archive (4)\Dataset\Stable_Mindset\ST_779.jpg,Stable_Mindset,True,744,180,RGB,374bcb0df83559c9703a341feeff19e3f265fe401dd91966145036c9e1426d6b
C:\Users\koush\OneDrive\Documents\archive (4)\Dataset\Stable_Mindset\ST_78.jpg,Stable_Mindset,True,1121,531,RGB,7563597c35e833484d562dca3f6733b2d0c93d429f6545878a3e385057c8eb8d
C:\Users\koush\OneDrive\Documents\archive (4)\Dataset\Stable_Mindset\ST_780.jpg,Stable_Mindset,True,520,184,RGB,049e11200d9243b24010ea06b6ada718a2781e9e52d99fbff81b02dc238cceda
C:\Users\koush\OneDrive\Documents\archive (4)\Dataset\Stable_Mindset\ST_783.jpg,Stable_Mindset,True,632,224,RGB,f0218139d66d4964e3853dd2c695429c7432e48eeaf03dc1db2b33b6e9455c7e
C:\Users\koush\OneDrive\Documents\archive (4)\Dataset\Stable_Mindset\ST_784.jpg,Stable_Mindset,True,330,217,RGB,762ae8f5a0cfff1ef76585f6657ec6f47af5c2be8d1f9b9ebb9f9f2dec5f1021
C:\Users\koush\OneDrive\Documents\archive (4)\Dataset\Stable_Mindset\ST_786.jpg,Stable_Mindset,True,764,204,RGB,037dddc53130e63076767c38aa9d15240923e108984185c2e11539a4b8ac59d4
C:\Users\koush\OneDrive\Documents\archive (4)\Dataset\Stable_Mindset\ST_787.jpg,Stable_Mindset,True,688,168,RGB,0d0a1082c7f38e20e61a69cc9b0078abaf58ebf122a07b18511eeb2ed9da6d29
C:\Users\koush\OneDrive\Documents\archive (4)\Dataset\Stable_Mindset\ST_788.jpg,Stable_Mindset,True,564,208,RGB,66808bbbba18c64bd584c05a20004be4fe67b488eb364bebe66f114986291f4d
C:\Users\koush\OneDrive\Documents\archive (4)\Dataset\Stable_Mindset\ST_789.jpg,Stable_Mindset,True,585,136,RGB,4dfc3f88ef18cd65d4ac26e6b23395d03693e885406151a79a756d9e261b9a8e
C:\Users\koush\OneDrive\Documents\archive (4)\Dataset\Stable_Mindset\ST_79.jpg,Stable_Mindset,True,1213,532,RGB,0e220db11231ac258e85950a2e54a3d7530dc7170b7dcb263fb66a06b3e66ae0
C:\Users\koush\OneDrive\Documents\archive (4)\Dataset\Stable_Mindset\ST_790.jpg,Stable_Mindset,True,300,152,RGB,6cc6c64d12ae603ec9533c9ff2a093c66937115ae1d1bbd22114f29c73e505d2
C:\Users\koush\OneDrive\Documents\archive (4)\Dataset\Stable_Mindset\ST_791.jpg,Stable_Mindset,True,595,228,RGB,acbe803775a55f888be89f638e4eaa18694d7cbbf3da5ee667e1f3b1996fd6ae
C:\Users\koush\OneDrive\Documents\archive (4)\Dataset\Stable_Mindset\ST_793.jpg,Stable_Mindset,True,424,248,RGB,4e7d1a18cac3d512d8c47a481040fc7582b23eaa728f9b9ac163a4308966f50c
C:\Users\koush\OneDrive\Documents\archive (4)\Dataset\Stable_Mindset\ST_794(1).jpg,Stable_Mindset,True,264,136,RGB,a0580b1f6819f43e6fe7cb365939777619bd1c83d97bda5c8e322591cf871250
C:\Users\koush\OneDrive\Documents\archive (4)\Dataset\Stable_Mindset\ST_794.jpg,Stable_Mindset,True,435,224,RGB,04097618e7934b12382b7e40dc3e8cf6b5bc4426ab1a6b9796a98522f381532c
C:\Users\koush\OneDrive\Documents\archive (4)\Dataset\Stable_Mindset\ST_795.jpg,Stable_Mindset,True,578,221,RGB,0e4fa3937e099b448ebb61aa389992966f95f3b95b89f2ad5968ea4d63cc663b
C:\Users\koush\OneDrive\Documents\archive (4)\Dataset\Stable_Mindset\ST_796.jpg,Stable_Mindset,True,696,131,RGB,b43dc5f1a9feb64eab8e65f13c105ead1d1a67881c88a8391cf9052611581ad1
C:\Users\koush\OneDrive\Documents\archive (4)\Dataset\Stable_Mindset\ST_798.jpg,Stable_Mindset,True,464,224,RGB,21848173a8253d05f7fb087a0983f78de7997c818a457b00a0f4df27ef2f3920
C:\Users\koush\OneDrive\Documents\archive (4)\Dataset\Stable_Mindset\ST_8.jpg,Stable_Mindset,True,1512,590,RGB,b026440912ea677d6b558cb7b50cfa73127109dc3a08339c7f851b8f989fd1f5
C:\Users\koush\OneDrive\Documents\archive (4)\Dataset\Stable_Mindset\ST_800.jpg,Stable_Mindset,True,405,220,RGB,5e18eebd02446206afb5cdce3f2e002291e9d34b65ecc74685581e501ebee610
C:\Users\koush\OneDrive\Documents\archive (4)\Dataset\Stable_Mindset\ST_801.jpg,Stable_Mindset,True,549,224,RGB,528dd60db1b948e8a84f4b21e26ff6150816c8165157275a71a076f671526023
C:\Users\koush\OneDrive\Documents\archive (4)\Dataset\Stable_Mindset\ST_803.jpg,Stable_Mindset,True,764,204,RGB,037dddc53130e63076767c38aa9d15240923e108984185c2e11539a4b8ac59d4
C:\Users\koush\OneDrive\Documents\archive (4)\Dataset\Stable_Mindset\ST_805.jpg,Stable_Mindset,True,276,112,RGB,fb68b6a6836a180c57093367f06ee2c4a4f4fc2db4ee48229b55b9eb7dd36bf4
C:\Users\koush\OneDrive\Documents\archive (4)\Dataset\Stable_Mindset\ST_807.jpg,Stable_Mindset,True,418,183,RGB,ba98dc251175cdd03885c94cae1f3e9758e0931594c0db82e6a1c990537f4793
C:\Users\koush\OneDrive\Documents\archive (4)\Dataset\Stable_Mindset\ST_808.jpg,Stable_Mindset,True,405,217,RGB,55e656cf523a9e424010cc7dfe92fd35bc29c74d44e24a4fa45c3815ea244c1a
C:\Users\koush\OneDrive\Documents\archive (4)\Dataset\Stable_Mindset\ST_809.jpg,Stable_Mindset,True,331,224,RGB,ec2ecf49ac7f0be755c2a0c135396d0ff11f94d17153093259714886b04210b9
C:\Users\koush\OneDrive\Documents\archive (4)\Dataset\Stable_Mindset\ST_81.jpg,Stable_Mindset,True,1300,611,RGB,6df2a2b4ad396743ff245a55c9e68c6adbb44844612c56bd7099c3d048f42686
C:\Users\koush\OneDrive\Documents\archive (4)\Dataset\Stable_Mindset\ST_810.jpg,Stable_Mindset,True,379,207,RGB,6f12d94e4ea02b35315d95216f3874a12aea56db2fcd604d9854d3bba00e5e27
C:\Users\koush\OneDrive\Documents\archive (4)\Dataset\Stable_Mindset\ST_811.jpg,Stable_Mindset,True,442,224,RGB,0a3daeaa3f6c9d3eadd18bc068671ac33e473f67a4d20a099af1d6e249a78065
C:\Users\koush\OneDrive\Documents\archive (4)\Dataset\Stable_Mindset\ST_812.jpg,Stable_Mindset,True,520,224,RGB,069b38b5816e3002e4dfc2b45cfe2220481523752261af540e80a4b072a08c0f
C:\Users\koush\OneDrive\Documents\archive (4)\Dataset\Stable_Mindset\ST_813.jpg,Stable_Mindset,True,414,224,RGB,06fb219ad6c8785562c3944018d643fbf0f5043a2dcdea81da70792b164a9eff
C:\Users\koush\OneDrive\Documents\archive (4)\Dataset\Stable_Mindset\ST_814.jpg,Stable_Mindset,True,507,224,RGB,8bee5172806f2946abd23fff2c3efef145704ed36a2c0cb72006e24227d21235
C:\Users\koush\OneDrive\Documents\archive (4)\Dataset\Stable_Mindset\ST_815.jpg,Stable_Mindset,True,264,136,RGB,a0580b1f6819f43e6fe7cb365939777619bd1c83d97bda5c8e322591cf871250
C:\Users\koush\OneDrive\Documents\archive (4)\Dataset\Stable_Mindset\ST_817.jpg,Stable_Mindset,True,350,99,RGB,4f899c31adc8d4c9aef84bb619d527d903c2435c626a0916fd8b83d4fc858c3a
C:\Users\koush\OneDrive\Documents\archive (4)\Dataset\Stable_Mindset\ST_818.jpg,Stable_Mindset,True,519,224,RGB,f30d28f8e0a6a0905652cd054be707e754721cf86675a4fa645b491cdfc68587
C:\Users\koush\OneDrive\Documents\archive (4)\Dataset\Stable_Mindset\ST_819.jpg,Stable_Mindset,True,268,120,RGB,25836355dbed1c4d523d5f0015c5d36268c06c626a106d280a177e84378fb1b4
C:\Users\koush\OneDrive\Documents\archive (4)\Dataset\Stable_Mindset\ST_82.jpg,Stable_Mindset,True,1300,611,RGB,6df2a2b4ad396743ff245a55c9e68c6adbb44844612c56bd7099c3d048f42686
C:\Users\koush\OneDrive\Documents\archive (4)\Dataset\Stable_Mindset\ST_820.jpg,Stable_Mindset,True,348,129,RGB,ca434e92e7b83150ac229bea19744117784bb6d369a5b16386d933910037d598
C:\Users\koush\OneDrive\Documents\archive (4)\Dataset\Stable_Mindset\ST_822.jpg,Stable_Mindset,True,933,224,RGB,172473f3f74de86a997ad6e7ccc06af473e79b22b120b2ad77cccfbc5df23fd0
C:\Users\koush\OneDrive\Documents\archive (4)\Dataset\Stable_Mindset\ST_824.jpg,Stable_Mindset,True,425,224,RGB,31c5c275fbcb0b3947d2ce21d6c51e8dd8bb37f092692702c78a9481da980021
C:\Users\koush\OneDrive\Documents\archive (4)\Dataset\Stable_Mindset\ST_825.jpg,Stable_Mindset,True,200,120,RGB,922ffbad6480094c0d5390bdbe3a098f2ebe69444a648cf7b103961156d50d45
C:\Users\koush\OneDrive\Documents\archive (4)\Dataset\Stable_Mindset\ST_826.jpg,Stable_Mindset,True,327,192,RGB,e5e3c2f9a94891e4bc5153a4095cd10936ef1e00664336a165cd74255871a0ab
C:\Users\koush\OneDrive\Documents\archive (4)\Dataset\Stable_Mindset\ST_827.jpg,Stable_Mindset,True,614,227,RGB,e05f0e23e91a9af94709f09cd92b02d5ee4846ebfe18ee13e0dd794438f3cc6f
C:\Users\koush\OneDrive\Documents\archive (4)\Dataset\Stable_Mindset\ST_828.jpg,Stable_Mindset,True,252,98,RGB,7b3e5cea11504f56395f16bef7dd43f1f8525fb072bd4492efae79705bfe25c0
C:\Users\koush\OneDrive\Documents\archive (4)\Dataset\Stable_Mindset\ST_83.jpg,Stable_Mindset,True,1300,611,RGB,6df2a2b4ad396743ff245a55c9e68c6adbb44844612c56bd7099c3d048f42686
C:\Users\koush\OneDrive\Documents\archive (4)\Dataset\Stable_Mindset\ST_831.jpg,Stable_Mindset,True,407,215,RGB,8f8897a135be5330e38048ccc4bd5a7c80aa1c6ca095c785e12e6393d3c62a98
C:\Users\koush\OneDrive\Documents\archive (4)\Dataset\Stable_Mindset\ST_832.jpg,Stable_Mindset,True,460,224,RGB,209b291b0c233391cbe2cd11dfce5eee30f4b1e3e8a2801a0e7164dc1842d950
C:\Users\koush\OneDrive\Documents\archive (4)\Dataset\Stable_Mindset\ST_833.jpg,Stable_Mindset,True,270,116,RGB,a802877118b98a7aa05997df3e66b7ca23b0266c2b862344eee49c7926f13b4e
C:\Users\koush\OneDrive\Documents\archive (4)\Dataset\Stable_Mindset\ST_834.jpg,Stable_Mindset,True,649,224,RGB,64d89eb948991c06ea70e121491672374c23b3d8a2189fc1a37dcad04580b15a
C:\Users\koush\OneDrive\Documents\archive (4)\Dataset\Stable_Mindset\ST_835.jpg,Stable_Mindset,True,505,206,RGB,9fdc218d8595ffcda998a34edd948724fde5b07810d74cd620bd69516ccfcf83
C:\Users\koush\OneDrive\Documents\archive (4)\Dataset\Stable_Mindset\ST_836.jpg,Stable_Mindset,True,320,108,RGB,ae35de1459765c9d5fe565a5638404f4132622eee20165fd1a21f7c0bf5b5604
C:\Users\koush\OneDrive\Documents\archive (4)\Dataset\Stable_Mindset\ST_837.jpg,Stable_Mindset,True,520,224,RGB,e0ce1541da987a048929d7e319ccf84f56d6433eee2acb99df61c728b0c74fc2
C:\Users\koush\OneDrive\Documents\archive (4)\Dataset\Stable_Mindset\ST_838.jpg,Stable_Mindset,True,562,193,RGB,e3f42d99ad4dcc770a47faac882d101131c60aa8dcad36dc4d50fedcc65ac1a5
C:\Users\koush\OneDrive\Documents\archive (4)\Dataset\Stable_Mindset\ST_839.jpg,Stable_Mindset,True,657,224,RGB,86f05a36be36a5fed39d14c1f706561dc7ae98f0d43c7f488e42bfa744867e8f
C:\Users\koush\OneDrive\Documents\archive (4)\Dataset\Stable_Mindset\ST_840.jpg,Stable_Mindset,True,289,193,RGB,b07a9dd6eecc8d0961cced225e852c37dabb5eff710d4d3177afe0dbbe7e4274
C:\Users\koush\OneDrive\Documents\archive (4)\Dataset\Stable_Mindset\ST_857.jpg,Stable_Mindset,True,1300,611,RGB,6df2a2b4ad396743ff245a55c9e68c6adbb44844612c56bd7099c3d048f42686
C:\Users\koush\OneDrive\Documents\archive (4)\Dataset\Stable_Mindset\ST_858.jpg,Stable_Mindset,True,1300,611,RGB,6df2a2b4ad396743ff245a55c9e68c6adbb44844612c56bd7099c3d048f42686
C:\Users\koush\OneDrive\Documents\archive (4)\Dataset\Stable_Mindset\ST_859.jpg,Stable_Mindset,True,1300,611,RGB,6df2a2b4ad396743ff245a55c9e68c6adbb44844612c56bd7099c3d048f42686
C:\Users\koush\OneDrive\Documents\archive (4)\Dataset\Stable_Mindset\ST_86.jpg,Stable_Mindset,True,1112,524,RGB,7ef9184078c91fb9049e32a0c1998568b6f3debece2af6d304f7a0d0164fd5c5
C:\Users\koush\OneDrive\Documents\archive (4)\Dataset\Stable_Mindset\ST_860.jpg,Stable_Mindset,True,1371,671,RGB,b9149319bfa12658e5773e4367471128925a8bd04eec6d5853818deb0304b062
C:\Users\koush\OneDrive\Documents\archive (4)\Dataset\Stable_Mindset\ST_862.jpg,Stable_Mindset,True,1112,524,RGB,7ef9184078c91fb9049e32a0c1998568b6f3debece2af6d304f7a0d0164fd5c5
C:\Users\koush\OneDrive\Documents\archive (4)\Dataset\Stable_Mindset\ST_863.jpg,Stable_Mindset,True,1139,554,RGB,44ced87b0e7a19a0157cef7e6e346231daddd4e428267c59d8f17eab1f2cafa8
C:\Users\koush\OneDrive\Documents\archive (4)\Dataset\Stable_Mindset\ST_864.jpg,Stable_Mindset,True,1233,576,RGB,0b20376431aa647c57128b69d983b41f76d08f1f11870cd4d5451e4ff502f3a2
C:\Users\koush\OneDrive\Documents\archive (4)\Dataset\Stable_Mindset\ST_865.jpg,Stable_Mindset,True,1330,567,RGB,c08b49abc5d7d39fcf55d403eb18d8783ca6423a7fcce122b0ece1fc9451a983
C:\Users\koush\OneDrive\Documents\archive (4)\Dataset\Stable_Mindset\ST_866.jpg,Stable_Mindset,True,1442,603,RGB,eede2b866fbf7d22769fc4aacb8031b64f5381df7a2ad93ae88bd639d4312f17
C:\Users\koush\OneDrive\Documents\archive (4)\Dataset\Stable_Mindset\ST_867.jpg,Stable_Mindset,True,1528,674,RGB,44c7a88cfe9e496da76b41a63950bc89fd5fef4ab0c873bf223684a652e106f1
C:\Users\koush\OneDrive\Documents\archive (4)\Dataset\Stable_Mindset\ST_869.jpg,Stable_Mindset,True,1240,532,RGB,01868fddd5b9ed45cc05e6196290f3a58a6b6d30447159646ee463160c70c955
C:\Users\koush\OneDrive\Documents\archive (4)\Dataset\Stable_Mindset\ST_87.jpg,Stable_Mindset,True,1139,554,RGB,44ced87b0e7a19a0157cef7e6e346231daddd4e428267c59d8f17eab1f2cafa8
C:\Users\koush\OneDrive\Documents\archive (4)\Dataset\Stable_Mindset\ST_870.jpg,Stable_Mindset,True,1341,613,RGB,9b345f956d858af9a6b17edc50af7959c42718019557aaf6bf1eee47d328f800
C:\Users\koush\OneDrive\Documents\archive (4)\Dataset\Stable_Mindset\ST_871.jpg,Stable_Mindset,True,1428,671,RGB,2b408bdc030758ad54fcaff8194764ef9de33e69503a764041d6bbabc950876c
C:\Users\koush\OneDrive\Documents\archive (4)\Dataset\Stable_Mindset\ST_873.jpg,Stable_Mindset,True,316,116,RGB,2bd398f9ab1e7b2eac1796eca5d548bee2b7d8a2524e4de6743b115fe0d91476
C:\Users\koush\OneDrive\Documents\archive (4)\Dataset\Stable_Mindset\ST_874.jpg,Stable_Mindset,True,610,224,RGB,fdff4cf8f4f57297910b91df0b69ab29a29a65dacea82818c3e816eaa38483bd
C:\Users\koush\OneDrive\Documents\archive (4)\Dataset\Stable_Mindset\ST_876.jpg,Stable_Mindset,True,200,108,RGB,e37dfd2c433d050fa7297970ed94432d8e71a0029dab6d1146120edbbb3577f4
C:\Users\koush\OneDrive\Documents\archive (4)\Dataset\Stable_Mindset\ST_877.jpg,Stable_Mindset,True,543,207,RGB,47512ba644d9ad7c2ea2933a4ecdc2df3b9f5b5da6eda7fd84f0c06a37920865
C:\Users\koush\OneDrive\Documents\archive (4)\Dataset\Stable_Mindset\ST_878(1).jpg,Stable_Mindset,True,424,100,RGB,4a2e108d11fc243a438c8c721a83db4dfa7c1785f3ce56724b1ba696491648a7
C:\Users\koush\OneDrive\Documents\archive (4)\Dataset\Stable_Mindset\ST_878.jpg,Stable_Mindset,True,848,200,RGB,05c999581dbf51cb0d6078a0c6602f0031c2efebe07ea31bc661e4882272d2d7
C:\Users\koush\OneDrive\Documents\archive (4)\Dataset\Stable_Mindset\ST_88.jpg,Stable_Mindset,True,1233,576,RGB,0b20376431aa647c57128b69d983b41f76d08f1f11870cd4d5451e4ff502f3a2
C:\Users\koush\OneDrive\Documents\archive (4)\Dataset\Stable_Mindset\ST_880.jpg,Stable_Mindset,True,358,196,RGB,1ac90ed8909c278d1da21133e66436a7006db168e0306e82e5e4aab0ce239b75
C:\Users\koush\OneDrive\Documents\archive (4)\Dataset\Stable_Mindset\ST_882.jpg,Stable_Mindset,True,317,195,RGB,7d59c9a665f4bed644a2dd1228b9133fbcbebd1aa90533a258112dd01d5306f9
C:\Users\koush\OneDrive\Documents\archive (4)\Dataset\Stable_Mindset\ST_884.jpg,Stable_Mindset,True,502,211,RGB,e1cd3d56720527e48ea72a1b86bca40b378a358a16180d3d1db125ea1c013b90
C:\Users\koush\OneDrive\Documents\archive (4)\Dataset\Stable_Mindset\ST_885.jpg,Stable_Mindset,True,520,224,RGB,e0ce1541da987a048929d7e319ccf84f56d6433eee2acb99df61c728b0c74fc2
C:\Users\koush\OneDrive\Documents\archive (4)\Dataset\Stable_Mindset\ST_886.jpg,Stable_Mindset,True,268,120,RGB,25836355dbed1c4d523d5f0015c5d36268c06c626a106d280a177e84378fb1b4
C:\Users\koush\OneDrive\Documents\archive (4)\Dataset\Stable_Mindset\ST_888.jpg,Stable_Mindset,True,419,187,RGB,ff47ac192441d5bceb0b6fff84a142d136990a2a212f59c89a0ba898b494ffec
C:\Users\koush\OneDrive\Documents\archive (4)\Dataset\Stable_Mindset\ST_9.jpg,Stable_Mindset,True,1823,875,RGB,35ad93047b23a4bbad5026f5bb9a0fbad71736a0d75f69a5241ddb9e9ba8fb5c
C:\Users\koush\OneDrive\Documents\archive (4)\Dataset\Stable_Mindset\ST_90.jpg,Stable_Mindset,True,1442,603,RGB,eede2b866fbf7d22769fc4aacb8031b64f5381df7a2ad93ae88bd639d4312f17
C:\Users\koush\OneDrive\Documents\archive (4)\Dataset\Stable_Mindset\ST_91.jpg,Stable_Mindset,True,1528,674,RGB,44c7a88cfe9e496da76b41a63950bc89fd5fef4ab0c873bf223684a652e106f1
C:\Users\koush\OneDrive\Documents\archive (4)\Dataset\Stable_Mindset\ST_92.jpg,Stable_Mindset,True,1528,674,RGB,44c7a88cfe9e496da76b41a63950bc89fd5fef4ab0c873bf223684a652e106f1
C:\Users\koush\OneDrive\Documents\archive (4)\Dataset\Stable_Mindset\ST_94.jpg,Stable_Mindset,True,1341,613,RGB,9b345f956d858af9a6b17edc50af7959c42718019557aaf6bf1eee47d328f800
C:\Users\koush\OneDrive\Documents\archive (4)\Dataset\Stable_Mindset\ST_95.jpg,Stable_Mindset,True,1428,671,RGB,2b408bdc030758ad54fcaff8194764ef9de33e69503a764041d6bbabc950876c
C:\Users\koush\OneDrive\Documents\archive (4)\Dataset\Stable_Mindset\ST_96.jpg,Stable_Mindset,True,1428,671,RGB,2b408bdc030758ad54fcaff8194764ef9de33e69503a764041d6bbabc950876c
C:\Users\koush\OneDrive\Documents\archive (4)\Dataset\Stable_Mindset\ST_98.jpg,Stable_Mindset,True,902,458,RGB,add1de23ef6a6f280ab3b44c3d9887d4d9b33d77df46f02f7bbd01f133af69ce
C:\Users\koush\OneDrive\Documents\archive (4)\Dataset\Stable_Mindset\ST_99.jpg,Stable_Mindset,True,934,490,RGB,e9035e577cc1b74fda51b8461bd8c6c9320cafbd430e1b851a4641c7a3332956
